attendance,study_hours,assignment_score,lms_activity,academic_index,dropout
75.32857345471163,5.7860404066022415,93.03122582662787,1718.0007967102133,7.241684152002634,0
65.50047817491561,6.296008253435216,88.72611666876467,31.346301782375807,5.9270766032942745,0
66.98389661065676,3.3272989363330243,94.70670653377871,266.1936558571938,5.986383782001531,0
92.73996428069216,6.032937808852223,57.6528174469973,109.03562185769157,6.096994686451673,0
78.99938334672416,1.717212804353596,28.11107706376065,6.211797742545639,4.178134825088419,1
80.00079713097944,0.2993085409661583,71.66474826804667,3.371319234837974,5.381590846994612,1
80.21368674639805,14.442677246036668,23.05843685640032,57.58921683483974,5.373362908569018,1
45.59736235280028,0.9458015194435304,90.93567253271094,980.5979760478144,5.136843810061599,1
42.26081663268161,9.095578399135356,59.053660959254046,8.727232689820367,4.375963950343332,1
61.97890418366568,3.5998557791091184,38.08094202643509,20.09786273058048,3.9916189374158817,1
95.01169020769936,13.512446684647673,20.84059244175989,469.2871273541994,6.011573613702637,0
30.69201209283139,3.0221243627678755,72.18114206491009,28.55007383276171,3.709602218853727,1
36.29455362787675,12.337337660334722,75.53490105011305,540.7647237091866,5.221945304506527,1
89.51401874984487,1.7760622916151236,95.19933400290708,851.9062129620621,7.040100105723551,0
63.99347412265456,3.358128052997982,52.95303367382005,50.21824162549236,4.509251901233328,1
91.37849143641428,13.671840914635856,38.67263492302988,233.7664875147925,6.299386040368448,0
51.51337572056195,9.876078632758404,42.62761944154413,252.6685772010631,4.453305763945174,1
57.15758823129925,5.457532457104068,74.20278620749018,32.29074584499234,5.074285734109578,1
70.70120200586636,8.58675730383544,90.19387144647855,47.10411796876697,6.4160920129969385,0
37.95810263610706,1.1499327930039316,82.32271607495446,63.17968564188583,4.134588709814252,1
83.75161293594334,8.762142266263714,57.342853969186514,96.9351699903158,5.995031948134858,0
51.87962278621048,3.042134436775235,98.27270181587804,185.12025076665023,5.420139534985609,1
75.22073218265996,5.724735477672848,47.85761600787357,20.39346262502324,5.027228046622402,1
32.28892418972286,12.644609600626362,39.14776274957702,111.48174300968608,3.786191681643704,1
41.64769038521902,14.69345630599259,83.32593723702273,2398.3328908308445,6.834197808534123,0
60.12121226696721,1.666030780055459,27.46487289737038,167.7324371766694,3.4792639741936804,1
45.94645290051036,0.7676458525316077,48.22662715513023,20.54540204072459,3.3716942169478443,1
97.64152262613982,13.108093867357343,41.58382389103772,247.18903659980435,6.587579526812362,0
93.34575860245792,11.683214831867827,69.66777654168703,196.05637733993484,7.090213312205677,0
90.5964039146555,8.166904498245453,53.487806951646846,350.75521156389595,6.220558420742119,0
32.25139476619952,11.946041215416502,82.60530918738532,963.9750961282754,5.444806735875328,0
85.96484255322603,11.067224711237538,23.97305622865793,50.701743768742375,5.289858731996904,1
93.43088581274924,3.6421430249865177,25.07459889891865,332.7453409096659,5.020060372431014,1
79.27533315277995,13.287719691744282,55.07484540286556,1641.251086778109,6.972656200760647,0
46.07987126773585,10.63761409793217,92.23569023295616,344.2553879663429,5.846154661474508,0
58.80049193956901,2.5965429755284,64.52557455666195,96.07729186792363,4.59547985776942,1
98.50507731098492,12.895224052670777,36.68254470432865,4271.37098619735,8.46588733193501,0
53.03321720491536,6.911045175623689,57.30019209127132,17.531494849543446,4.540204715921894,1
71.6870350065854,0.3003521143718801,67.51004458077122,35.134578055929175,4.940385238151706,1
67.50924386235047,6.060989608558743,76.84775952030154,238.88863973762727,5.7313458208277535,0
62.27671688898201,2.844133489694798,53.55390643804878,3624.770665793977,6.194484550567212,0
45.80597633428318,13.755203476260462,92.36515668646992,3.109188017759095,5.980268695600351,0
94.43870763356924,1.126340659830101,24.65068331786232,354.1856972579421,4.80679571949062,1
72.75759892803163,12.379254419840812,24.8892586912537,6.046017143638539,4.897930168414777,1
45.406434510849465,2.044635507512756,50.33457407665469,156.52278372605548,3.6090195453479215,1
32.74992198289502,14.62598702468608,91.27236856017625,505.671022285252,5.763602149732322,0
68.35227044139623,7.211061980931911,79.12764724711201,48.83310994493716,5.853442988134869,0
36.31307019851984,8.466905495367527,69.91749635124827,447.6116809992423,4.620544088514616,1
87.26477960365241,5.440924345615642,23.08252941972873,40.65682472804498,4.747487913663545,1
77.84987068222242,3.52299887432703,90.62140667196702,193.74375338611696,6.28180879157367,0
95.5079593141592,14.911223256539005,53.86388282355985,1368.8628172819597,7.611788591568043,0
36.29377440549376,0.6109966032098835,27.565590028715437,215.86069342240796,2.4477486841134053,1
30.93503275753527,14.20896499645261,46.082015408708976,341.81596851774987,4.211666256466817,1
45.127871092997104,5.0443159089501695,75.56678987343298,337.7886982268219,4.745444479931302,1
56.85951890680138,14.447083350881254,55.3678552733172,22.004582318996928,5.391127040719195,1
81.62735716782457,9.589094187490163,68.78230386847622,720.6529769813735,6.647799310006973,0
47.853798606134944,12.786336416043364,61.41986598107162,21.126670189636418,5.045944900376701,1
47.87789577718021,1.0878671913803832,44.69676294606625,229.899658309898,3.4797552677621835,1
46.72511525084131,10.106000501968458,62.19946616149932,112.36787174356316,4.80177258094726,1
37.45647062148422,11.48081668489736,96.75844586705584,681.1699733389762,5.889678856030268,0
42.759291533868826,8.433519016206784,79.83220148159981,34.240295849809165,4.96580975534833,1
92.50526332511524,7.043940074019213,98.07827388915295,113.12298269358092,7.40351424842791,0
34.18161804845777,13.205845285269216,70.72057626534921,99.87102631859943,4.859402051585008,1
41.61744631111601,10.949719724709364,71.50821482854127,129.59144224519494,4.969711990894413,1
32.59087458122217,5.633205684492792,49.17260641314922,261.33825911583034,3.4728028736505574,1
79.05974116799064,11.461351810679693,43.39816023162893,770.2331083235583,5.995586188898242,0
99.7654764764914,12.463697083800142,54.41070567010578,2450.31488586374,8.094467380474713,0
37.771903215612426,1.791255504411033,32.929035320749534,138.15690244965765,2.7469511899129158,1
80.71899638993912,2.5341578160223595,33.91949993562929,30.249147260818752,4.514885208899089,1
53.618937482477314,4.362342470852874,67.82730177441243,217.8041840714301,4.724712891652468,1
42.37793555161311,9.887471633911504,60.40505732102402,25.111193529303254,4.508571901851047,1
95.93075141742568,6.159676792101132,95.46751406634274,610.4945554201216,7.622470435607484,0
98.31541427741077,5.347567925632096,36.33566601728212,9.311881277640254,5.562099284816924,0
83.53361006440434,7.752543062046548,31.547727446631733,2229.6436995193067,6.177852381939434,0
58.17815114388542,2.460457098561442,83.20556133535936,10.317803748094224,5.074497497546389,1
59.26082390291834,12.75134874268169,69.93083327471619,163.79330446203863,5.825389480857408,0
75.14842327747458,2.852440315529871,46.24751615440293,23903.063413809523,16.63013815418882,0
32.49787812351268,13.60557104950202,82.1743259864218,3.7943268612639143,5.127599172913996,1
39.42770181299666,1.4730497706556045,26.8121096995581,9.305388221222175,2.533429034682781,1
74.43423207364067,6.086041941882664,22.177335959161475,10.467473982230931,4.256527292899853,1
95.13857787538164,8.2246094695035,25.719573388455792,118.598667054705,5.458890597146642,0
96.52957927418709,8.582125256800007,64.39664339718567,63.51200981395777,6.683051003470033,0
69.43378015855143,13.114375963371913,29.57903687534904,442.13622194738144,5.19722801991341,1
44.84217841530839,4.837847092797887,96.25111812117537,712.4384611253278,5.521224620090049,0
67.8645435673935,2.818079003705985,85.56413959578896,33.384541292001074,5.580006101586008,0
42.13332663399767,14.606031291996182,93.9793060653703,42.965833844316464,5.986798293442792,0
40.32493597940995,12.892793883104456,57.50594930527173,141.5335613446551,4.698222087317324,1
80.85465238123652,10.524545737204525,24.285962977564548,343.04535974598224,5.186742238169841,1
44.68378047916775,14.261939355649446,82.59197867217152,0.4973943559709914,5.691553212074786,0
31.54630527952996,14.964172428816838,83.89870428619713,70.17717732937857,5.310319171313485,1
73.81779044447532,5.713075790674399,94.90752342419412,138.2643507183419,6.440377074931448,0
96.56527629919049,12.280783658669678,64.38219064506112,147.5178346929846,7.095914054532913,0
92.55197069014584,9.733786454547907,62.75278584555914,2556.612062437928,7.836347079646363,0
55.848456218668645,1.555001063520502,44.10159729369123,15.575684540866828,3.720274116179966,1
95.0080530863854,2.9656652492580187,64.08092173436106,144.4660048278191,6.09154930282596,0
66.04164999313883,10.376298437993666,35.77731246285711,1044.4568278311583,5.274843631326212,1
96.0597143650141,3.4324618206516355,73.82777331416067,1502.7347877943555,7.151835349987726,0
69.86297651936356,8.143001309462715,31.30074502481819,857.7939031043398,4.97673849401753,1
30.930925424977456,11.426225468556272,99.63944006664416,3.1942356800438856,5.370639883694072,1
53.67937896023872,12.355040306787515,78.40302622320937,1428.5415476355602,6.4490407496023625,0
38.30517482287379,1.9680268216666772,49.7809615766316,400.1622393663643,3.422519642063749,1
53.84404110399508,3.019747736380229,46.8341962057334,108.98371270854037,3.9152541603240985,1
55.48133074860499,13.820100795616344,69.99700759841778,959.116026169391,6.180731550543063,0
75.83149271610426,4.552517020919194,82.33720279177527,76.69755712575498,5.996976273052225,0
95.52017033326464,7.257847737838727,72.88479109157387,482.50179543797,6.974386217580659,0
43.96323522822644,8.722343754412037,58.39113392623075,21.403811800822535,4.393199708257596,1
73.66607388938623,5.320457515582237,63.14271433519949,44.581466142714405,5.395260870261015,1
41.00204600849153,11.816016938252698,41.79653044561305,873.7350974731888,4.512446996269917,1
35.77928765841696,2.8651559943554705,79.96923473729782,12.638994844829888,4.123083645313575,1
78.51679985717803,7.818140483489493,77.27488593714821,36.98391891066471,6.259224580205849,0
49.15978187488562,0.8047316224924872,34.99799865957342,1715.71220943125,3.954660501747501,1
58.34459219903872,10.96656278139002,65.10578353610447,216.24198724193243,5.491734465804651,0
99.80224002467176,0.3597452599292428,24.688723855961765,20.131454188311302,4.778791569752803,1
65.28778398212869,11.198420461386355,20.6413493117038,198.27210481215937,4.449729937180977,1
95.66201991959728,4.638184463676764,82.92699455515447,189.3817792049693,6.872799969408686,0
54.97662163121999,14.4639877325579,84.83102530024486,407.60451127010464,6.394196653146988,0
50.85975111556722,10.700407393790965,51.89648974648044,58.60123719635796,4.690626094994378,1
38.08816399257957,2.923657997371119,55.503669596232825,586.9709317508916,3.774487913202725,1
61.63998517183275,14.693230724423676,27.93423400273849,560.8818134483477,5.053390406122006,1
98.4552198422316,12.888679565699526,51.74047792582062,217.6581162704821,6.888120146169076,0
62.69051902122924,12.886109604895031,47.63350291575446,14.642619329563406,5.2325581184760885,1
32.27096402935865,8.381399326412675,34.56785833273842,1869.9784887449732,4.101003488170252,1
75.90657193205347,13.87866852880049,84.22200558404363,1901.902521826186,7.901741158596589,0
31.99875313251503,2.135895097631508,61.30362467943356,1447.8100024001114,4.056553376646814,1
51.11948014825779,12.027854308889165,34.01648883351942,48.03891236028621,4.292078758004954,1
98.46677820057144,7.081158618700915,88.30990444089826,78.0550424956036,7.335111644367699,0
35.41466064774839,9.09258897920522,43.831803224607874,195.6344655483677,3.738616653342878,1
54.08797581544897,13.834522654306976,41.15761117480192,218.2024497691067,4.890800858177268,1
30.154819712392296,13.29178367910288,47.148927217464006,93.52224722678598,3.996600096543293,1
78.11692291671079,5.673985895848493,20.031324918381596,106.84933075992048,4.346439919184689,1
32.38159529611167,12.781076797323554,47.92736432925181,3.6593017637188296,4.013022072336236,1
49.36153771678753,14.449436754204347,97.14817815215422,1871.472005732992,7.269586531523058,0
31.26143856039985,12.047105715173002,58.481863978350574,58.521963296684206,4.238885014932153,1
36.38433937381557,4.3468078505918415,28.11155409719396,2456.4727004096662,3.961637333132458,1
97.03985941775034,11.64820707663321,60.52602729838881,1.9117071727998585,6.863151756911399,0
92.16543981677152,5.591608149875775,37.21436379222244,13.865361737583305,5.369142002293903,1
75.98818519529178,11.503877844051065,88.01828674812187,99.81035440541665,6.880368971863142,0
98.58256462393742,6.012367105698383,21.775153873004285,1023.324143839144,5.709455983637036,0
62.24992092991863,1.2133172540043635,22.068649906901303,378.21344578177934,3.4624947826951105,1
35.274434451819545,6.336275388067105,27.77758791139585,1507.1184636028067,3.6314917860227713,1
86.32824553070297,2.306426086256222,95.67673476250262,7672.854497816309,10.390501721636976,0
74.5722635333072,7.084506422418688,85.43282005184335,5266.975718393829,8.887813644326371,0
79.29318793106214,6.542038258591537,64.38422473655766,23.533596376351152,5.769224883386545,0
98.19623827852458,12.86539051374154,41.74613053534902,1632.148908910327,7.282846953030771,0
75.86325783381685,1.6098144278648008,83.29235443051691,2524.452086989048,6.956508432549185,0
77.58720928218303,5.744496794143478,30.921910844394844,109.19497580020682,4.660192863933617,1
53.46396404591918,14.485543944460314,98.83814787240712,245.61634942960364,6.675065567169814,0
85.74912944616462,6.21575235137306,83.04788190654993,186.09912672614,6.636026433543458,0
51.59815620331805,3.323550387987251,46.39790269473467,715.5607046837607,4.145998720115367,1
30.1685512427773,14.199101224992836,78.34487136454572,1668.0990848320762,5.811047855562785,0
97.9460302858248,7.317087572454453,46.59033667787214,92.36280948009448,6.093441473754649,0
48.91249454272223,6.223663251090338,35.052561015261915,233.7382539697806,3.747312064260671,1
90.7494385437186,8.214864746491592,52.1209815595809,68.51894575431439,6.049352936062488,0
64.00696121456228,4.045549893249218,36.84025710568637,2361.2406191778664,5.2506614606669375,1
94.31424790286532,10.600756175477878,76.55862922008009,146.12214483115298,7.20246548268038,0
72.50470561837727,3.627456848928221,49.51752915510406,766.7825193518879,5.131851043956979,1
95.57212154409751,8.78937526317968,78.45299720767059,41.063182280497,7.0759438954522365,0
57.3467294418918,14.850694745865171,43.17278510657936,1200.9009483658394,5.67457267964249,0
98.48941425169554,3.447947436339571,60.38557149462464,187.39392430898317,6.1896354206950095,0
88.34714588700005,13.4055878433107,54.79313901440722,42.8317583789234,6.539654669432751,0
96.00022345578871,6.310616142136903,94.2979124604263,305.4941618677919,7.452755007191923,0
96.4121421887526,11.937352042554425,34.769744978533566,10.042384550045014,6.098334433436577,0
77.43260630826923,12.982899539401531,97.87480623715923,3799.453169097618,9.231564977934507,0
55.60804351602565,2.42672278629678,61.69179533784198,646.574144791355,4.6410349518016405,1
52.69936839308423,4.386051247345299,48.50699299701511,29.4557999614444,4.016517550349075,1
41.6020405155878,4.876272856565488,38.65464937047514,14.665022870608782,3.31868089882962,1
40.12407822741617,7.8218227332760435,56.55079222372999,243.4541652741628,4.205396251773232,1
30.07633115630516,13.157496323530884,52.20280172040901,278.806437477071,4.224290148956101,1
37.05406239961503,14.566380444213989,90.48048586437817,22.24477573966621,5.664337504207178,0
66.02464828882675,13.243284726226818,86.23529969749981,147.5462337230561,6.626146511962274,0
97.84873830041698,12.035669842268495,84.61619624701632,80.7616053709695,7.696383206339504,0
60.65372195913561,2.801764046593553,38.91281767623637,183.20138529519744,3.9653105059594695,1
58.22946745302639,4.422095071446394,27.568439628999315,3.210653270871175,3.60004672077111,1
68.85361316904289,1.695147487921682,60.91232142359122,219.6670834848504,4.8608624600040455,1
61.46221653699613,13.425322654614142,26.996683990680896,1540.7940660808292,5.3813184797021005,1
72.3178880208412,14.194044920767729,50.704712647962886,878.786095356017,6.272654440027315,0
63.65082361387712,13.017982824661187,87.3010856507504,460.8580273048125,6.697292810196122,0
41.86623328306027,3.819853741265006,58.84329028763899,873.8263283732983,4.25884657826473,1
45.27477695428303,12.47860601705496,85.34525243233982,128.87075136703612,5.68364462853053,0
80.75826563963165,14.766813241587355,70.0879884217843,9.414035033386678,6.814358619914223,0
32.072156453349535,0.8208132571780119,99.55836325151768,1113.544843895771,4.908490903345198,1
73.82817377017192,5.890785563834723,28.35674544584082,1.7032322907854405,4.393759486710966,1
55.836079081676914,10.017097681175123,49.6980912738853,253.59984552647717,4.852895592364387,1
73.5260175445278,12.982130352190216,56.44102198776524,682.1923050194542,6.273580549142817,0
56.72602398782257,0.0083462625830788,77.09815133988072,47.29895863114074,4.606469605283203,1
64.94973920560304,13.818126784486342,38.032963922806935,85.78249191915393,5.163682410316541,1
76.68881574983106,3.023256581681337,83.7788375316972,46.899180967710905,5.906693004596149,0
83.66455823884836,1.6375872077940272,59.86440059849703,926.6370192882804,5.769591577932388,0
48.616525825148514,9.58856001464389,60.347504070843925,453.9807611281742,4.940932537159734,1
83.74323680157516,8.0183110269262,62.22904512212979,509.0958662169467,6.272979861527994,0
58.43106229304958,1.543634124473957,36.13999530339838,1142.1941835195146,4.146902855031088,1
35.0639664577409,0.6496149684918318,94.77854098352528,239.23945409880315,4.430496111713979,1
43.11163463315033,13.709485468984852,93.73292566035629,403.5562016911697,6.109179802880771,0
62.5464090604352,4.398223168564535,21.567326182872197,108.25352842278558,3.64282522897142,1
82.23572583652111,7.089809545171391,89.34646334506036,13.621148959017264,6.685614462809303,0
67.10380768392727,10.81959679988065,56.55131603195216,5.730936714860032,5.465516936661151,0
44.9230313351358,1.412365364249879,91.02252701762684,858.7363549541492,5.0982017778363,1
53.69148151882425,11.741554924390146,63.190885489065295,20.972780480913368,5.2280277081044,1
64.68200223533563,6.4109839019180646,39.32508287799123,15.307613938263472,4.4157847729141,1
74.43106376264376,4.787973080607194,73.10973408389496,13.872239536403171,5.65626800085152,0
47.90291560473359,2.387283969384832,73.75799564989661,35.3843163624222,4.3852770488059365,1
49.90029736306769,8.022674200716079,37.32524394239248,46.71331716877865,3.94139329145048,1
78.65286810495684,2.1649520196196423,70.52685408099317,343.09008806907747,5.649960592624572,0
82.37713126044666,8.859408101604124,57.17562776112872,85.9431414921138,5.939266464158197,0
33.21384481052124,1.6403817240621554,71.11959104524988,167.02743978126486,3.7096934160751935,1
64.52829000949087,0.5723243773245246,22.91715578732301,202.8512711271122,3.427304347295334,1
45.1027892039096,4.9319532849986505,86.34293662009009,351.26646856790467,5.063228229542903,1
60.11565996209932,9.769867578952946,35.10721540168363,188.9171035314532,4.529288170195503,1
38.022254504835736,12.8055295135553,80.37055793285758,91.80819545213436,5.258463967260755,1
59.47857495678285,7.800196421164508,41.037086697615976,125.36978370299845,4.452960133167744,1
75.77793741124518,14.266478959813828,65.83752026752178,4.917035697004843,6.435349518305346,0
47.32462954078349,1.427638579087508,31.32442125905856,82.57108864690224,3.016767221635298,1
80.3535398600931,13.318364138360948,83.13175078882466,599.1971821797933,7.339529122994454,0
53.9637433390608,1.0523145366423692,72.84439225935071,13.57634237998139,4.45590112619718,1
63.9421935788583,8.97785430711045,84.4324228468046,2033.642067323699,7.005266892931364,0
58.42740204539167,3.977114245763999,31.714371988029573,703.3332508927629,4.037905291479335,1
62.88880200944612,2.080148122269086,93.2785892008899,3.54742283778005,5.52369828005034,0
96.49521387725208,2.9003317038821668,40.47503166607605,231.35536214002343,5.479770356530593,0
69.67502027629693,7.633105880295583,89.06137916759337,182.85218738603027,6.313578867802252,0
35.95963243629084,10.450320706403105,36.52853699483768,485.1337306261739,3.821840343250161,1
87.49666067456792,6.657454749933577,42.046451672702815,1596.9449192091747,6.225477911761747,0
35.90643935879742,0.0813222258823059,30.648077055525903,932.285285185954,2.8299747511988818,1
94.9551530839559,14.44201668715406,75.80208014594027,11508.644145837345,13.27079226937052,0
32.71788425515728,1.6879294487883394,32.19875074345603,255.36893859551745,2.5711553066865647,1
41.48736043699685,12.7166203780048,75.32982027661845,33589.22535837227,21.98566374276504,0
92.0090052397136,3.9036305469555552,63.66767986951257,1255.9793203161523,6.6087433205275525,0
41.57483755497125,1.4541766828872638,76.50812280524877,26.71877201920879,4.117014240654644,1
85.39843086357313,6.953409455971129,87.9171140985301,8373.800848894007,10.935692027542943,0
62.63495312884081,13.997066334848006,41.66185689934412,98.08369054919665,5.204002310893356,1
66.80399778991627,6.865427218060746,60.06350733687236,1116.3102534344478,5.71876298022612,0
67.69457724573644,10.142429322035856,29.072243553808164,11.554027232128288,4.599970342263353,1
55.6753739571798,2.392941324701185,94.2780084456449,56.45655385658978,5.322877621054952,1
37.33839323130037,6.346634653652557,36.91790109897816,595.5871779272708,3.533529816550251,1
42.65060622388267,10.704479117971356,44.03375491079142,23.061818505659826,4.109015717329015,1
81.6122273947463,10.761034632695631,84.82907460775873,131.41374355666818,6.951171669070511,0
78.71472753662366,5.787113968247936,22.329504699334368,371.431095973561,4.582901187256551,1
80.7763062300714,13.924711411035336,39.72668734179323,78.59038555710009,5.854619203338737,0
90.54926620535704,0.7791849855252236,39.90608494587973,31.78036494536525,4.91296187761588,1
83.72140162544825,6.297804029003755,35.772541347508,1.7571588993742715,5.052691287793233,1
93.86565484038192,2.0405013426270564,45.5918614127456,10.45607236056606,5.331660206440634,1
41.01810281692413,2.079428038031002,74.23955315535414,24.592177294209343,4.088149599787794,1
98.8214626778081,4.57096356611644,75.29052308660914,693.5915534522916,7.015466333048388,0
69.78580549094335,0.1624273560823907,85.9543398199622,14.45397528327495,5.393532137486476,1
92.84931626358578,14.489966164817426,57.645841957064974,410.39526082516176,7.097542156149704,0
33.726178583542904,2.405907353051948,90.21158594970883,317.32030668628425,4.454645610481318,1
87.01435456280038,14.841952434980913,42.32023050710272,170.70254614862654,6.319727614297501,0
71.8798463372868,0.2556710687820385,67.36120708588919,642.9235470056987,5.243058946449201,1
54.74021304591992,0.6427488816284138,66.75024091209188,433.8675511165136,4.47332441292065,1
47.080124802981445,14.51893154096399,26.6484030402761,0.4621875830624832,4.134781331215471,1
31.725652384091685,4.346903505239266,77.29111298510598,676.0075158822834,4.360453593381915,1
94.54678423225604,3.890414334544489,29.02164123924276,3.0462862728046707,5.043085183058375,1
47.024669827379135,3.0546169113567707,33.868198240278026,479.2724824435807,3.4421306726609737,1
96.16700652908902,10.20778951158984,51.21693510637783,20.091944727767466,6.414013237877764,0
90.90072177240964,3.5101690915159605,94.3849775431408,213.9434181736804,6.925566815429047,0
77.79547649247468,4.776017177684219,21.16613641883695,500.4560530404173,4.474632896552727,1
94.14029497453238,10.485359524040248,43.9847576902779,12410.49896391715,12.338939964052232,0
39.88550034963008,8.993638801454265,97.87548258885484,7.746782414889663,5.434921763003719,1
34.91364283872939,4.404148102423919,92.00589735575508,4796.505826201908,6.9953903575651735,0
32.19870039489391,14.496005201386568,51.10725937180887,677.3632920976858,4.609447963137523,1
49.19530589037095,12.306080583000012,54.87606749005168,1259.904218548801,5.474654427890791,0
32.064630168382564,0.6191357078902354,71.79619571074497,40.74622363617223,3.518757760664761,1
89.57801338666789,8.837017182431033,92.75295202602308,70.07340461766668,7.284447516799344,0
68.26924427983573,3.4854359007526425,28.871063716242205,2427.0290182300964,5.158959781871008,1
35.62096230809069,14.393379959732505,53.53842134702227,148.849374447071,4.544753815931082,1
53.72708052754834,14.667317710678956,94.48680989110574,118.9101618104707,6.509874369808236,0
88.58622270468858,4.810904914977757,26.83844640691631,37.401013344334125,4.848393298564975,1
96.88852390537824,5.482188622683418,76.89513338105722,13.726985372006062,6.737477312601191,0
89.16294481733141,5.966969705305228,43.00129890565628,30.26094559977912,5.468384203193358,0
94.42079509124402,7.309020957456235,71.28424159826798,810.094203631842,7.051308249159344,0
79.9485045788814,2.008685560730375,83.43242474997544,4067.4190852873817,7.935491024371248,0
43.63661332658691,11.035005114771613,86.70214849051887,193.4980028945868,5.546778500703497,0
64.80278832898506,11.188702365243806,83.45821179507115,5.5282460829886775,6.217492246577411,0
36.47772321403304,4.01471692154614,80.90326037200745,807.3189092560613,4.691337886504189,1
77.80441435529238,5.504394510414193,27.62949546966197,14271.038691671682,11.627020235178817,0
32.860180481410794,0.6395291926627417,50.63339999478509,970.5993396785736,3.3826618082055457,1
58.21108165678513,5.665796198062508,74.6965853594932,69.46179819957477,5.170651345962239,1
36.03504396837859,6.9837403294261655,35.149061765508655,569.1025439657869,3.478798916625913,1
87.906043112569,5.601766848402029,87.6202525070983,617.1577931330789,7.0136048811224505,0
65.3230841395829,9.320483226398212,77.43911803957928,142.69184275494365,5.939491150787988,0
91.16598683343491,5.557327827411986,95.45149587345568,54.78924157995265,7.093311753072243,0
75.31503831671988,10.097538779611895,28.271055804362213,30.740552444807275,4.885857360983255,1
32.580576641677794,11.31176614963584,68.62489138510458,4.523796022016239,4.495408320194842,1
37.43830793832546,14.396217677633356,93.61095846476084,75.4050171950674,5.783185347836712,0
60.88613272136085,9.989377361783523,22.617243909334302,160.89235091365975,4.193346537769646,1
61.58123736834881,10.601109457419364,23.704627557662565,263.4012582396386,4.366199896325585,1
67.24532711783414,0.7298174444919758,69.67297973886022,4939.306094884559,7.32263726877065,0
99.05450847006011,12.417983779121249,60.69872833851307,10.980861907791937,7.030430997823817,0
89.3599653848355,2.740258022206008,62.63848434193014,259.3363169716748,5.857247106357762,0
87.86798979931513,11.059710044726016,62.92590513353464,127.26085849836326,6.572098179700427,0
83.5698067795336,12.694145904859033,52.92535211759721,2485.633415694072,7.442784133042198,0
35.598628980421324,5.754113949140398,66.23390698330962,8792.842135311803,8.382794831286084,0
35.198529487562965,2.4335214824106672,70.81156273069348,352.7258986181,3.95200315897344,1
99.8268360770029,4.272260589457363,62.14980246019357,558.1929333091063,6.5638900424862126,0
91.61489453170148,1.6129458166712884,97.20304705364484,1226.830341537045,7.355396945313057,0
66.8528014101246,0.6330749384569417,68.95204408704039,5366.087786891138,7.489024766307459,0
31.54539163430095,5.618421193311807,45.74096712268293,23.07813919801024,3.207425867982712,1
93.71245239816976,6.34560172534518,97.026779513244,89.21031910365926,7.338466813410458,0
46.40839671098391,7.046303464199503,81.92095275664443,43.66785790082763,5.040428726509053,1
47.26478653846273,9.782474692833548,54.31858074091602,36.306164408694656,4.516549435253692,1
93.88407397681996,13.221611423834718,96.29461704492888,16.668592177816972,7.974696908893045,0
93.78700485987152,0.8779059761497526,54.06664472020468,5.660206037952028,5.464100236634952,0
32.529714666303704,8.838528855640789,28.1182104147165,230.29840832153909,3.143736988818491,1
75.01979173986467,8.61827725057193,34.29613037338376,3310.1268524210404,6.5465667320638135,0
70.18486195540342,6.075996967902559,73.75893076767534,9.637565028589826,5.6325808805509485,0
64.93197760973771,12.424985090067096,58.97607819953672,190.10952469630124,5.704114721730471,0
87.52914112626829,10.170802340477255,85.47611978620338,4.778926076420056,7.084918935722768,0
64.22059575020859,10.12289108515122,28.78261099017614,34.01041287423872,4.4615964746658685,1
60.71141808763845,8.50038399792553,71.65398808098233,426.8278270425861,5.641528679248854,0
99.18233800517572,1.0598665525855462,96.22542698061456,311.0607996757806,7.115573384721912,0
37.07876595700072,6.887962473744779,69.97044962231412,3194.558604408727,5.868339676528294,0
99.04958776329067,1.2842124711425285,54.06933148098161,340.6089048011763,5.882789154475915,0
40.98357602787212,5.103088102779107,67.17005954771362,15.435976174081356,4.172471625911244,1
76.36714710667098,12.405649020053238,94.83542319960226,242.45653214008928,7.261541748330275,0
40.49080400907654,8.813117727510884,74.97883252422386,17.435866820958875,4.7590268422513455,1
58.62325876083548,6.923193287187647,32.79374484963469,58.37767887087601,4.050250864076663,1
72.61402558469209,14.708432210013388,78.98016395735895,7317.905609139528,10.403761967679554,0
55.49336337733836,9.883661112082626,66.52102404886604,9.394113955678948,5.208428424745618,1
44.88134724244844,8.745849131692434,47.27087345977191,2750.573881594822,5.463251947457749,0
97.60615224134278,14.628932453897184,51.88152839199774,37.00713713464394,6.942088755370683,0
87.16336300555518,0.7164338139533727,72.5710768946089,529.0562674388267,5.999838342175225,0
49.44544546288873,0.968821335292906,32.63644522664383,604.4000369330663,3.355993327310688,1
31.324298415016,7.165999540147869,61.11502018386547,120.8561543430424,3.863450573302912,1
44.3252134429041,3.5256596787799364,37.51050160502308,4811.058006646653,5.656418557068177,0
34.78805032900157,7.35179742950858,35.35057879996923,3747.8791499982967,5.061158695109146,1
85.6362907348815,7.316868125631843,50.62234421773599,15.906496795051272,5.68376201688805,0
98.3688464723406,3.313110360245167,73.00107415637308,584.2687290418652,6.748231484130266,0
63.0357342195228,12.17987220063286,43.27886606661884,9317.921159722931,9.69674315070423,0
61.253781811701685,2.2173453318088527,86.3270643157633,763.2764957380713,5.643335982990887,0
71.71867712212669,8.597801160514164,69.81833419392763,59.83347536119081,5.8529939644349085,0
74.92434034495017,6.40573322404,70.63310907792724,706.920536018061,6.110000476548855,0
87.89379112425715,10.895775862120368,83.01341441778075,108.68394858766716,7.150073638009578,0
48.85026975818504,4.198369620310859,85.68186247078485,170.83510047588976,5.029721176719978,1
37.73414831713799,8.198726814862495,96.62330222048,5619.5650490752505,8.037720205323794,0
77.72579685739109,5.643257472675237,92.71989825951349,562.515595055996,6.73621236687657,0
62.311291480974965,2.6289397794961533,34.89936578724479,56.47619426797441,3.8305647079399447,1
39.691288872984416,6.556720330239092,23.4910512027996,216.587351414029,3.0563487997342884,1
89.03328304199451,4.691849259188385,29.28925043638952,1269.7155047172698,5.54405151304894,0
88.69971293227925,0.0379853060045454,50.23082460314442,106.89554390746252,5.112159557939688,1
84.4746127265274,14.186777271262786,74.13778310826257,103.36731182459351,7.073479385347548,0
63.72864542079823,8.039005014206095,99.2847965926036,143.3486841149025,6.4032645580880985,0
35.41290318508165,3.438997853418845,53.04707066265831,98.94288925119892,3.401299477250499,1
34.36404666622576,11.583297738224672,81.65448930782468,82.2352663051544,5.023643952858816,1
96.66928949043502,10.78675287082876,60.69858990223924,122.61562245661597,6.827712374995762,0
92.20678969937914,11.795760476937025,62.72743300163044,322.2075808594764,6.910774416147519,0
74.14599093202597,11.326082990016312,62.95606002076866,19.51787310567366,5.996888673458567,0
61.28941241589942,9.817851433825997,25.69035385628939,175.76509273930293,4.291954802076909,1
37.20524907859006,8.458455099129056,21.767448370882175,876.2274167915612,3.425192632578754,1
57.21035821323272,7.663390705362115,32.87865036592126,370.0452368551004,4.226135528470708,1
99.2464325951498,4.554250042662052,77.25172513780618,1220.8486688919163,7.353258396652341,0
75.33764094380862,6.865550764374589,72.63196668498367,2253.9743691375834,7.006006899308106,0
97.91765240742902,0.8185538900351824,27.93847340323813,67.49584698771046,4.870463610891679,1
74.89940053749112,1.4351944808699202,76.51731857550395,21408.017425168196,16.139023739435853,0
34.12489043454153,2.867316826952504,93.359609560419,3920.29174130186,6.412661457540411,0
57.53661906334169,9.854613098187562,29.55068124700364,74.99366637981902,4.210943342952443,1
62.57593504917453,13.503043978359658,95.2152996520386,229.5691176010312,6.824585348164621,0
96.63538548557894,10.396198150089909,80.30804500761099,246.9902339459597,7.437771701633458,0
80.90974589846228,13.698758582829814,53.93073861888705,2752.974889620367,7.600675297598268,0
44.12143498899015,14.059707767379727,63.73342513027973,34.45158918310134,5.100056724797521,1
30.06798894857985,11.802369212837975,54.03626685016864,82.37230992930117,4.045230639696701,1
83.38471284959073,7.403039366253105,46.53668825280347,54.74376715520301,5.499164981770646,0
41.70714335938135,10.15480988151094,71.31488813137695,3331.814215582356,6.489120474258835,0
80.94713886046458,6.893988590044996,51.39951804131964,25.842447312937438,5.48219117831914,0
85.05806205623483,9.146808923855714,83.61435765563974,1060.5850290885553,7.355726618848434,0
97.42167280959998,11.368523839205391,76.24368815742974,3.304036563172603,7.322681959309017,0
98.2684200576264,7.598584430199824,57.84505515959581,51.46659188309007,6.451680196054458,0
70.216082131246,3.471527096520666,38.485130908718446,849.6136381936924,4.735156741260306,1
34.821719235047986,5.503161652966763,65.28755666220144,463.7585952100473,4.133690932169663,1
82.14841977892158,2.99823999465543,50.57549652164276,14.422148663389716,5.110236760603383,1
74.37217517789523,3.4164651763233413,38.840331295249406,4.486362359922941,4.483986644785587,1
40.58074999897813,9.271678613081292,34.63826220876683,492.7977293023226,3.835944592181421,1
96.07921797899998,2.5040421314983123,99.64404590631828,443.2734626536135,7.304531040826185,0
37.676764904665454,8.460731621518,62.38744145405846,12.123634006987864,4.230828818963666,1
72.52901950702358,2.430961299353568,32.137865776082194,34.78004529582725,4.125782906146679,1
63.33463671007471,7.423614166844283,24.64310202831461,132.01501686574386,4.081047454369727,1
30.72480082986884,8.5981076617399,40.49126733009036,14.798111884413853,3.3109398752136614,1
69.78337795598758,5.765653323196917,39.53065269559006,5.065941588466647,4.55635300222113,1
32.02527689444948,7.275624110922444,99.24548783766156,8.312451551098333,4.99009434777562,1
36.55318232254311,9.377289721157029,83.6847692592922,145.71403091839974,4.983256358255393,1
68.73342904798436,6.065266757493857,90.18983474307043,161.7154292987356,6.142416594610242,0
67.2589503572978,8.021835725150641,26.799614126826448,593.688405906418,4.593374213564979,1
78.32914754198359,14.794021041008564,92.22569349299766,537.3248834360292,7.648001252288145,0
88.49565693591313,12.072086183984045,82.12600123706495,38.05320244210567,7.229841534167931,0
88.24277111988648,7.906773883687441,59.18018379668457,1027.573060445072,6.609580277287277,0
55.66058268006958,0.9435492857458287,38.82203215571933,25.35723799271108,3.498117819445301,1
54.51312789357699,2.3303303832219453,53.61826184902518,422.83830442616807,4.233525161749114,1
86.673292468726,10.791424426717407,66.81962322440268,775.4209206168908,6.938373298461307,0
83.47262026581299,6.36223218546663,72.23052251805817,427.33691657056,6.355712163006208,0
58.09348383042341,6.540157100795324,65.45454175963306,75.1414824163184,4.97896205729362,1
81.54154306304369,10.751731436634053,56.32418540719373,1155.5486153539985,6.604334736077964,0
88.32816522768843,9.858181969416314,81.7873711927994,126.6452925958734,7.035888588131086,0
73.45462779051435,14.86747171440727,63.57890501645522,1191.24085813341,6.927919862621662,0
71.82857108571855,2.025217205871514,57.52845642007868,66.56840936798599,4.834802461302247,1
48.75393999569684,13.804040011383131,70.27807122110373,185.3119816656582,5.531559728432128,0
87.00567649792588,4.08248065198659,63.29152563212054,30.49680615258538,5.802469297155604,0
81.65537469969006,4.0662959570859165,37.97258847260632,74.53012110657784,4.849287298427673,1
62.55066313534751,1.30034218817588,97.83971774297387,147.69838513168074,5.641101469086545,0
72.00648647364162,11.045480067922554,88.92925345842986,38.00352826768244,6.671686833624657,0
30.97663068615686,10.644692889730292,99.60002656807036,34.720437686913606,5.308895532304872,1
91.8920414379394,12.373788885489455,44.51464100125441,359.4809744537748,6.428240263331041,0
37.65657720039602,3.804737250295249,86.78720562079711,3036.337178685243,6.008521571011901,0
95.85272681232809,1.5641091914195304,55.07965785918401,3750.4982397706463,7.518158847295919,0
32.04053800863584,1.0779800783290066,23.04594246526357,141.66157468171167,2.151628589477097,1
80.24590232391495,0.8558532281113129,55.92111784653264,718.6005933765782,5.332355247851997,1
84.02332234719748,4.107803922807078,63.26710675093474,1062.8060320099817,6.20112950470164,0
57.20691823079424,7.492726262282166,33.25718819344946,19.504266673369923,4.045017134600155,1
61.99918356817591,10.982202410975772,50.43626215401022,379.26693087702046,5.28090891388343,1
66.93849383850284,4.130984840256041,48.425039949208646,424.8692285671682,4.755824050325561,1
62.68814757365298,6.678910970248183,35.761109535235136,4460.2930996343775,6.478396835845181,0
40.65732119725179,0.0705260475414992,68.34224709132928,1523.1748185704175,4.4452002746693084,1
88.20113926327156,0.2968573817175102,27.08561169935009,778.9699670405317,4.759784643203382,1
91.80231298465168,7.818999178483953,27.73233693858524,3.9520220702759983,5.287938556427158,1
95.27041965391048,11.341261849520455,58.06529110687756,926.3322050218414,7.150067806825711,0
87.69363430239736,14.521366571405594,79.07525641930704,964.2249044926788,7.814252174062005,0
95.46429309863848,14.558202762171463,92.91563164730256,1837.218103090009,8.980470001126767,0
68.51976154726883,0.7351683942004894,74.02432608816885,122.56605851351348,5.096320113212624,1
78.54323486760345,2.9513576018993906,41.53789840410423,564.8785453531923,4.9654413796938,1
67.20483324904336,3.465712179924803,57.24460968056128,796.7947227921502,5.150500199767128,1
36.23640906670524,10.40037595380476,35.739701378873605,255.67004918172395,3.689520024005756,1
47.46429825346138,9.046979533041744,85.24678729664542,231.4012609239336,5.476374132803959,0
53.589245321775685,4.951386501946645,62.78103935218037,26.63034213175811,4.535454814696982,1
76.38177327235985,8.522095729457932,63.73582518458963,58.692533557705765,5.848901526156729,0
85.7199146703035,5.395621703348795,73.14160649596165,28085.7246883701,20.20546929621092,0
93.73114712303008,13.050503440453545,77.13598433507022,21.508694027828277,7.379130106032577,0
72.94362108578488,6.285409426160417,38.85883301916218,278.8781667165539,4.851489859980579,1
65.84876058555292,6.139839894697418,93.32516323804896,236.42253197511215,6.165900576020884,0
91.0567019176645,7.668108878234402,78.22739864150807,119.92239207507528,6.815862119812801,0
97.72318818630612,8.061840281521429,92.4111354253519,359.53808962800434,7.667214663178947,0
90.92972713470188,7.206078971499138,67.32697741906824,3785.676398665974,8.270444504443024,0
55.90706679073695,9.745492995374628,82.12364638310356,599.5317197825648,5.97430722255133,0
66.16557466983798,7.077745911996554,74.76370117698313,24.653368644544376,5.6096352976249415,0
43.43409263156258,13.751797856499598,44.72273129236744,959.9083744963142,4.934179616931643,1
57.25504346377649,7.917996352438726,47.55157797839026,7.838811793765815,4.512468119043523,1
79.35628403049509,0.6101650636614969,79.24308613385682,4178.191195130374,7.701656049166845,0
84.39155728854234,11.598403783825152,34.69794172261636,478.58127748601527,5.815731560345708,0
50.13690310065303,14.169801848623214,51.46461393805563,1066.5115510039957,5.499650502532109,0
31.80435481506313,7.547184487134131,25.52318806598141,16.638889044528963,2.8009077278176453,1
53.13718539011323,11.621616520024428,52.03846502921926,3.941899937994452,4.850773968452546,1
49.86492897312149,8.120675291214534,45.9411620430792,297.25641043092,4.33352775455415,1
35.39330665560904,11.993588865117616,43.54511697329544,122.42543091737744,3.982657377393674,1
40.69567742823513,11.539326976763876,91.78678674569348,180.09424742217053,5.625410520887683,0
57.120077575485695,8.256725116097739,20.301955470429096,33.443358845194815,3.736255958164672,1
56.77349726121456,13.358257101020442,30.240896168235167,168.982019818424,4.598483495506893,1
85.47675419280459,12.205572835278344,32.57952039946172,131.1924142049883,5.682609270326365,0
54.58023484052724,8.222774590241558,82.86690309699168,15.132494407452285,5.499060192758723,0
53.36854076446383,6.821033950119436,98.01766833501328,194.7617810205996,5.8547559661511945,0
46.98849365459962,13.150792059619832,51.79669390645388,2520.3284190801146,6.008683978879642,0
54.94515645981902,10.722123176669504,93.47172916961262,99.9244531385904,6.124132677717386,0
75.85035731097861,14.18439615002923,47.53678213509568,1296.3362575626804,6.526725500276278,0
59.81918050557063,5.865258212192312,40.14556334491623,12.71516853146876,4.190017526055278,1
53.12516174437579,3.2451068083391488,50.40187212685544,16.188241797464457,3.969667435313343,1
35.03122361562351,6.551087890331724,28.70086510377797,465.887743956229,3.150327558749567,1
32.36619429188687,3.97871234538602,34.44901594818263,59.88292303886295,2.755930946178987,1
62.5495877839897,10.098673809913963,75.28524108304404,461.8149233137138,6.001315586499162,0
52.05828638282805,12.526792068917675,49.0106548449019,8.104036857640207,4.809382325980766,1
30.827346142472443,3.0922399553539144,33.857761572006915,1666.4510190286326,3.391276197908813,1
87.75219469116345,9.436964753657051,74.40752633242288,382.0202092015903,6.877020157585725,0
71.91291435657959,9.469024646353342,85.80853625805575,82.99750007223398,6.439173876676308,0
76.4660362022006,9.870410742333034,67.01038985326457,356.7265659253078,6.234357500881919,0
56.5082883195013,3.0865813965304687,75.26506548686969,36.887224791325984,4.845385249434852,1
71.92871343845992,3.880827495512596,22.43536026762479,42.21727195086579,3.959400731093833,1
61.073066715616,4.121121154108568,84.63249543281646,23.162167219095927,5.405590730629538,1
58.81055117518955,6.782253727324028,29.145543333587447,3.0833593710385574,3.906555399433128,1
55.58255514172732,1.8161653392896573,58.51145778333792,22.674940091035264,4.171599943143714,1
45.87077535400542,14.257189134636455,66.74910707355053,73.3649895921857,5.299705634626472,1
60.44189438776247,12.03064023952498,38.95777184571509,233.27746213429077,4.906111685901595,1
88.81997473948104,4.897481517777839,53.69004106731231,1191.7729299580578,6.249134838355423,0
44.9048045199356,6.166593288147753,82.29836562730475,402.6953604980178,5.083150158680351,1
95.06584203774052,8.554529838897713,74.15218474728982,92.73241787869378,6.929018416757433,0
95.67035249581356,12.499885838631418,30.828827577137623,306.8246683136059,6.155079845166616,0
53.09423601552012,7.544732471051757,46.15655793491769,27238.27107402692,17.88207496278697,0
92.77684283518042,8.918408367889791,25.635992682215907,3466.5000112283437,7.105244336276845,0
86.28307683969624,8.572967655295688,95.86166071941884,522.5776455701053,7.4457584834850365,0
54.4510339929104,9.56520964033999,47.109662325163896,111.34368251841924,4.603524034764541,1
77.72454766393304,8.322019471309225,63.791275288780376,232.51471931794745,5.971179472010629,0
67.22935543474833,11.654536696330013,70.52145610502131,13397.6934243456,12.669118282346377,0
42.42756812429239,3.19952480030776,74.39025376086602,55.92446736643721,4.276725051511671,1
42.21744367285976,5.389498053729783,42.74230084383249,206.34314615981137,3.613088150682249,1
65.51033747415627,8.653240033264558,74.06268135006995,97.30697677636978,5.75627143118299,0
49.71846631894405,3.6754735328884607,69.36944400347298,21.28454077451109,4.448011596538053,1
94.81701936603736,4.1255839596084645,31.433942600941613,115.04045978583872,5.205777678523509,1
42.018739673813386,2.745329404363437,24.94020146063007,247.67693623962063,2.8273270393275918,1
43.11212817861514,13.177583953338264,40.58219754212884,90.77590074029936,4.305097399112447,1
86.59056347470596,2.5762445319802025,62.22451128668603,918.067900403158,6.047016280988419,0
97.64309809479457,8.45698366936466,61.84357355319922,697.4076498310542,6.955433322239752,0
41.24308334498148,2.5300014301542646,87.45017280692824,3.548613924307954,4.528002967984686,1
34.96464653990361,8.949814114019777,61.80545636869452,69.71369267804526,4.1825878103979806,1
79.05555701120046,10.473815286650028,54.72955834989294,155.48983838102393,5.929235478800321,0
74.6023377847585,14.525998100838772,37.52627901897024,2059.6322223870525,6.592297803236852,0
70.05229394122591,8.031009465213506,60.0120959264143,110.8675081691493,5.460989336047391,0
86.57045602992461,7.460797624977406,42.605050008418736,230.139182028616,5.602119094961595,0
58.39350937571282,0.2086781946990151,76.94407081127424,495.0341191940167,4.912447378433651,1
76.4440621702788,11.0384043758634,50.65469270078337,127.7156473256538,5.74510152908382,0
87.21704603068417,9.47301467111513,56.88843053355533,63.80494230741102,6.174538695499246,0
64.78384296150918,1.3255559442958615,98.50525373428228,3581.912495864601,7.470023172850722,0
35.94016073099558,2.5467080562381077,41.09540685619325,128.4025695727788,2.9893407253358206,1
34.10183774076785,0.3041818634881887,73.39620751427555,925.550294716288,4.059153068765943,1
34.34148706616331,0.3981118930313815,37.200136341077375,847.5056167819342,2.9532275705729587,1
93.76414020583609,3.016882112644785,85.76330954334705,17.86037715451585,6.634083294375591,0
79.84383125344131,8.363452029313189,72.50485025156875,607.2685655852993,6.508878243408684,0
74.27024940596027,11.678465337925086,62.04033093804922,249.42718324198253,6.124580029793388,0
66.21089913286933,11.291280194852236,32.02062296155269,2.704341811790981,4.739534844552473,1
44.86209716062672,7.820955086656961,92.8284055894988,2435.5814173468398,6.579222271449149,0
73.93911143504462,5.013286277894819,54.06005443072929,70.23247903594256,5.115810957631116,1
48.223939826154506,7.140533746980405,72.19717527662664,373.6191928771989,4.995735822481619,1
66.83767055132802,13.705960047241442,45.76673078848947,101.12418152353666,5.467666841193717,0
78.21164776756369,11.376059448929956,74.87012182880414,363.62713912447225,6.693989080021904,0
96.89732032609088,14.53553106417893,25.129976289766915,319.0837891669393,6.242887102738005,0
59.34610153477621,0.6369209004165582,28.160058512327968,132.21444679627902,3.348445130200683,1
85.32159323584764,7.765285002550318,99.60593230850418,541.0918198517428,7.448116108869935,0
56.748279961890944,5.791361747537583,51.93067733147812,269.0687873086018,4.54152208682804,1
49.091237785418045,13.763420610159114,40.85350763268208,31.816074197002365,4.581504838511596,1
48.740379845614974,7.325599354561504,26.239622880780225,344.6660195466447,3.6416968254774784,1
73.75903236862747,9.01552810979965,20.558243882240017,31.85911822830837,4.484590981306418,1
68.36892992905697,1.6038805879683653,22.18223598492046,234.48421569826087,3.67785444335586,1
36.4989470829214,0.0929122526862763,74.72277121438562,63.70645357486788,3.7427854718044857,1
64.08049584534541,8.252983989147026,40.15273531518066,968.8944295562504,5.077547506962064,1
91.7242458137436,11.717272930055335,52.96846351149017,3.226789510924289,6.4313644256554445,0
88.32736785031346,10.097897377809216,87.00974937548466,111.98188032263708,7.209167873219318,0
62.875682036285006,14.396464736692552,78.16834862242675,566.8748203838448,6.58316162398538,0
39.88314104169896,11.64900546485501,90.56041004529536,99.57322537523464,5.526825102199938,0
66.98253121922772,9.465867422592476,36.47199540502263,410.0012315392124,4.925048468948642,1
80.35786488136614,12.723324654262116,22.844275006662063,10.82545473545134,5.177388038248445,1
82.54057987671172,0.4112295610474692,63.5868667568954,65.01753293565007,5.282860920347903,1
58.8075581600818,10.583838340517811,35.25298933981611,69.69858571039391,4.503125133504733,1
92.21197059358788,0.8976308491077201,94.43370167420528,212.73231412531615,6.717619115943105,0
92.31505698565029,12.49122821836921,98.41636235345058,74.62469123624292,7.931528317484571,0
60.55342143658064,6.192141126788175,81.37937137052513,6.785524856645253,5.486124873686119,0
30.158165562835556,10.086100842725116,42.25297407347959,26.319070763074915,3.4956854643718582,1
45.32308249733088,6.603840718633459,95.07820320241886,1.257560280499417,5.326282247969397,1
37.66847177045268,1.3068643240760205,35.90036197082662,4.828714663217579,2.7168505196821164,1
96.93307380773844,1.0334924699559296,82.32183918003045,23.93836258361673,6.462296555997853,0
76.18295102868203,6.5802112568794096,66.79867899915064,68.6104709980013,5.743604772308742,0
76.92605693498791,13.278798363304167,28.99585492971737,776.1079989382138,5.662851761090561,0
91.13408331921042,12.439578648156624,74.60399134153879,24.744139240202625,7.139813007450345,0
54.44943744591063,4.273567248743829,32.9699311270253,24.20046404189312,3.606532388542514,1
49.09265653404494,3.3171207739361,54.07387574449953,126.99890076394324,3.981134061472365,1
39.64059460128419,11.859036717038942,76.34548490179972,2115.52119590385,6.119652600761179,0
84.36681356745214,7.307593547783528,37.09826820955637,326.8318310496615,5.381795859287961,1
59.22200176971974,9.519003940094532,25.478844450557148,205.9163107982328,4.188103953714075,1
87.02206618454103,7.751957618305212,67.67341602117122,2622.9390175744543,7.597750398634527,0
92.87989375839598,3.7638787424362254,59.43090955420939,668.1073244969533,6.20856457345422,0
97.77154018737234,3.6695321547556894,33.36930264633719,1205.305854152856,5.881546829437006,0
39.3656631950689,4.277132043178525,82.82036449598272,184.4870251789321,4.579194179589556,1
90.2848748927243,4.865663340758684,96.3428015685487,25.820178398448952,7.001155466040527,0
94.3441268230168,4.441956254774782,96.61876492954872,98.68069892016722,7.165863995744696,0
99.6228070457424,0.661475824624006,65.214563511496,58.59613607788552,6.036794837675919,0
75.85286482011708,12.880279380835171,90.9446591126568,88.292395525248,7.094628502030528,0
75.29043733366527,4.854438677204117,29.17003824285965,740.2302400806669,4.742277628393145,1
39.42314362923989,14.045367014747214,43.887300137270806,30.08159429891079,4.313122247911896,1
59.16166814294871,1.6467218644306008,26.949795257731488,26.611612736253964,3.35293857626108,1
66.77131673150735,6.798323295451967,29.328452660814182,10.205485607254577,4.235641321433544,1
42.15573965240355,7.708542815827391,52.31123933787728,269.0272178269576,4.160934656728679,1
83.357422793937,13.113721644495868,71.23312062263736,828.3711688019697,7.196848279287173,0
32.529953938733584,3.3249251327544487,32.441297979382895,3.012465289054912,2.6084358428508025,1
45.27905430421106,13.511072043899013,59.54891709958709,2965.173430306025,6.431323604698969,0
80.64840901792263,6.517892541213656,84.1422594326344,41.005208247742125,6.422496001941174,0
42.246022876608734,2.522280880783414,20.06195127671037,1551.4336557922768,3.3196443693401405,1
82.9735703076093,11.679384658061975,44.53867610726863,35.727719649115535,5.8409054211531855,0
97.7961736200558,10.100051010403654,45.29693877812322,6.662293826858215,6.284091356099723,0
72.01731580871947,13.81255004118803,84.10970946748324,13.897992765350033,6.792187916874754,0
77.17242369236354,10.968271805313456,97.3904556884071,17.156719682822068,7.114016158719511,0
43.27463643961728,5.547179894513571,97.69555041835396,132.81175885369618,5.282975839013515,1
87.1898575335146,11.44340011975072,27.68208364587228,6429.40844500413,8.67710104519389,0
85.24922494796995,7.500596101527799,49.339303384264674,12.483761908717227,5.6464495905538765,0
51.7537692592722,14.442303096097152,54.930770032377794,262.9485070556238,5.293778434479749,1
87.93028186546688,14.92079278669448,57.69293690793372,111.76038146327213,6.795958851257772,0
78.78906589414294,13.07048706995343,24.311636938938435,377.17354253925663,5.376547222198842,1
62.05029834937804,3.091731406453077,89.90923905661015,54.50200640602785,5.515713249521747,0
45.126402024962005,2.376537778094867,79.57189164723064,591.9993226933942,4.725866269571584,1
76.76722881556212,8.17577257769041,67.52823240506191,167.54546996437998,5.9978861175255735,0
58.865846539869736,3.842679359993637,51.38857881618443,139.98861795609974,4.350553471057736,1
83.36979739330877,5.22107367295653,80.02936576292362,62.51950748666394,6.289039989659044,0
30.05253125380611,3.879808122134508,45.912086592908985,0.8935111906381683,2.967891415748284,1
88.63163170252787,4.64256104894166,36.22531393142843,1376.5227779722998,5.784542179924283,0
91.04765048900462,9.637649587210484,75.98638712968156,177.90847200863908,6.974216828176,0
69.70438908207757,1.1644179657149816,86.43524042868148,596.3246730625041,5.795836909246297,0
84.0821431821249,6.250160083459556,48.53106922795056,334.14944324499925,5.611308534091968,0
54.75919676178916,3.179584590153498,43.39089963256263,11.930273863358464,3.816018455395474,1
58.59941717189902,14.922135298150064,75.7840803631345,2.522470494894244,6.1109738628324495,0
75.17198236840133,1.0431702895806017,31.54694950836963,2072.3864802135454,5.093798049051975,1
36.98868303596382,6.658425278831017,76.75257778045372,32.78517066885156,4.464359768069692,1
71.59133466407621,2.5360977966811253,49.39191322449571,5085.954180890205,7.141997653411135,0
67.69979178211108,7.75498540485221,93.82255328009408,524.0240169934272,6.5601788186692,0
68.3843351253162,1.08099885295496,34.07894384860271,308.0700617802596,4.019876636656355,1
42.2353268261849,7.090340585203738,22.475674627764324,10.93715022263693,3.0781859455120184,1
63.80720590517517,2.55591030066971,84.84416969509587,272.4047793320386,5.4894067467928735,0
37.41166723243046,8.54896869125838,90.14914118804506,70.43302420059653,5.091054306164707,1
83.06555175507881,4.090068710307142,77.12423025964269,58.58397576806529,6.074647836907181,0
86.06188486069306,3.378098950753184,90.14307962476812,988.1042100596014,6.978629783275886,0
39.956694538316654,13.762600918339064,73.36395247085491,1.4502912521281168,5.176171593118284,1
84.5462183218516,12.261291113331136,97.94529445638106,1263.3432736694283,8.178008314733322,0
76.46500005022631,9.337449047294168,96.42249084794936,25.186112825107017,6.897612688589503,0
62.29251290845872,8.164406839210194,57.87935027494715,27.681352523348576,5.058362384769457,1
73.21390394033574,4.791957522158669,94.716982363062,3360.7078651888496,7.929615313315582,0
81.86354349179103,2.4016311193423974,76.47090742778008,443.2585868968928,6.03046136788773,0
61.33426937679661,6.740531659584113,42.05748242694382,520.1894432437123,4.649243135460447,1
62.6819179739988,8.174694784593532,79.67018841262018,150.44452384566077,5.79007411172074,0
30.090136733400477,2.3096710060344434,45.14806052286551,483.313241916241,3.0306710065835487,1
46.17675659821561,3.373878532588268,49.29355699091192,774.9971577555762,4.050763405792597,1
71.03963623995125,1.7564853803228893,59.86851991168684,99.60598484503151,4.863092577403459,1
85.77512232168546,5.727152136163028,95.63060943861024,1626.2299983558378,7.685753388819946,0
99.66073535110404,14.06725800000115,58.3093147141977,400.7318912803937,7.342800601110405,0
87.60783004244527,12.704884999512164,66.30724233365213,20.285297836013815,6.774161620576598,0
59.894892519856974,4.845120102770457,63.66969297623203,155.29335084219198,4.868045175779381,1
82.93222221768485,12.62921828118891,81.56574015121528,610.2131786040839,7.332289510664786,0
57.10476229150706,7.241680105855714,67.8261936353941,1093.7876390724891,5.590038130843922,0
88.69944088983792,3.923646262544422,46.335169116319605,5.682286512468996,5.333238478593782,1
31.647033637787963,8.389285885759138,57.95612510762959,1044.9691754017324,4.365978275017187,1
61.14886509747825,11.007196031213288,37.56288101938775,3.133958602132274,4.675127616903158,1
33.61820784403054,3.849156712117715,89.28829158084102,277.6576591958223,4.547121561996135,1
46.15786571246889,7.795306236501098,61.00685978228831,71.88345239714502,4.491992771816087,1
55.51695399682608,5.2797103785274215,67.2879759636139,23.23020322748299,4.778903578247944,1
40.344966787270565,4.223301403561262,27.88317251239624,199.22899688134837,2.9722384856595103,1
83.99592575775424,13.768832389735548,54.52641842896698,15.431688985782037,6.380228666645625,0
79.34279912939552,9.336644063680188,99.78675163974792,211.3450463019627,7.206651443887259,0
66.77675297342347,3.685515975816247,90.57649595886866,108.4357333164156,5.811134461942832,0
31.40866166017865,7.353345157625053,94.35704456111492,2439.219047034752,6.042001842520476,0
97.06250547833449,2.969283528695378,86.82526255043499,101.49117407507504,6.834932035553504,0
41.135768108262894,11.368608381216166,88.63454855410703,25.90503666703993,5.454280537408864,0
46.80316021982253,9.292363263204374,52.18373129191325,1012.7188674340985,4.873234107587786,1
49.50312290083862,14.871611098620264,53.66845994511189,686.7766990963808,5.420728173797119,1
91.53885963919232,9.336419501708042,96.67415219577772,3.5943378762224363,7.497218070549939,0
41.05692283111393,12.775616143932362,21.985121073749696,119.60309567195677,3.639193707686263,1
78.2238874769833,8.993474247061755,54.61687991882715,24188.81607120678,17.76121735695371,0
76.79554744128274,2.0717272678769296,47.07213613029598,8172.595756509955,8.77745658660286,0
40.44667966513326,8.825562823802526,31.82570551746028,189.81620271371108,3.550102735866248,1
70.95241537736887,6.728071987979453,58.37906946757758,355.25287646943985,5.439902336154747,1
68.34515319099204,12.480502897062577,70.79177296316817,924.5073184065318,6.56786326544425,0
47.112455343715325,2.230033285900332,81.7411981361113,470.6580142140306,4.795066493529,1
89.9954124483277,0.9589199901840452,40.621663238937735,124.79632528279669,4.976756556761043,1
57.59785057020636,8.573677965648981,69.03608126938852,1036.2559527672,5.750492233838408,0
83.08150853410184,8.20554906281157,83.70375706762661,3.109700144061841,6.65648280974606,0
84.83067924620913,11.645769153085476,59.45474265377494,4431.461584293364,8.557177156916843,0
51.41786404421055,12.91444955561679,91.76148094083486,1923.3653553585016,7.062686623234398,0
38.13198032632933,13.14940209297654,88.20318363930708,523.2627444444581,5.747946303752269,0
98.80564003331716,14.375376591116892,22.541519890027768,16.076233541912877,6.0740469739161655,0
56.55578168841605,0.44370275099196,84.81380978302901,793.1637788961598,5.2475977255747885,1
71.8147880437971,11.530271791768136,83.06539671882277,1003.7511267246232,7.019456165855692,0
36.95548292760237,7.193075987625999,37.8878019601304,36.48403801801047,3.3524029936796125,1
79.27526540219773,1.6385955086565214,84.61282396592364,156.0029102408636,5.951256341051702,0
46.46588994821982,2.35066037976613,33.097832397450034,4778.626731383923,5.475949973520867,0
30.24336799640554,14.658795961499424,56.49228874090517,143.6326688502624,4.44219931265845,1
44.568610465250096,8.175331676641509,78.98163339609485,12.420942906873,4.975937059610437,1
80.0468529229305,9.310645628212129,87.89756711516829,1278.240633847337,7.40898601011715,0
72.20403029323745,12.227265769901017,75.20257019326338,78.57924778365067,6.406254518409327,0
78.25188174798136,3.4691793745099746,24.603749594110624,145.9950454363801,4.288103217911761,1
83.42678922329611,13.228627933626102,78.97928503749863,1279.0979768874024,7.6688619018631154,0
82.26085142888212,7.367148003855879,82.59766579114468,2858.6526903878757,7.934405176469151,0
56.04032991059891,10.563246214631889,49.6618044668348,314.7659775388348,4.945174940661607,1
50.33981067797632,8.122196948604484,93.59872948722548,3765.444475152554,7.516496244172543,0
42.0942969218118,3.4941868595516667,98.938602336072,267.0418351211099,5.134869550470354,1
33.91551540525362,8.708117583477845,38.67888326978499,3201.566910133266,4.988582327718112,1
94.94760532245472,3.088859329087619,62.73710657859087,394.3684182398771,6.186087552284616,0
38.924058909069394,11.13057522547357,47.18353415425345,3905.7395731150023,6.038395690095238,0
84.52488641229894,4.528102012213855,87.50054690466433,85.57547338421983,6.501609801545382,0
40.88740430225357,7.613023337122607,74.21012502276751,432.8399521019265,4.839522232536392,1
45.09539973025906,6.121234876909345,24.49505040108697,11.25333097955138,3.1564176544236817,1
65.16299689476017,9.07764445389346,35.13686679924366,1.2072815253081863,4.568993965919717,1
75.35375847261128,6.110274583526368,55.42826404220193,85.69629236453004,5.330873864705411,1
57.33437740127442,6.132171661859558,60.76352278050927,664.6758779306932,5.061835884617557,1
86.79026687097782,6.127108653569025,55.48619927365999,98.15402437653276,5.797984530594081,0
84.9723663172075,9.133890015625765,33.39143141402113,12415.886576512832,11.521969884927929,0
66.90966783035338,3.3984683051478823,85.26467007308825,41.707007143070456,5.595027149493106,0
42.70485822009616,6.651287190287395,78.53372621542516,676.4271383052924,5.0675484034479865,1
40.803580756861095,1.3735148700985544,68.40353032613615,372.02317106198,4.007612212599374,1
50.94020988917096,2.503146511182094,84.3959824503901,98.74355431778125,4.869174297355642,1
84.47048162314184,5.45707003868108,72.7919544134384,0.4926817916189347,6.108531242092743,0
87.19977544107594,1.0480512037179253,64.48729267489732,648.0830213531851,5.851456428938342,0
54.88008413684198,5.236605049546505,50.10441909867082,37.92526715531248,4.24095907696611,1
33.39530951674772,14.397781420372466,63.19198573483091,12.275478849353512,4.677487834176759,1
89.35128448083678,5.112803842328194,67.59258187641605,9157.574570292763,10.691896504905156,0
31.976803506413145,6.587651034983301,94.65281167912268,37.6887287528504,4.796265958504962,1
90.83954171856206,7.619278296696801,57.96511540273266,2.6130504388483837,6.135769485713566,0
50.31885222350114,14.46006688936837,20.776355766806983,257.49060214880353,4.210796751955495,1
59.48542488758774,11.889173442700296,31.229394977614614,1650.0649990660086,5.330248688634983,1
69.84436365331379,2.76112495960384,29.27335676322388,557.0763503686632,4.226625920173984,1
98.52475199533924,1.0349792453240214,57.48526142824899,3782.2786966328126,7.660185195509848,0
85.76168824115683,0.7099313920350159,33.367276993330634,6.267197912844801,4.505612577606116,1
36.51080462576654,8.080092555013856,74.17329101688895,10.873221349679795,4.499076781713557,1
72.75280137510111,2.1908545133433166,20.093517737505067,61.93146190868504,3.762968769417871,1
30.410291291073037,3.262001367646768,55.393949532899725,22.398040266283186,3.215629294527732,1
43.41897111075056,2.4773269650170318,33.184713375518776,435.4294440631833,3.197747664228881,1
57.3422665619593,9.152000571937316,25.33897705643152,137.14359890988462,4.037631830819992,1
81.38959216461964,9.18711759731698,71.6967516463653,1006.5725269307007,6.828484259172792,0
57.731654751178,6.342838451710328,56.47600663165803,69.61700129359912,4.672638734814694,1
62.42685348295714,0.1810978285479941,20.510044041894933,158.34077618943712,3.209655631524652,1
75.42478194181459,5.19003026890721,27.417202532965685,13.954013870191444,4.365487387487372,1
48.672896464918296,2.6111521640332573,23.63136923115927,285.6185408261156,3.0597814223478936,1
39.76563858561582,13.992970305323851,73.48179948905394,726.1677747944932,5.557460446025883,0
86.24611992295033,11.973643996050368,20.611000643564356,997.4265401185218,5.764252485889241,0
76.96775243584752,0.9158487725035336,20.13396575522699,396.4988393071002,3.972563366994614,1
84.76495000709983,7.833448529965784,75.25167530537836,59.229224107282974,6.461107724495563,0
86.06327497446449,12.310207430050344,64.31561347500053,38341.89378909977,25.773967040783518,0
62.46451253145932,7.978915297404658,84.35513252715208,4337.190405318843,7.995721209472823,0
91.01696119165744,7.012348585813943,92.19983571619292,198.1450432517484,7.206980899359355,0
80.46579707335047,12.708639480480178,82.07009916865385,1179.7831939759503,7.541490403029627,0
46.756069879019726,4.40123293271181,52.230924193241606,4080.053473725246,5.917320551091841,0
96.5242229948992,13.946505170524896,72.47837744211391,156.90870648729592,7.508425113355523,0
78.70033761637129,8.629544740251356,40.64255010954803,74.25946014659606,5.267374212039726,1
75.43012740361021,2.5109586127578183,33.3185917543895,18.11388980630044,4.276915654955026,1
84.02493924365609,4.065041106690973,44.776884108300045,260.71449501146014,5.2411654511700725,1
72.64094769142491,2.9248555781252152,21.6071735715658,545.4383468479788,4.119057846040482,1
56.0862750913644,5.330522635043849,40.73867904247616,2714.37910992377,5.355853193395131,1
87.67509221059734,2.701936126455367,39.19238949048661,9.29494773889856,4.957616459653478,1
57.428429443020605,4.291029670174491,64.06530116219704,55.40458350175004,4.675901471355059,1
33.23797804872145,1.035766926985584,95.39878338764284,42.28668551169198,4.316202659032547,1
40.874077391945846,11.464834549611163,72.11756378628462,10.448600140772308,4.950197764297876,1
63.719474556657055,7.441548300755109,86.78789952096737,527.2478829202947,6.160194739430961,0
90.84134635286264,13.638733826499116,28.69879917795089,381.1343252917948,6.049058374748841,0
39.94591220907781,4.613928629272342,85.09269489270761,279.3310490972009,4.751675722620175,1
70.39084483472956,9.9207529848911,28.074944401585284,72.05823044593085,4.685986539148817,1
74.21263009969499,0.3910300587857374,31.16945352871199,297.7831621444513,4.091583396799959,1
55.15433215543609,6.811340157040441,28.57521024967309,2.775844159456614,3.745951531491409,1
89.64507861520019,0.0652907457581136,80.48470109871985,24.817442584773108,6.019281973437801,0
84.65594079191668,9.059758260337116,55.09725343080733,13141.741170437892,12.516001645853546,0
64.04281859192017,8.793227574894585,54.64724610811228,9657.69813950209,9.90930195416068,0
59.23791488384431,13.116850580703774,51.382213014208055,4093.851005634147,7.2695935466674655,0
80.47751293589754,8.75777171412863,96.70143671638832,6512.040918491476,10.251941249586151,0
78.1218335466358,0.7525307371997975,91.21131122973436,1002.1797400557066,6.437555622505296,0
93.68107649314206,7.629732501705265,88.53247023506077,17.075117643250053,7.174727975769657,0
50.398100604951225,0.8745461996379572,64.27175955950199,395.4454623316228,4.229254162112715,1
68.04523410523788,13.959423805557098,81.79661812278353,616.6951426412207,6.879997859769342,0
51.06992822101287,14.700038594194115,68.72141614226491,9.371695392570883,5.579129320224159,0
74.55492026488892,13.734298449486683,68.3833172752934,130.82774212523637,6.472540044865645,0
97.17886260019904,8.43779894715857,93.2476242718298,765.9723545997892,7.911349304178607,0
76.94708616071483,3.2836321304898206,29.22534597155256,1037.107065257185,4.801560571252745,1
72.46584808019918,6.119739547322953,39.37070518003278,29.10381839565809,4.706280942539075,1
94.1942661610872,2.324398150674024,81.1333293065461,31.87829305730932,6.450149487235927,0
83.42929785018976,11.1509444998379,89.40369833096385,41.34921585991655,7.155051921850253,0
98.15676745585486,9.337418169605384,71.69488477019456,24.246153240623386,7.022982134920881,0
44.47598713230576,5.594522885288312,82.12315426538498,6634.598368232177,8.1194855858987,0
65.0171995041935,11.840143032383455,67.04542781109058,4011.571010797632,7.801850623137618,0
49.0381191531956,6.665344574580521,42.05573589385455,41.30794566076634,3.910385273231896,1
91.43329421389888,3.3081759752615083,88.08790935974976,2924.7197514828463,8.093146522616022,0
30.53607377563386,12.14673376027406,48.47426091454593,591.8992064948088,4.186293757736542,1
86.1732789409925,2.651209550117276,66.06675111307943,5.502197409133464,5.696805744748378,0
72.36009096672723,6.149989537850868,78.11125289671344,70.48954371477198,5.887984951212965,0
91.32962595437633,13.872914913255032,39.58198914919935,313.07704042665114,6.384474724189862,0
84.28723948564505,7.891652822582348,47.1797106790477,751.7100741442982,5.951901219127618,0
74.53902834188642,7.494380233506145,40.37498138560676,8409.599797836741,9.147048497512644,0
73.29505818765838,11.57684128588263,62.88567129002111,8.948217923360843,5.980530703756912,0
87.99226313811221,7.744042465101125,80.44163428932421,78.93744746852029,6.746812524448587,0
52.845676319285374,6.060060162437288,70.86982751985875,1170.8209696404065,5.431338379431109,1
37.20509795058476,12.890748496081748,56.69800964752886,649.7776005243084,4.803107857319585,1
47.0779241612798,7.634070743733841,36.13037014137743,3502.910256856572,5.481890273494185,0
30.268579298845214,10.672927523754414,56.83295994124208,189.59018332722172,4.077819814230123,1
94.34651825798572,13.44507500510722,78.86647228735137,1882.6757028545624,8.425700250877973,0
89.32011600176898,1.6109043447302658,98.00033680353452,15.59527969379944,6.6817028184967215,0
96.1131958163428,7.531190408756425,25.54784602253769,966.8982438522594,5.847531376131616,0
70.50346343530775,14.962544447364069,66.44992533852617,6.114982368996021,6.312948233489,0
69.8548229219112,2.862553592681873,47.39405385211877,584.0833246843657,4.794311554050382,1
65.15234116049535,6.809049364381307,62.99910653495141,45.3316542605268,5.199637606036751,1
60.181292912658094,4.991842450435619,61.937022306574704,107.37490130813292,4.818234081401193,1
88.62686581555491,6.701475893359856,35.28566641713972,124.6251320754091,5.336104780510079,1
35.97581018710781,5.720223934988145,26.37120288612345,42.18863954924577,2.823285207341453,1
93.4291910820106,10.448472844376504,81.31329678141998,26.69553123872509,7.234761596780035,0
31.351887068524217,8.797510899949147,58.39751745782279,1806.3019530020051,4.78890307297157,1
69.10294534746129,5.694127195352523,50.24090477848601,8.337427022697089,4.844926390299633,1
76.8596610658054,8.474941043940051,61.54351104543003,90.6952147104136,5.813533485744329,0
83.32004699700443,0.6087334200985844,50.81700005081658,2092.607098556442,5.9644887726927545,0
34.148822592953934,8.401632568141626,89.31676372852584,2256.7262390992287,6.013982191937711,0
42.944259027982966,0.8210205609133414,47.857767707689575,126.0888901434232,3.298649893513052,1
62.81813441840432,3.597011266300533,87.09746215202502,9.7357814873978,5.490218258670676,0
38.70944299613488,0.4355507256432428,79.27451930381835,520.9611261009373,4.230648934574739,1
53.34962551442865,4.926150756837861,24.146804334866303,4.188950892510044,3.353098701753176,1
58.022302124909565,9.1888659716199,42.53744953366536,1146.750593001817,5.089277464669242,1
57.16067132979825,11.242206180792724,73.64077111799537,17.05594001281981,5.628398574817474,0
64.3359606652829,13.889252924496006,87.87100520433638,33.96821052877512,6.615477980455395,0
73.57696591773417,11.70565463300515,88.81199450772694,468.0083694464713,7.012008119964926,0
86.76435235662518,12.74660020361376,95.87278473953084,117.05442367528842,7.679944868649953,0
59.86554101591128,6.969908093475133,61.26826189909594,233.03563190876235,5.046178122911225,1
45.27917731603153,3.9648111955051215,33.66480794414955,632.1205204660984,3.5336527107493088,1
49.77839997069759,7.321969791841926,59.690115677773264,170.63411483233247,4.59935350576146,1
43.34385528091612,9.099054454008591,57.2794730508564,1411.3717698986811,5.067729733112536,1
32.59590636661368,10.0320274509775,28.055424907873245,4481.230188333487,5.389316841165238,1
45.10367364766431,5.120961372495668,91.38694761901858,788.805460020872,5.452254241737133,0
62.3018625397251,6.231133797356059,49.64620793499108,27.08845176495096,4.618118345256819,1
49.43012927932375,2.1498980070954725,66.67490693857988,874.9600965069823,4.629922228293385,1
57.56301857521256,0.4789687327491337,28.513101051713488,147.64700344776102,3.279634149558701,1
30.751732685995925,1.9831094943948109,75.56102438552358,104.80853104838448,3.747615253969218,1
43.23037619767111,7.602163032874311,87.14976450979717,105.49571705084205,5.156672145013611,1
96.84923190954656,5.228682414651251,22.53979946653712,177.5265891059116,5.161794796396057,1
60.07314876354356,10.271212796693012,85.40733097959445,43.33894820159852,6.013936633699676,0
79.49618990465302,13.942074170517191,68.62472195478097,9465.978705859818,11.36578602481118,0
92.37835751463572,10.612280104471168,33.3570482843878,5.979403361872512,5.760063461245116,0
38.36434042093602,0.4828808249473437,61.76652458702152,491.6441313921028,3.681679502638872,1
33.11760525544004,6.168752025586265,25.102125452026332,27.785276651729003,2.708535814662883,1
56.54662374105958,7.161790810363947,81.09489482028923,4.527345695624604,5.413154548135267,1
60.81601598570472,6.040602802194028,28.151123145882195,1138.3082914109636,4.450388759729539,1
87.31427528368648,8.782740105950214,81.24372411034545,244.1774424544256,6.9302454664800575,0
87.10992168261532,10.059398080683248,70.82038604200704,290.0731907446122,6.759984852005455,0
90.41010669002506,4.888766996700583,57.5301137148595,21.85145706657929,5.842110107250136,0
51.05842674852535,14.09439526396655,99.51185231258675,939.4455149962088,6.906854923213376,0
79.86716256952235,11.81819115690611,92.0205893085174,27.212815256096803,7.150729705355075,0
55.35370404118285,13.498425052421124,51.4692091116123,327.821647316451,5.271977763896021,1
62.6846689134028,0.07251901797307,83.95968653457771,160.03599570642092,5.113447252223961,1
68.8793892996801,9.092724381197886,83.31164427213923,211.47848850454605,6.269536582523443,0
93.0250415872369,5.176603738972893,95.66348959525084,4954.730880743896,9.58593216561624,0
47.351680832741614,8.279852086628374,53.18804041500322,57.16094143669548,4.346274125140946,1
67.52368776249082,2.333994987668616,48.00320725070588,11.700178883157896,4.38029331622925,1
50.58451977338992,3.9435119188271104,76.77993943645666,801.5575467502538,5.121908939287135,1
53.70285771020397,5.178453654355931,37.76739309114526,535.2528994190114,4.066607916287616,1
89.52417372094209,13.893311355974252,27.606518470164243,6759.599025911571,9.178293151495822,0
72.57658944648566,13.823144791653498,44.53091195721207,4581.997763925309,7.912304297703793,0
55.048745389103146,14.37404140084823,83.35249067033104,41.93753682309764,6.160897444170429,0
95.31201793194457,9.23378586812425,58.03293781447499,137.13361148124991,6.545414244265082,0
79.61237139920894,7.896298947246872,88.70634351447339,71.57916384157836,6.671104638048035,0
79.5731797433956,7.5303206282358,80.99216740102301,8835.46664414611,10.783457596663151,0
70.17963104494498,3.173995652868076,68.30973654567023,542.5780825739467,5.445165944741687,0
58.61530558284931,1.3995585302561675,40.05274056483251,11.653460410635846,3.691977023489882,1
52.72495133752941,2.3733340407275207,28.63204109094717,124.91815775087498,3.2677517691777807,1
45.81695103927879,9.321454984305513,38.783443540106944,29.342946525683782,3.942998319467753,1
30.272534732161503,14.497880158796884,59.53448752732886,23.215104219449326,4.458331583095739,1
40.20740583164297,0.7392105879804906,69.59334103236773,948.6647190412534,4.244349882555427,1
75.75805285348628,5.064423787895013,69.97817806542446,384.67417489427146,5.828446922338822,0
51.11345006472358,12.092212172551257,60.7945945499125,1.459335364874058,5.078326724023881,1
90.37120270981376,3.2897878797261884,83.29540563113429,745.4335713690454,6.81540585098372,0
55.0128432053269,11.372994761705478,87.8311030273795,18.68225418863443,5.982087422299325,0
40.662324901826246,14.035448650993995,30.57784159159469,493.6391388139488,4.194192678327266,1
33.888681339787745,9.823937457536994,90.60883741357836,2916.470274873258,6.514441259189189,0
77.45624111007675,6.724111037155717,70.64331196570406,57964.21813345677,34.87206917381815,0
82.35594861678732,6.642814380699561,26.066962232061456,987.349035008836,5.234202767207711,1
53.45968775087218,6.4784416783612455,70.40591629608556,38.779705653474174,4.917799019580316,1
30.014369337664835,2.859134369782517,81.16536352830073,5.792879273723632,3.9243455559707288,1
51.60233319015171,1.7053369121476658,45.76128961831025,216.6763064872152,3.7158038606137502,1
65.97257477721288,10.71925753469151,69.80693952669881,24.1195506634309,5.8170967056903455,0
67.97231605413086,5.499217152252164,51.82324398325801,79.17937405625383,4.863101363916318,1
40.37310833747278,9.1944204907943,96.79364856367256,169.51710881269685,5.522934393894865,0
56.62751594335923,13.511449961389856,61.456154689997234,114.82264893596032,5.517341599041252,0
93.92375306583516,12.756209184191786,67.69364057464878,178.8922888046053,7.152826402694351,0
62.01801187443131,13.942865799189509,73.22158472251854,283.4982338399173,6.213403713491719,0
94.10082149628536,11.714162309707266,28.004447693067597,41.482313175433205,5.796323678201885,0
61.50324353185171,5.4469579396700745,22.581769021130977,228.83570207931936,3.796696456914665,1
87.81722002244496,8.755933386637684,91.85503011082322,1113.2596149579092,7.700562850365219,0
41.68999177704265,6.300484371763597,27.630748631597733,188.5971391975914,3.2208691368047937,1
47.36962218113828,6.690959470328479,44.78687927980892,59.63655649561255,3.937305490920453,1
70.14075699612258,14.505783420962295,35.26072412777222,4352.922810389996,7.490491750969297,0
42.40991662310832,12.270588645489202,93.87575816979144,485.0467561665496,5.982251652650271,0
69.21625430891586,10.710152999430656,72.12195520342851,525.3661199938111,6.2660071883994615,0
76.92096327340832,9.586893053487998,55.964707174748426,173.63111641355906,5.801284609734364,0
82.41580509995035,5.244984823247275,60.436037585522655,11.376060799565233,5.639899844288204,0
52.64582087282013,4.589865898949249,74.91432814367761,304.87278986404453,4.96468566405008,1
56.75252582786509,10.505208405356106,25.354866869379844,1468.075443140781,4.815305601302001,1
70.64578199485439,6.124816236075281,74.51488261291973,3.03801939354408,5.675278391486068,0
87.1988847920579,8.679843666345961,41.75939508284593,152.8841209417301,5.685163671273155,0
34.81815659979716,2.94269953582974,24.099499456541,18.83830481637185,2.4194003536792765,1
87.43047944952804,8.731732049465958,57.87283161203162,3.494672071416546,6.108324667324375,0
41.16962296684605,0.6447731204787405,27.59387293317806,42.774135408025536,2.5604654864210707,1
73.04774312326083,9.206253151666347,82.29169724237101,28.14447035468365,6.325358192545541,0
45.01253685973276,10.168318140293998,68.53703754615086,47.570580989962586,4.897229705298217,1
86.20356885970004,11.933770959388951,72.59567498195058,1712.3797645318275,7.675579982051328,0
83.15547991916003,2.1255854820444338,63.62713743108226,38.15979607005456,5.46667176593834,0
62.99231948010488,2.8589351344758898,28.955795240677134,17.6275073404479,3.683073903542322,1
84.89228216927748,6.593747548368309,54.2185685653164,498.54915143747655,5.930897674286159,0
63.79030180513608,12.565399153551974,81.75402926029365,42.09512364445315,6.281820427191676,0
43.75727238741707,11.002039414061912,69.94408387382971,15.280715035091884,4.956457710635311,1
45.2587688005078,8.8575796782721,72.21270860756417,167.42592372711624,4.946202939938005,1
34.47440594001126,3.0108054551639025,87.45143657264366,1502.9729320799297,5.055086346336116,1
78.24587019046339,12.126129379655538,86.49484809707336,6605.24152868671,10.239913952839643,0
93.4103506122245,13.616092528079806,24.08700184915217,29.844081561576296,5.835555373552314,0
61.208108932323896,11.270210318138476,42.5957382537262,6136.709838996886,7.921572456217032,0
95.51438272935611,7.835534423564553,42.46433777763074,545.5368667923591,6.150827318255802,0
47.67469547809633,4.349677592165274,45.45195273000928,103.50239824931543,3.757265359365317,1
93.1738727309488,3.788462698933048,45.016798047327,1054.743838112526,5.983677039607329,0
73.32952626378832,14.653272851489794,40.98533318318986,861.7177544326754,6.058927208412546,0
73.94830821960265,7.069068617868818,87.16490579486944,277.7270346540313,6.418649881744087,0
95.06337540852005,14.027018334810965,95.01045380169708,77.5455994205464,8.094323263583084,0
60.144497422033325,12.250327842789646,97.08711714140048,21.606702611428144,6.554229546708026,0
71.59076816237078,4.945729939482201,77.61581479071364,289.6622751935617,5.831509301761241,0
77.77652703227344,7.792583332430522,70.00411046843827,351.2505344367441,6.166067995805509,0
70.75051915517192,1.0527318428981236,44.50218394404708,306.8987666814487,4.423808852158826,1
66.52813224012553,2.616639490196546,48.77718685291941,3307.095675401708,6.039652681913113,0
63.22695851250196,4.001520182330839,23.67535866438578,60.28969757633181,3.669635967452901,1
35.315081508716794,0.352632785137788,63.342545680120416,1630.476302333931,4.163381060433029,1
46.39376801581189,13.217608779450718,47.214144697284894,17.913117253772924,4.602892498122981,1
97.32199304435974,7.557158001925703,81.6894513129384,1938.016682180915,8.06828740244557,0
67.80586579447781,12.406649621349302,73.82599114738622,85.64106593949153,6.210499861305374,0
66.1118726148098,12.99495420359011,55.47199237294186,120.5763020137924,5.668418247146555,0
65.46975850692384,12.26402855877834,38.40988406685793,647.2526022098176,5.3211160192654345,1
51.38172406114396,11.184478708944948,98.23122696487168,10837.966184539324,11.539636734556066,0
42.4244962251392,11.625567183332564,65.07861640831496,536.8189580397991,5.080304538608172,1
99.92285132343952,8.534538054327903,42.956960584594185,70.7869233214699,6.174470137568932,0
87.17804086597893,13.242775382396044,24.146865214797444,424.0797665412092,5.74784501259329,0
83.95280708579402,12.637760056686428,78.78201033410973,314.549388234502,7.142623293240948,0
70.87832515181147,10.109127372059122,24.451341960757865,1064.0558590229016,5.111613931612559,1
35.09267069514481,7.532284379383377,80.88463947694379,201.21444026057893,4.684081670182733,1
45.41905629203504,13.879359700338195,61.22996104500403,204.0492051950731,5.143621655662878,1
30.558505490956403,9.091019564312374,54.26940102558171,25.562799855880144,3.772305606764885,1
93.8988686292708,13.387206145720675,37.63920915797469,28.416583261838475,6.238059926113059,0
88.63105742285126,13.974740526895571,30.90542806327356,24.281323412107845,5.8820198532078685,0
52.63942980352404,12.080009717709222,35.14838575286341,0.37922430423449,4.368219348649904,1
37.455323863220784,7.287437357740722,43.8165767078986,355.98014499628863,3.7194440640380058,1
69.60611382236934,4.578888299635454,87.83509487030743,365.50620812768864,6.059939333031386,0
80.1871608968421,3.869475336685258,77.58078030498207,53.33767209488533,5.948526214739115,0
70.51586841729909,14.941446239386265,39.717687206788185,2409.374978841831,6.710997466255151,0
53.21949949852501,6.8275394812394365,60.02972800380172,939.2755329519678,5.08206353465498,1
97.51568871709516,0.1230644358262827,26.26585284001453,144.67853687305666,4.773248845903399,1
54.01124260511898,0.6277078610302422,51.264717336422336,160.7474454953585,3.841535733148133,1
96.52420957451903,7.120720676450217,44.12316713937888,100.4892797408061,5.946980104677553,0
38.50176498651522,10.073026541237155,57.33063879898004,3669.54174675632,6.102063290931886,0
75.5822618674948,0.619949180786018,90.3752631958692,2999.733417872071,7.296409997590505,0
56.25054411828107,9.150332248545954,75.15066698606911,168.23847922982864,5.503694238782826,0
49.70300055215071,2.3371351276273664,28.035692733898397,192.1993041859945,3.159003968958714,1
78.83511467215318,6.434124982636006,28.910869324909267,770.3689353019528,5.049327632547983,1
46.55057060620118,4.530383710549951,94.85490079921809,1.3968393923548723,5.161406638975762,1
49.386501145269975,5.293943775217731,97.77561730224636,152.15363414639734,5.514199759473161,0
36.55193860861734,5.472766103904677,43.89568848674719,48.71581143858506,3.350582715056869,1
64.18421188766311,11.67318793378628,38.941365229135904,54.95544081055888,4.930405946164509,1
76.120533083709,11.874453341602091,42.23144453928807,86.28789991928467,5.542353943646853,0
78.41482362303734,10.28955723193147,47.89550489520512,72.99819645235839,5.638912913196973,0
81.74364654229817,14.984826205257772,65.78455003039466,20.38262233365107,6.7519562942963685,0
80.71409197087269,3.674850063314456,29.531570086782786,232.9266099363657,4.59845909273802,1
52.65877509958912,14.228526359574062,69.1881553262356,13.657812774910356,5.611677206115495,0
30.463482654110365,0.5213562510769476,98.36168639231003,43.592348851264816,4.243321697467043,1
65.89240271945651,12.087817047643076,28.05196608104864,1.98930457340039,4.687031448260727,1
76.64997621730252,0.4475172265325877,65.46389362219064,12.746929580590752,5.081041044801374,1
61.566268879260086,10.865916434720615,86.83841524196734,604.9779742706153,6.456883843036793,0
67.94665014147674,1.373299832509121,36.25071142380314,204.1213369940655,4.044778000121108,1
59.27201338741623,8.522269447696507,61.1339130118668,109.71545855308908,5.111982599898848,1
62.878976444881694,12.844736075126333,87.91943469364473,87.66996384608532,6.481050688040286,0
91.4009408900436,11.012092112363886,81.98770214660145,233.75162366186032,7.3337537230671055,0
59.72039889455283,8.493700863401326,89.02582967300364,99.52266823570112,5.958722266430206,0
33.651010319306074,0.5988300079257852,77.2674356877281,52.683408143515486,3.750288188268422,1
31.379320519663185,3.152882047136919,49.274108178653336,36.306367427606695,3.066837454573623,1
36.89132146812032,5.486833661885004,81.65936053904241,171.30185936382145,4.559767970766496,1
80.81189421251304,1.025865398071114,37.21515602640931,237.56232059487309,4.570298149397349,1
75.22638774478011,7.1867371655492525,51.12800529027204,40.96694386653282,5.282052856987557,1
76.2418449508294,3.550130649187361,37.387614115930944,1.9024636553741057,4.5272665182575285,1
36.62397020339704,1.250232360830179,37.69440880317782,293.63857629658645,2.8676335964625275,1
72.10086738676192,5.057733897098355,64.19427130999716,22.92899394875588,5.327100721454606,1
51.373115134998585,6.842366506157892,40.9540978850827,99.52141173027842,4.017544898433353,1
31.26342137280048,3.732776481184744,20.791046465906252,18.2216242104047,2.2566567091128835,1
33.47929975159812,7.237524404245703,34.905548200510765,301.7044456462078,3.2609430993269224,1
71.63294002563526,10.327230093444289,35.31148793607208,66.01403542571202,4.990392266164857,1
75.01449908194671,14.051140763667826,80.9576744145029,788.6220269432622,7.228735285551369,0
71.01882228962347,0.1073372584518672,84.57671930021826,25.11994859289961,5.401348170733123,1
79.73383469650125,6.326824407924809,21.94534400919164,351.3715282047697,4.656081913030665,1
77.60371377840704,6.903166601375216,44.41508391501431,230.9513309460804,5.242393394197273,1
71.38701605349685,12.922334014831891,46.02406513359033,169.7428858080071,5.6133074405347765,0
31.45085958321237,2.5833801688537426,47.31092151816887,3145.677866583856,4.508538979050863,1
91.6346556372833,6.32276387790489,87.27240212848302,66.30836241151142,6.948988858342068,0
79.99430287399686,3.296563435388467,29.660904303707625,1558.7617704121612,5.19863647281603,1
71.16313061077369,5.356422911218696,28.252100209558836,2250.0884920919,5.354774767885532,1
83.4489074234257,11.159428294667675,49.6111470608285,191.0123054636857,6.0377396909604935,0
34.41314486726601,8.009134956160429,49.115588005103696,31.45163133787733,3.666632746128733,1
84.43396267713263,4.063442678522108,20.72981631974603,34.42910234231613,4.422811815701055,1
41.6981080129199,11.46592099249583,72.61366380080477,358.0364150982698,5.171944541339658,1
87.47171629039094,5.010408091239938,64.4779866286224,7.668857053389326,5.938083488124998,0
35.37877577832434,10.959873746774193,93.47473503321496,34.1656632135798,5.332463288413632,1
31.61708598560272,9.047140331493972,85.22655303252401,41.24875522349523,4.746818441160974,1
91.79949317230832,10.216251149022913,68.62894899400489,38.3519963218622,6.771649309775703,0
57.20933861477042,14.234577433278206,68.48956289858017,38.06215846261888,5.785549254107352,0
97.18763005432044,6.136949170986129,31.718804430250405,28.52970879044702,5.467029106574167,0
75.35355686414029,14.43580157733819,98.77772049132406,107.67308871760758,7.474890591397956,0
92.85626847798318,1.651626208101436,52.31192284806905,1246.8725948683932,6.072207342805739,0
88.65676384004347,14.398343128730986,56.40330544467608,573.9758226020004,6.96519194111612,0
95.80376220221348,6.957552790140171,67.14591535472609,408.8911377363517,6.746728796612514,0
76.60969483843925,10.428572382447424,81.47393646880336,535.9639233052407,6.819445087499034,0
64.44872711192403,3.606622302827456,30.52400943913472,46.03701746590384,3.8773501066667,1
78.14195103415281,13.81249503286687,77.70056991848672,543.9038379749696,7.109896561194885,0
71.15692965016979,11.55269432989378,92.07158308870896,50.12894369977122,6.788758583507324,0
81.28334581194187,12.17114082294368,37.18322383831488,30.243052426194843,5.599066156134588,0
88.66088172587165,0.6494519823088185,79.18055238913394,443.8944910491873,6.20874428446436,0
58.64434095038101,7.760663166326486,35.41457823953915,309.4131020012691,4.338983852834698,1
67.13272316358785,4.446510621386685,96.71075933885405,159.38544826554832,6.110975492980578,0
63.7426687174799,11.68090935629676,63.17828747984465,59.95821497516332,5.6431254162117925,0
32.258132310546685,12.130300722140104,36.40345218213423,4.53797608933435,3.5977279181445723,1
55.03188577855424,6.742525106898748,39.20400587917107,53.19419072008263,4.078245213567218,1
63.684764475220014,5.405313137367485,62.34757659955243,0.4576612669273394,4.958578021365585,1
88.24230213338008,3.6368724913481,50.16001851183724,43.14527256697737,5.41975252610862,1
60.85548011225019,2.6474281317034243,45.53469154477728,14.343297215555834,4.072174412611447,1
81.79712666761482,3.911155321432511,97.67758136752312,381.2352145050732,6.783945647126074,0
97.03306432351938,13.91078375325012,32.12011790581593,831.8062232201094,6.65190759705032,0
90.23776201416784,0.4589282863020877,98.46945345404905,2782.6340949532937,8.000803960295041,0
91.85024465935766,4.7191423496293625,72.14265612268137,139.79480309820133,6.380101106566785,0
50.02532967428824,14.513814383945538,56.664142979225424,186.38536491762312,5.2455115972016575,1
45.39621595609076,5.037093914832096,80.3190838979917,180.64022098731385,4.819450657160248,1
52.20633523269151,12.777425095224991,70.54603690635281,539.0581063916777,5.751906079216584,0
41.94203931485012,6.754481736908077,31.573763316531817,2243.600528365944,4.422142909963739,1
89.9748590228455,7.36462700173272,57.52092249079708,521.4493363502726,6.3218094039861406,0
85.17248290459858,4.910400270636588,60.83579585674494,34.30268543299053,5.740164561666445,0
77.17641623213599,10.726010557286154,48.20604370196146,120.07058240952249,5.66587430727766,0
58.74523450355241,6.240105563733579,29.586221626238853,1464.6550797417008,4.59373412517347,1
62.02992179112245,2.358760794470884,51.75625095429554,107.86405929496624,4.323692509368335,1
32.79252822608038,13.03274871804684,70.88796269578668,48.96606927948631,4.766097916361243,1
58.30839021563554,4.303016678455023,60.58303324136954,6.18814311768184,4.583222345270851,1
81.90485129348862,0.9243698241544118,22.68030695778804,2.6227333535909554,4.050351609565423,1
85.63249024016753,5.783913218779193,78.28698141996189,2067.8778903922184,7.386239319279586,0
54.28894985080804,7.774012817810511,87.27839221754331,3591.670630005322,7.363146357342334,0
92.9505876634105,8.29950573303955,55.26632817469749,200.3118961818947,6.306119873172247,0
31.599976668522103,7.760695376199822,20.39592063585728,12.036562158752,2.6579645045159603,1
89.65095889452905,8.570584372965632,96.8821184004756,208.0851114914972,7.453602900837741,0
65.35183066651956,9.524439557332082,36.39935418547302,5.868917851417043,4.66143226688389,1
78.33103040694232,14.454900248351391,62.07733419025707,13.94219240926436,6.448022363025176,0
72.30239586038806,14.142356071537556,22.589887463262396,664.0017588685653,5.316028944901433,1
95.5188586248826,12.673302467319704,98.26056314635612,37.72955204149954,8.054766262138708,0
34.39525942870091,6.616518399139364,65.90556286822299,436.4415950537713,4.232849900635548,1
98.8589105688961,6.670933849725278,32.07399796836316,117.37773406852943,5.642358613813532,0
37.479541114841226,0.6093851393355149,84.92396094322926,16.969967506804434,4.116323970577481,1
34.99168736132084,7.208805471351828,28.85329326856292,54.5828934970086,3.0134382863934084,1
91.29200926599704,9.522112872248384,98.50161913018206,28.32026081385029,7.573100362177108,0
95.0764556311223,10.617302716179635,97.19213750918976,3251.3771630842243,9.40624120368066,0
90.94385652557187,11.724018623722646,57.10793857431226,74.11478366222539,6.56045167245562,0
72.31509426822475,2.527004496237597,88.63374896854246,3509.4273221997487,7.559030350508898,0
30.069996185758136,13.33559977646386,22.25714400796952,704.3212606658726,3.5562347756487336,1
77.54056144322895,13.48225213010033,62.05628141489066,4550.531839564506,8.586802032968164,0
90.67801766516658,12.94463764546423,76.98883331291472,79.03548433873253,7.270767212709893,0
92.18719492842266,0.7662245706637622,39.61265033567522,306.68134364589065,5.105830436096484,1
85.47653879252627,14.390630055690991,50.26023792862691,14252.994541276956,13.492428965767434,0
52.33046247097147,12.34883065022155,29.88932888917531,152.66378547823086,4.301113323275389,1
35.36053823407965,3.5103002082505537,66.45733488806195,2095.541430096974,4.806942311878587,1
89.78297220539369,6.894540074873303,25.92555264173834,385.8971701447888,5.251488060027623,1
90.29142625107724,5.493961043347915,68.34185141831301,69.95378226559355,6.246285588060067,0
54.825262842938,13.566152658776527,74.23324999787077,521.6273925198626,6.037436975791227,0
45.39173443791215,2.0112670689753647,20.85883993130291,142.72064355345407,2.713921604129837,1
45.48598432735429,5.432214669123229,67.59454531703406,3161.395100125188,5.97119474958011,0
43.902558556307866,7.426296354096031,54.74082594849595,26.127886001026543,4.15402069911731,1
47.28216583228373,14.613085089487036,36.285365405298535,27.269563279660712,4.45479088603884,1
32.59067226107988,13.877216660577014,70.95893543904322,108.58301889546068,4.874408129119924,1
32.190911992874106,5.675925788456571,71.45525976256579,424.6564533014832,4.211215078088337,1
90.2390376133482,4.802870394336896,40.983810206883305,24.286701431962666,5.331506200890098,1
95.598441211758,9.791730718098526,43.83212423733016,506.7071024678555,6.371427998634004,0
73.86824644488931,5.532441460605292,90.49747933443469,348.03575696220304,6.396916262370243,0
78.95090503834763,3.8365091431687057,34.81698438935829,14675.169161591084,11.923781228327066,0
84.50444963753526,2.590085398230934,40.96819958186266,19.63443300890848,4.878049729284839,1
75.62657426667148,14.797200625960947,26.831185489705614,322.0150449175009,5.470726120412874,0
74.81882027817447,12.818440006180309,51.343976610258025,604.9830956711206,6.117407657888311,0
42.2698982534586,13.590395674006114,78.77153660806685,16.73717534863046,5.421350183455276,1
40.47948550463844,6.42767120176802,79.42736650284888,23.03677046714388,4.656285920681379,1
79.36542853467586,13.012893753846464,60.31593695746594,2791.1390433824213,7.6809541471868705,0
98.91518152331383,11.828109982636494,94.22319718021302,24.89372674967924,7.978561037977434,0
31.18424594350385,14.521561942899355,50.91125928987928,3203.0725560680694,5.828400088760503,0
90.29058803025544,4.347285618327467,49.59157379899811,1942.858748670661,6.505528671348238,0
78.19745405260358,11.224944698950802,37.60573580119216,248.08652338771964,5.502607967728848,0
82.82801473300685,14.56577936777843,31.79101051014781,29.68570960952557,5.738271696207314,0
84.79331612882656,7.591939763274539,45.15553127638239,180.1436647665856,5.595664392155282,0
47.291512581984485,1.3686539490607168,74.50261128063227,67.87725789171873,4.297542865550278,1
43.32841066220528,11.054267209750453,76.12734849156104,615.5898524196348,5.430178528419905,1
67.74250514390843,4.188142200448823,50.66966082069766,4946.078757587386,7.121643629215843,0
66.28681424114828,8.426369775858172,20.64128531170903,138.35081449459923,4.182523513830319,1
52.00997841251183,9.576795837274808,22.939900654711,298.3170609686364,3.8754342703536016,1
97.16666968919438,12.156623832565112,32.06015507380624,504.8126107733573,6.316540128425153,0
95.104561832779,6.5937852855405374,42.22815836888798,3910.827031938584,7.685819268901145,0
64.38394628180454,12.12273322338152,36.822969051995535,1345.7773406616186,5.565208915501009,0
64.24576858542484,3.995992151637415,27.531660080964908,9.200106608368934,3.799979814313867,1
35.40561676756816,10.691347197007772,21.57272758720155,40.53068055143292,3.152806558295267,1
55.89925889785119,14.265947349177118,56.229416967592,145.22746883906856,5.422061334279055,1
36.14562718078899,14.575285879612236,69.77074274461813,8.689653689791225,5.000820784376223,1
97.7517958292604,9.971699716984954,78.83148981850087,1021.4991276242567,7.782936063236065,0
91.1845920255187,10.08384613145809,53.524426969908106,653.7247059132837,6.588363456220442,0
64.1785668253348,3.7374912436974217,21.01415738154972,783.3161606910238,3.962974599175138,1
82.90796307237329,7.093064465080545,49.90858444982467,160.53400418221537,5.603149504988834,0
51.11927322450032,2.0224003691114096,71.02175510003339,296.1297254161452,4.525728481600228,1
81.17424227419713,10.305388284968796,64.77981196813627,609.7502645600539,6.52577801078888,0
37.29547650040139,14.170262885988132,75.46422307805156,1459.262366462195,5.902403224187513,0
45.2970811050408,14.308117315671495,48.59700964313036,207.45712997313112,4.8043338300492575,1
44.134843488033326,13.642361240962003,79.11928285601164,1347.9339922305303,6.177175345413147,0
80.35537192693158,8.147609483042208,71.45160668949359,3.134326408967411,6.174091189270775,0
30.735376735589792,8.886216251298045,79.0129657792649,657.1737566377199,4.817012546250203,1
50.13434023486954,10.344315482508351,42.39485912997027,319.8558505212312,4.4715788568053405,1
91.1276276266294,7.153262686809809,66.80818518155812,50.62068027967297,6.389987269332736,0
43.48743888725109,6.86818169188352,21.595501815637512,10.728522875489404,3.0795450405852653,1
85.97079910071344,9.689450205889576,21.87207059032503,22.58009096394676,5.075229147809219,1
93.0933816866166,11.8830623825572,67.93231089144416,77.96431193028043,6.9889929884288495,0
30.21261288108901,5.430365108742688,28.544889260061737,1010.9970322197776,3.1133862200295703,1
49.47939164737318,14.938234238874198,35.92249186810257,820.1766989311824,4.960762195291015,1
59.94032987457509,2.948974731708716,58.33765128838536,2039.1489663306024,5.462214689970737,0
76.20372315492784,13.355695776333786,67.69981609706332,8.738021266562196,6.419081997375674,0
70.00442294194482,12.18040179674164,78.63393316066612,158.22251972562233,6.456346352034752,0
45.45161268071506,11.94586220195734,39.935601962504506,1278.7223483424748,4.850079960470709,1
36.01301957553652,3.330874537299586,80.87219452904321,5191.565923496178,6.7955570343708045,0
80.26765145016728,8.152252875477787,97.46302191096008,1644.213172320321,7.771928589043432,0
40.38835786895784,3.5731488392169477,83.32322303141467,37.05744014580313,4.49107460969535,1
35.16326306411338,10.144689971162665,69.83028036923125,126.88042367381269,4.579348142594645,1
40.15597217585551,11.83814896781522,68.04464610964209,161.85918264306585,4.912322758426538,1
92.65314524692523,13.923540060743177,42.641066465029816,81.68132457644886,6.418552472190446,0
79.80802398444362,1.354403602635473,40.91003443473465,117.04829696574684,4.613586501166205,1
71.03311216321819,10.752269853412642,67.08275948757795,411.762384988817,6.134915448991738,0
94.93202833369932,8.959408214377724,89.6953457217915,44.43767445745037,7.406301163668215,0
49.47121898560604,2.977753190967124,57.2953283740674,599.4373515712836,4.295202605528618,1
91.85891303453847,4.848015406870132,91.18777642274247,907.4960733149958,7.348539391408324,0
71.95126794848308,14.468849508690395,32.91814285870201,165.45980906365372,5.395209859101249,1
35.55400225920426,8.771278025274743,90.47197244946246,11.578796974544966,5.019236464866791,1
72.22724837027675,12.37913646072386,23.37462025666735,349.3004007016297,5.002892388934291,1
51.24943281741181,3.849042757451372,31.239343577913345,1052.214935710529,3.898169363634274,1
39.66837535368138,2.431253275368059,94.81318985514103,2.645122062872597,4.675578598369729,1
42.90133876781992,7.942133306707944,71.8146605913552,158.94311157276283,4.744178254910628,1
77.96332080375646,6.972264539924123,24.959048523604945,84.68945352627547,4.606875468613957,1
55.62482320826288,10.049791516474702,69.42150065192777,118.32799255115717,5.371781095811397,1
81.61787870227101,4.962921567406013,68.99430536548113,39.02177469260638,5.85034735314218,0
98.94795185113502,9.500414230976164,22.48609123859889,315.43467035431985,5.740259569478144,0
54.624279938502085,0.425937561234983,50.57871913016299,45.87573342127626,3.767864394279109,1
33.354476550068874,5.695533301541273,80.55772159441858,302.09347584014967,4.471510777909515,1
38.14873197087401,13.5277651712732,65.99521331354684,390.7610485533896,5.05396271964538,1
35.34576770127171,14.651074181836943,50.46336487673456,9359.701243564292,9.072689694318743,0
35.8582704378219,4.7009801720374185,44.16117675156833,2875.006025938659,4.666767150232998,1
67.77115493570179,6.536635206869022,49.36287467439615,90.736179883014,4.890764048288366,1
78.24199732767502,6.408777802675825,97.8018956737836,2343.5373485889804,7.876383217882582,0
82.3196818549384,7.727921728457088,59.07572220557814,704.8364280267107,6.190269327223945,0
79.26571219131984,1.4544073511144413,90.26962520532943,0.5969921837797683,6.024456475016011,0
62.11903704757059,2.190004903375109,45.21679174979623,676.0616799426191,4.3982965647055305,1
30.9686702814531,13.331058135948629,83.08863816362867,95.46916351916651,5.11224635152143,1
70.82650660239923,13.88746283037634,82.06676434026298,126.47845447243124,6.7470487045777086,0
86.52248261811319,2.2566572894636434,58.57721571415036,1.4420272808793135,5.444602518735842,1
94.14631945118536,4.569066414207708,24.0940204449345,823.1671846022117,5.357163625117327,1
36.60580627866734,2.508319378309611,78.05361044911795,101.7351728758508,4.107540088889119,1
35.56982293618894,0.9934694843193664,58.08250973411933,2248.4196170015007,4.388824966403824,1
80.10727705082869,7.348074132142841,62.19175705771477,53.62354836933689,5.831662981163543,0
75.42565226220452,1.5011360288179127,27.887001723462063,11.31187147615844,4.009405680811913,1
41.84568055938591,1.0529736765585356,26.34192263425451,692.0922030194752,2.915428370568663,1
69.08616298488985,12.37057820432234,25.070999835060302,96.93022748149738,4.801099448620386,1
62.28468913197662,12.594374183818562,22.96839905153209,66.78885776680146,4.473271384090285,1
73.04441666804792,12.47066552134913,52.94350215032699,18.85439325708471,5.766575479995183,0
73.44132716919982,3.033277308105471,25.299827847039307,4093.643165033169,6.046797235506304,0
70.34915120008702,9.530114130338516,24.956003057830323,2558.7301386558256,5.795022622100155,0
78.76740547291477,7.749564816209627,94.89889418307844,1773.431907077974,7.659335479568894,0
78.09177011674814,4.737484883997764,43.68414359692753,58.965410686180704,4.937426306320618,1
48.905257198935686,7.510175738590715,47.06337762429119,20.596535762440176,4.129427458426455,1
32.137978104450106,5.446290847042733,56.58267405208748,113.68163573452496,3.5844692483121645,1
38.28429929551531,7.2885539833122035,53.99278219937418,9.689032689842891,3.88485535247798,1
96.8053907296818,7.165433927643379,44.34784121130322,9.973928194290831,5.924181222387852,0
71.38634547463808,13.09895120486282,46.399304786349845,44.617378105575455,5.579636772115088,0
41.31488144793494,14.969134082740307,92.94748989575196,1437.7933576539122,6.656830041890943,0
84.3504466748089,6.874959542061824,71.27936674010158,74.0955999692446,6.236942623386208,0
34.68889055814321,12.23969575635834,72.44805790864699,155.07755675487115,4.862505713598408,1
84.23577908643176,0.5884444131413924,59.032013559003566,285.7417017820108,5.342106862432522,1
73.50816339052018,14.196673279832511,39.01667476546608,1879.0037924794208,6.469996002807752,0
83.69068103835897,13.461340206678177,77.55699818908894,85.49913222228369,7.063220773985987,0
85.8503514990412,0.0637309197207031,22.63880591799003,11.054150275455168,4.125078404611148,1
36.86535377633626,9.98407928006597,64.49051913982738,4885.2584507997535,6.850366878654746,0
43.84838131049751,4.661046713312085,81.3904236492065,14236.467567873906,11.779986417164256,0
82.94035049849761,10.100074963863117,30.4471006155645,17.664704574105013,5.249866887080204,1
72.39021233599246,9.118825696468146,43.929594550165774,2041.674181205676,6.1462159901943245,0
97.6683352984322,12.762688873685647,79.785683673159,3.9841306065087103,7.578564874803878,0
46.65152141877394,14.25320253871364,62.528048887072245,368.2588097966056,5.351351982132791,1
96.3812940893199,4.211300200847084,98.6648836567806,16.71500664100725,7.244685796681425,0
37.20923331883517,10.402584552035249,83.47925463287076,350.60298148395344,5.208306917685031,1
64.88207844359452,8.44008323722569,28.361507538102742,523.8168926851553,4.55204513395201,1
45.38086041395925,0.4561839540083456,83.99527517863794,388.18358332127406,4.57480285897898,1
32.75826745202061,8.249719757360888,81.38434340896627,462.7570059551738,4.808211479063488,1
65.44158405257488,9.921789489501624,87.18014383096916,428.88809179289495,6.43969067187868,0
52.036635442510445,0.0023488257033371,39.13954693061172,65.81141004831025,3.288792413213258,1
68.73595007431184,8.613970566701015,32.07605718941123,12.502296450351842,4.579367923550088,1
84.57467979585957,6.664761233354432,94.2376116653598,106.73617040110064,6.92995975033117,0
43.68209764442213,0.3922642195258086,97.08489228793763,38.80432902081854,4.718459260878004,1
62.36601796271691,9.22976051926826,67.7281607802096,12.00911286346904,5.4554661502735255,0
69.10268435473856,3.399280238214593,93.68326664561351,257.8003708752069,6.043433582817011,0
76.01244873447726,12.51072348339203,45.44514055611575,29.553885237321957,5.669701457020427,0
97.0938778530222,3.1313737333220617,65.6814689579455,5020.807360341406,8.677740236362162,0
76.07581535300054,3.588921463307102,91.72006141495412,79.24827277994798,6.193150739289329,0
32.455909273111764,8.269990110350323,35.38143545926762,67.69589567291239,3.220526393573988,1
67.04796859368255,14.37934544977233,55.02775859819407,6.010778505596014,5.773691435923156,0
55.797856539136646,7.182932447441833,91.9149369603702,52416.91543148117,31.916113330861343,0
93.38902551191262,4.292126851898299,66.59936286963642,158.85240729379825,6.242180795402327,0
77.61395698480942,10.035477940498224,90.1719319425752,51.45743890712931,6.83899275117302,0
46.32040775955743,4.575290469643282,26.650411559031863,89.44106822607257,3.1545782382306173,1
72.09505685807893,8.140637313119747,26.728788379911936,50.73179150203879,4.525095552783509,1
82.47433760499965,12.25542267299186,73.56453002455657,87.13297420382426,6.775018159337781,0
94.50452339332126,0.3363001462152265,65.61668444747738,39757.968553726925,25.66129576064216,0
99.0864884431937,13.58470900841562,35.965429582452785,215.1034771296468,6.5084450646077165,0
83.55486780453138,7.652449759789256,66.45286275784372,618.4852430420244,6.410268192416504,0
31.71856497389509,8.986132569398501,29.69509220089111,3588.917981561086,4.8526676127029305,1
46.9100121175463,10.270434468016884,29.777904105278203,679.9322324961421,4.136747170909957,1
35.797668253872594,0.1406848854403319,91.61859847667064,41.75618696552646,4.21541126648182,1
79.07455534408419,6.377490554714187,46.95903033025453,129.3550825665142,5.274179720425679,1
86.01857090859146,11.366111767968532,66.30100776980593,26.181880560060204,6.5794751865147205,0
96.45754090341087,2.5533461500833936,56.83419922073266,27.66067559144429,5.832492565562477,0
66.7336338954063,12.294262900476646,97.74487169645435,4.1374371922489,6.833186515353672,0
59.56222731542629,14.886208024378895,24.615527343000643,169.90659056938773,4.694529010629655,1
86.40286923384312,3.5484415269201075,55.013358667360606,40.5723047264907,5.481645834429799,0
42.32771675551193,12.779867070695762,72.22085357682127,107.80887899214858,5.191625424090766,1
79.50957618441021,3.0449420062843044,94.03539022326908,8.708883450635627,6.3102933964282295,0
46.87194572710349,12.44230171619114,90.45129924036364,266.4208038695235,5.9658573798489245,0
43.96783876454192,6.42372778135076,86.69763566222355,137.97243753723853,5.071001617352079,1
39.86205612541964,9.543547156405314,22.217328321449976,425.6644270474236,3.428189023824528,1
63.52106244126923,4.233667352061715,45.41469434071353,5370.786702582735,7.012043414369714,0
79.25848481502048,4.383734613871334,22.387157102460485,47.44357689801213,4.304049355510773,1
74.63417589136665,8.661260366981564,97.94810736119436,36.03550459439561,6.80795404548585,0
91.84977658104428,3.3352493712300246,72.44567222755757,10.967779301047818,6.186370056842025,0
52.98380566498677,11.49044080995823,83.85417109808014,150.8549194793705,5.859448900277383,0
95.08774608999134,11.437323930853834,97.23231907232626,11.473423415485252,7.869948520562567,0
66.03118960902137,13.203699411181464,38.14651815435988,51.28843546954631,5.131657287844571,1
93.86880622701224,12.758320221656255,43.72821154328462,650.8404542214078,6.667850844655357,0
67.11710753811226,2.6145282634340465,66.77305576652591,4748.991297898972,7.323824449813159,0
71.14166322301551,3.552972924033723,52.526353411901134,154.34812945528864,4.853928488408671,1
50.23041112299136,10.811464226217248,46.92487803362096,30.23323928341236,4.513225828191714,1
69.81951979508713,13.86893665548123,44.3866229834037,23.416570393578404,5.522981432050509,0
72.91282969086502,11.43771953830517,55.686557890491706,2.0778634078967637,5.7319208098838175,0
40.94308291224684,12.029678692406907,61.069744200525975,815.8153583766772,5.080691190934682,1
62.487999635588174,8.085458580555613,76.43604029088345,3.193765205629291,5.602743934808407,0
40.02868686608668,10.990422993472064,58.99712439842101,8.702838956722555,4.474454925421665,1
84.34356888362028,2.002779048666566,47.99473581637494,100.69356005386108,5.064209514729646,1
30.427114552786367,14.08130748130311,81.15927731098773,49.47250643632979,5.0847299027895625,1
49.28051698573813,0.1822668367636015,77.99071041065886,119.82889128688346,4.389083121069093,1
46.69546689678043,2.276586306837226,84.52954562697744,2913.297257346052,6.088012304037289,0
84.14416827545585,2.19656501241603,32.36239408215265,6757.100491164147,7.93484530030649,0
98.17749876138544,14.373139485086384,70.45173399614434,3.001089179092524,7.479466463437932,0
46.10016355479709,3.535462280952906,74.48820402551854,0.732475530522265,4.432565128817992,1
90.9881947401467,3.478563136480425,58.824102966266274,46.38969825461061,5.775302041369205,0
38.086593107196215,4.843541658452982,47.30920395272211,460.9957059653908,3.6575918616975054,1
85.7965217910885,5.656918978582037,69.74764477337413,40.61334612417344,6.110288785765055,0
94.4146470905674,10.286290391865142,74.79505806172904,243.8885630532458,7.171010946187704,0
91.2216563684486,9.078341719888972,51.68550766164128,118.7871829420876,6.1666592480471225,0
64.84613545323855,12.226643189274744,70.60766792643447,410.8448361760894,6.140162192938096,0
44.99642911253087,0.1081143739625223,66.95212673867182,36.56791378647973,3.8375163609508816,1
94.81050278770908,8.084722463899366,56.5095697381736,1.475396881946286,6.29691714848448,0
80.67808766250943,14.777986220770034,74.84594344837822,59.00591518462236,6.979803389621038,0
40.08776320610347,14.134076868187677,54.799238747134055,129.64184478532934,4.7257162998695925,1
43.787873829307685,3.9397971368093767,40.61722676924806,109.5408088667366,3.418781874364055,1
46.85142214619647,14.054206991241244,40.98490194983722,71.56880212719977,4.544809044530699,1
77.66566465906291,13.461185771050888,29.123406676140625,872.6282693541343,5.762761498428891,0
93.63153712587936,7.705358754264725,55.62748661795327,3.0393770436991336,6.186141647522095,0
47.095438999114165,9.416690657610625,42.567899884716766,453.0348802257337,4.329041062379998,1
67.99310020435993,4.388155662039571,21.64045742944692,80.27895705975226,3.847892775791638,1
42.52060865309302,9.10017106323117,88.73220644871614,2374.1618104614527,6.4598885511390485,0
47.17030538525637,10.009421138984935,28.104424459452453,6377.675984301155,6.9197250552429,0
36.41432638540831,8.967268920130632,67.8110665546865,893.8696589958565,4.83456677356792,1
97.27506352094169,8.214196366845366,70.95773423488407,29.12563792247975,6.855717023529966,0
30.184639831781357,1.6792274563611826,90.67629073431418,81.8658922513985,4.136530007062497,1
77.40884585625214,7.279218529832442,67.84281669748646,3.101404893461499,5.861110890604654,0
41.51642957894134,9.138660794528567,76.80432229904945,1015.7462845372456,5.386526073850617,1
89.24857223736956,0.5549072115597525,68.94845498782789,18.022676636754888,5.702898598603972,0
97.87733201745895,13.934176254391172,60.629101928176624,1270.2758415841515,7.76252188477485,0
47.3007600338804,6.873858637942321,44.02479898847291,55.67668451507113,3.9279985770611714,1
87.92833175856082,9.257371924981346,36.28260153039017,38.20208526752434,5.550449551386034,0
38.37228330637406,2.3525044873422782,81.08614459441893,23.746934458620927,4.214599586051069,1
78.65706460309151,2.5057255529635905,80.51749407185316,534.3396451807585,6.079549784165994,0
99.75616688635571,8.223287214761907,22.692657176786668,49.97956639271139,5.518344895430375,0
60.50199076344468,2.903841608420032,47.34492140429737,582.8234858201881,4.422223176418806,1
74.02313989881716,0.0324622471435936,69.88497487308689,6.620380408040581,5.064031257063673,1
85.6196410429645,3.655058547624602,51.573272535458855,394.7428319370416,5.534861088513326,0
78.29375881037333,0.2640026319527067,74.68723012790525,98.36908618089798,5.44795206253781,0
98.07207954388576,8.568364184540753,49.77035453309374,1535.0971947357325,7.040378833570183,0
86.34836248511434,5.042735530370281,94.57976660987084,188.57832991477707,6.889890215695115,0
40.42632389202991,13.72263778884155,22.06350903931658,289.6483297068906,3.796046170598294,1
73.99397878485833,5.8123001776136,91.5474694614094,166.9162900890184,6.3708713980424845,0
56.56521249209087,14.033999583632422,38.42256295941841,1826.5680135114596,5.731969353585159,0
68.99689103025351,0.4929469920527624,65.02090353254056,790.4597003316262,5.155027296557446,1
70.42020473884517,5.494532674611071,42.73375622414828,1177.818732065686,5.237183509772206,1
81.90199890887001,5.145122403715171,34.78373094016899,160.54244047747662,4.914375345170125,1
92.45949121763216,11.83166674109216,77.70594232647292,129.33710061635463,7.277393142916867,0
52.84604764048882,0.910618756210197,25.645526701761376,70.53427952570303,3.0095367220562657,1
58.70053064152301,9.29197272550603,84.5978932553649,321.1931786092036,5.975751885177072,0
35.28463851825584,14.791220720553376,23.85518380088886,225.05097038981944,3.7186886120071465,1
65.71554195650651,11.7655086783247,47.68188244875687,5.568495072280995,5.238413267091577,1
95.01154861499056,8.511372058718194,73.25022526423109,53.4703615762547,6.875841089186501,0
76.24071899545282,9.614948886679825,67.70465858476265,150.70269474559169,6.117614753401771,0
55.041592792811606,4.2891876077287225,81.53637645132648,64.56020948621097,5.108953870768237,1
60.11047882752345,13.040369122634925,71.37702494095079,288.16770183728227,5.993850664511595,0
71.58985605755026,7.773780369945634,65.91009335957591,740.2898536128606,5.988420006890282,0
52.0597078348509,13.20266970085581,29.134823257626028,2267.1861786632458,5.410293070540021,1
70.41721908918379,9.84128863060399,32.82922690427724,26.983777887848397,4.799186322699992,1
92.37539671134078,7.427773739631988,39.41664899614181,340.5436751538486,5.790564549878009,0
97.73346346504692,0.7997760835525597,73.98257373428461,44.25166848940364,6.230919193230373,0
54.33299629176872,0.617812765461187,77.91711816056241,0.6421557544197543,4.57293575091095,1
31.396748953428062,11.099858932618018,39.80285679447695,75.93361742403484,3.5979083639452503,1
70.75530251902116,9.277093283373263,32.81398279153321,333.08837172920903,4.908885098708773,1
56.8561124170088,9.519290141146929,30.37393843951649,10.268928992264366,4.142526128476672,1
44.18705596702567,11.759163888131605,94.75546529693784,1730.2255648468456,6.651175368825745,0
45.32761182448783,0.2814970255248478,25.72020167771243,992.0460957424624,3.108883273734602,1
89.97550851038062,9.3377341664343,64.04750958076754,2724.782178239931,7.816610133601646,0
81.93273852299876,11.664174226595016,70.16708800471271,504.2136526574426,6.800846430049555,0
84.98703008945508,6.844832528584633,59.30152116485588,30.506752908251485,5.878263467836469,0
84.94364835990018,14.001744456905625,70.16569309628991,42.80073916484301,6.924291542557688,0
94.54667156911496,13.66471079309259,48.280509860913305,313.3865895579883,6.7534465326802495,0
57.186601321735466,12.200846506020977,45.059163384399184,7991.724112404604,8.855185661205795,0
55.76707921861313,2.490549061382892,43.55463529829086,9858.37875105576,8.71556650935942,0
84.0293337557369,13.569970038616106,80.1298242958272,30.090574691716025,7.1371103703117615,0
54.28256326300532,1.5764608531558948,54.5762876570476,176.66737242119115,4.054570931757826,1
67.54896299071112,9.790580581483042,22.55454119522604,304.9073835660815,4.510106505416571,1
85.55214231921957,7.161267094923967,52.50087784491168,31.05940152313305,5.728768438370096,0
60.20895506728297,3.218451116846367,33.14789239904589,3.362011907039148,3.726321092300852,1
32.93493642028178,4.543553372079739,40.85079518625139,50.470182989546814,3.02251174110156,1
94.22822340626564,9.773637088146192,25.855506737604603,218.97642783449788,5.631646061110632,0
92.15869407925123,9.941343031094572,52.52988192621406,3970.7940875574063,8.24177556784463,0
40.18284830691092,6.95157425519889,94.69395267749644,91.28537606078542,5.188932626151612,1
63.07429788874498,2.8311605983672528,44.193514934680834,4.161728192874038,4.133974287523387,1
70.92876450888168,1.7886872618846383,90.96973740400144,2703.916694055349,7.097069775691449,0
98.42423671889094,0.6680424112837197,83.28804711020823,2.9151128829854227,6.50387267963175,0
99.12616252938658,10.870036570208056,75.44809713131784,409.5215451296655,7.520253844700637,0
64.42114159912663,13.35069074100102,48.90615969158668,64.9608477447017,5.411579952685119,1
99.13197770999156,3.522717227593538,39.1291354363618,101.59178795808414,5.542220788228913,0
83.63540316677323,9.93843522142275,42.49351169793147,62.140895211392696,5.645135447356845,0
30.948488409785632,13.37844415088488,38.58080007333874,210.75394752130552,3.838584927440728,1
85.55776397783278,11.106678986698247,34.390273645409444,78.103720941248,5.603738527616043,0
93.057141260763,12.286923296390892,22.520041315639176,287.19029567354806,5.770174367375558,0
41.09682501221061,9.701324490925757,78.76864416661769,28.371809629061097,4.99125067939406,1
45.85402054697626,9.529791491125255,42.47339721742633,41.07965461317403,4.081881714820953,1
74.80910703806614,10.839645814486758,92.7043653024809,87.25812266736052,6.901088883379428,0
62.576154256633714,13.212564029405897,20.63886237664784,18.44504404281316,4.45269096652678,1
95.68707681847536,11.64319591882903,94.35435908525636,115.41379640829732,7.880140335383757,0
72.23007172527932,9.563492465525748,38.80625869162566,1214.72793530152,5.617103843963277,0
90.43652338837605,5.110411783159508,52.749062759906096,255.14694992550997,5.83854747161093,0
47.88743955227825,10.49982182777777,57.70756154444455,1740.830732736769,5.567121977570628,0
49.87948759438956,1.2492904009264982,89.20272232696625,1036.2768425246688,5.314328634939554,1
90.99780398931996,12.22227284618189,55.86244724671867,906.6749618272648,6.991350342506179,0
65.43661583264722,0.5458429110038937,23.526425302909864,1914.8055058066896,4.335244436396919,1
60.30229312344196,11.33200461831813,43.0229643055757,194.2399892601767,4.933101110566851,1
94.70440676453552,8.243995260774737,22.46571355748353,2647.404692730312,6.6102495497485565,0
81.78114248901133,2.54521776470014,45.13242212186483,522.6483476419829,5.141064313507403,1
92.03710604449216,3.496183189885469,95.49244713687617,2221.264135397263,8.006508042573149,0
36.15465456911314,1.657233317948772,64.6136825658109,58.53420351402172,3.5795870932907405,1
41.88788379417165,5.402375238953594,43.70379761201698,67.60766958641058,3.56067063881594,1
45.68131883816928,2.466795190855764,63.91730649711802,330.7806995822469,4.156841817317011,1
58.979264994970166,0.1655925694407628,95.15140390079245,2330.824424371572,6.395684185952443,0
42.41058911754992,8.595521818227438,70.57895256918091,82.83941795746732,4.714764032578902,1
46.50345232912348,6.111449513185091,41.26919418216164,160.31487318727005,3.7895163065419326,1
95.43702249049608,7.942193043536597,45.73937351011094,549.1853606199222,6.258474089586793,0
31.277403601794138,3.934867126254785,45.56301495356527,209.70869264517256,3.116327651626788,1
81.17456538798149,8.56152809973171,23.31948489138884,2368.5567557825234,5.986998350125358,0
36.91039010507167,4.018282312832529,52.579675070744045,65.03208695840107,3.4881501310876417,1
63.10249127527204,11.116738565531572,58.35401607003574,30.587521035472307,5.401687750182848,1
64.3199334340008,6.304197476919276,81.32631353651252,165.70071822658537,5.725856850260628,0
77.60868783288862,2.8639069852587933,93.67031881362436,2.122738519935513,6.201909145510123,0
32.44347781642471,9.239348507604197,20.260923622106127,501.0789047809541,3.0800411244710686,1
91.32932947644584,5.072148579313996,84.19722395542126,95.01317848666352,6.733811344895203,0
32.787638988390015,0.9028342623093072,79.11348762799517,197.51165959475523,3.873949444403764,1
86.58072264345645,13.28435788364468,24.678999245043613,615.1344499360008,5.839601896422035,0
99.99853379849566,12.28510649393541,88.28430840232058,13.423090128667562,7.883692798467318,0
91.86985839892893,7.420219278478359,59.34595866323579,200.8921166223797,6.297641082013256,0
46.52874162313445,11.711979694321624,46.75319947385768,28.01122522391011,4.4489492311852255,1
55.64566955086927,5.866388575532333,46.40352688211696,9983.659527478594,9.19640120979081,0
59.94500861445024,9.293113064349194,68.09675959494615,134.84377925070555,5.437436328486665,1
39.83914399304202,7.506079253806703,76.57222635784468,2532.8114485651104,5.907746200120248,0
76.7096177881312,2.533177208438051,64.56511347273091,9.818004543073537,5.263564838822517,1
49.49036262453264,8.518067590515027,56.52079173504926,3723.344581841504,6.388717307005038,0
67.73241559797906,7.872778565327329,23.581660692468898,58.42388604024807,4.233236244246086,1
42.32204865092462,12.188665760288265,34.229204623568194,557.1922478808083,4.217220784713261,1
66.2027832612633,11.899236499107642,41.72290880814165,117.50276593203,5.148473627571562,1
39.53608643358802,2.5444229946933,64.79734066867934,2938.2465242188605,5.248929238982662,1
47.366781043159136,5.46686684787635,20.19908254346607,27.46204572376662,3.061061425679866,1
60.24170357016002,11.476958596877065,68.08340371136504,81.18430917542277,5.640458268422769,0
31.65199870802305,5.554993730693106,97.06661107451704,5.463485261329787,4.7363093962564085,1
60.182982973032935,8.475660630114183,31.057495409714893,17.6529852356885,4.195436736842026,1
90.73601435832072,2.403649515628945,94.88671109632578,238.51696259587965,6.835665340083436,0
75.47261370453978,11.119248667938436,86.76094349691778,528.8453078093279,6.998080373787633,0
64.61049873097156,4.2418201074969,28.50196976214706,275.05219863479874,4.001187152170363,1
38.366257132652095,13.39968654020876,72.848137828581,54.528265166552536,5.087327206767666,1
90.5285854903092,9.034409866684996,73.55723956930413,5.612681644056025,6.73410793418202,0
55.63078300694551,12.539004131626266,48.82664577507265,441.94217338134587,5.164902193383299,1
67.67004504207877,13.737415427893731,97.19710127866838,924.2398790484268,7.458576322356788,0
35.9863878226944,14.080545962315396,61.991048532342006,107.25317614042616,4.760868153179789,1
92.76209517730852,2.729835316011421,50.22054197427938,34.7705406837808,5.5074688682637545,0
94.23314303473896,6.716034378194792,31.791107812540965,2201.0934644827234,6.495209125826628,0
37.272139911391136,14.724678388359289,76.71275462111693,42.13846112758135,5.285805304488873,1
42.17319262599762,3.856644573912616,86.82139555927331,75.40728013554074,4.714937669277136,1
55.3899014359224,4.575279473663794,67.75257146339504,211.0687911240441,4.811235544267148,1
70.10417781396308,9.666304406340666,52.52909185180828,1255.0382554052312,5.974189436449453,0
73.09286461886366,11.916326022258586,70.64873287604713,3.491218677726667,6.236554782600683,0
89.48096651946719,3.0100712307341344,68.10797997395021,904.4012159150792,6.375685791028147,0
81.01220094215937,0.1045217322805353,95.72326911706853,104.84927916311337,6.175062924008041,0
76.51284818042114,14.37647847806584,61.36537103084365,35.90698192125274,6.357076396909366,0
69.79061133998842,1.5991597656069545,29.33083325366208,219.96480939950663,3.941447832469848,1
98.9221507212131,13.071738622482728,25.598412821907388,9.19451074938517,6.036609531128711,0
32.041812315517426,5.620257190101018,44.69992659389193,5646.087601277508,6.007739810086311,0
56.15282638005279,13.5745377593452,51.139455696076126,13.289096032911123,5.144395050035371,1
76.05214420788226,7.803831156801584,32.64816885905599,2871.2546885564,6.237541294045329,0
88.69298422705307,2.153037375652336,26.089407624785235,17.331075091140004,4.554370872936484,1
73.97629116032547,6.714319063355031,95.62931528360733,204.647806628254,6.601686914570869,0
83.52249066578582,3.9275586851649047,20.646351201738867,63.024756058671976,4.384558409229426,1
71.35867165392753,6.949962157852468,39.42930427392292,384.8236745557117,4.924634047437891,1
36.94670742088668,1.7834553296281035,33.26928656366668,181.18034825726787,2.744882600836912,1
90.33589453918374,11.41113733642248,91.96351923207288,157.2978792643189,7.592104031803944,0
97.20637162634009,14.34365625031311,93.72227429836812,3.605446607794816,8.136091442339856,0
58.67282538716348,0.8124603623218041,98.99038646581783,134.19250479699778,5.464966898091753,0
66.28318819594699,6.751659922458258,70.20764338830182,139.27722455348575,5.502361434009503,0
66.1029269211935,3.7450941641848736,49.492773327531566,98.18052939661024,4.552499957790479,1
93.24239174404688,9.344169226068802,97.23420365469252,714.0332761881003,7.938155340103581,0
76.39241314907582,14.353580848295037,28.9251596887262,1.7417311839668357,5.359680267046306,1
45.684022882438974,0.7106582842716613,47.26406429899264,3931.4555984490935,5.282076471919051,1
78.7686655665199,13.983008246125696,54.75727119233832,477.3797013359952,6.430455433711513,0
43.800586283398346,1.0021074307538491,58.78652782922322,134.02650027262325,3.682843279424327,1
63.60712347933079,7.875991813267445,69.21791143185955,7.728399773198388,5.412285663342361,1
37.0919987232197,5.388980444072219,98.82940620419856,23.984537806573027,4.999452448365253,1
71.17374142695583,6.111000180661589,54.71105736139044,199.60695424792257,5.199184873110067,1
93.12996280551936,13.655467977050076,83.89242784752591,1204.126098558305,8.209581194630712,0
86.80926940813538,10.933874868261915,49.18669769381539,607.7184932993421,6.34521844061574,0
98.34690859845324,5.352292720598156,74.11017432882231,24.637254345899112,6.704729473035565,0
70.78315164363383,4.731266962813303,20.80181236148245,1836.3707275507516,4.846692496646533,1
87.77591015019999,1.7476365264330744,28.65217061502369,146.34445417038552,4.618537404187211,1
84.72787216057273,2.16855810863042,90.51085940930868,13.01007071762998,6.327801514924026,0
60.34833215869352,1.7949899018605942,47.0033369646471,489.905428566094,4.248485099756261,1
71.21790731215005,4.702897701654262,81.94416031547675,11.958571156445888,5.783310157693954,0
76.31222830195651,1.20543092392368,89.74896564944535,310.1677656277486,6.020585076767864,0
82.38869322808608,13.60640106945568,72.75212673915595,23.94596490160232,6.850724620694491,0
43.37360990178461,10.231136624329658,62.547883189063626,4.676396007508981,4.6368327521800135,1
73.9502193037943,2.4268906681424336,33.35790461001381,552.2504303182736,4.477560192425567,1
82.5894065157269,4.417900370798699,96.0658899187241,22.870165047579576,6.638778077794459,0
76.75864899429985,4.319591423707162,22.029817335376585,1078.8103450557994,4.702604794731908,1
30.40027787628724,9.4344629229713,32.678427753860284,110.67158108019296,3.195146030504525,1
63.66052121344198,4.25008844496327,52.77122376726435,4589.084600571579,6.849108706337726,0
66.90190189525106,13.57927160778604,76.06144599704794,70.11273191889234,6.350902982459531,0
72.79293015786622,11.330390778562258,43.09702658585855,758.4402863181568,5.71688722490571,0
64.69713054423131,9.031045593199108,33.0541393950082,252.6782513858857,4.608953088632353,1
67.7943396355804,0.7045532732310039,35.481757671613764,21.18025749658792,3.857271771643024,1
94.49512186040212,2.090769871681553,89.68158532735787,111.01214793044554,6.734835495370199,0
68.27972574928438,3.6345735266242816,97.66113643844706,3259.262693497114,7.654111822535771,0
58.96816115189316,6.061776555721214,26.23525319480838,1051.4228559297885,4.277673125456993,1
74.0344265839066,11.65998485132778,94.21673835127407,9.82284939460548,6.958789123724567,0
55.681769595862505,9.196791559082536,44.68856605077903,18.862165473732603,4.497038004002992,1
87.47414815287556,13.568072431781712,99.6053494920276,65.59075467902846,7.876729031393536,0
38.64070181954579,9.434236502116931,33.84468608381426,186.93773415024836,3.5978611725830767,1
54.664711571829386,10.954634160856807,88.15973361407178,40.15459199928048,5.94692118338065,0
36.94345509590387,2.657561503712718,55.66621492791966,162.90904426998014,3.4949353241800067,1
77.87828142545429,7.268238411087172,67.66772337026791,62.975764952116286,5.903474681710984,0
92.0145654501788,1.4645633676631968,59.39260985055763,157.3566287793398,5.687495564679871,0
94.71023361100713,0.4321338315417145,69.79897689579082,57.49541222014971,5.954339740578255,0
97.03973744725032,8.319229883195197,62.145299067770296,1114.8453944204423,7.135294155452863,0
86.73296925232859,4.012193707306345,75.43006614821219,76.59363454226327,6.1717369425412745,0
85.98523002943772,13.197980799467569,89.38769345006982,553.8131638684551,7.717744666560588,0
66.0666741066205,3.2488190606902103,42.9131867983235,120.3609184553314,4.315124933511211,1
43.01613031127372,8.282461438729632,81.38567328195893,362.2491831838473,5.171586146374604,1
65.48299855492131,0.1610062610566204,68.89750234035567,132.58498459628888,4.768638130811329,1
98.13915258286482,11.540344261250969,34.567663469597704,1239.1018691093807,6.736181368082312,0
65.24443291449138,11.711056604133333,54.48551165906132,131.70550333368618,5.481301078431671,0
38.62670831861148,13.221528815288494,76.27810435115383,3370.1364195730166,6.840632554594432,0
85.66386951697663,14.77226139376403,81.45497638831279,81.67830227667017,7.388269362843187,0
79.87179278493662,10.14486300174047,67.80230342077415,4.461198132007349,6.24565771326074,0
52.63781904055065,7.467423188045919,78.30698866827979,170.804254533248,5.286866867741635,1
92.1808142470667,3.1028230662840794,90.34580215122136,3737.089463562246,8.57643367282884,0
48.06753443319416,10.995490544560525,59.06672937628956,231.40913357714277,4.909956879861077,1
99.06449518163043,7.584944477754992,62.33733020754055,469.8486782853112,6.8261185004095895,0
86.87416201397039,3.795546174336915,81.02073301060582,199.05996845726256,6.384673072539313,0
32.72890154050706,4.620685397013627,93.50508022100614,93.35298183451717,4.623053498869088,1
85.44161489923226,9.146700336403446,59.50020764059936,220.4698141472444,6.227575765901238,0
76.76127384134143,13.443852578243956,27.764270858867253,56.15328947077269,5.275840981979457,1
78.47831151501586,11.277441577829055,52.949641530683,1033.8082078889208,6.3722699682484905,0
40.664001382735,6.6911221613066445,67.42750558354956,91.7324458778835,4.364363661885493,1
46.58474393125336,3.5892957923483944,72.45329525961395,30.0850973380098,4.410960742942397,1
52.91340974051928,2.9584173123046167,65.86996909692951,590.8635357539919,4.683908961636114,1
54.57047214291062,14.131187778247083,40.06321627340726,1685.252046473868,5.640460174980285,0
55.43693693254933,6.822343162181462,86.70313441338146,61.77647854070599,5.531694065191917,0
41.06282202275328,5.693866029972033,91.62512710844727,80.70477621389622,5.0010056852677005,1
61.00986554379764,11.792686188010189,87.49097398376767,97.16546471600232,6.292975192423956,0
86.37039994740667,7.192387766192007,84.6211403424758,103.28919253771492,6.764333581058599,0
43.44254337835578,5.027544375281189,74.948343983449,75.58766565827865,4.52670032499496,1
38.537830134746166,4.632573663402452,95.35190735028492,7.376585003408958,4.869016084740344,1
51.58306602495476,4.979856437867926,32.31567054934504,15.518682334708949,3.538537742432689,1
94.48689527638818,8.281183836877016,87.27604522131519,2013.059047717784,8.232405075241576,0
53.71076926706008,1.764279857052606,79.9491273537607,150.64430408764895,4.7986547290443085,1
92.52625525248165,5.726844565129411,42.28740420655722,1606.249887440228,6.345481736529037,0
55.89210921214793,1.8284400675057175,52.54679770929769,210.4500518984777,4.100157332464659,1
86.4449499924898,4.382429742223014,96.81421857175862,44.491443398384064,6.822713252773844,0
60.94883564306716,14.815314384638569,90.77916366075074,393.5699298330648,6.839644738925598,0
62.89622037320297,10.29949991958262,20.64755748304001,29.92564124326072,4.180188351999212,1
71.97248595037615,7.899149633648246,28.7149931099848,303.125492256858,4.681826940807843,1
33.97338323115223,2.1376483851437817,98.04687075422552,82.90173829049503,4.55555715953248,1
46.91168710684734,10.628150201097151,83.70227096949586,64.90989183655675,5.482805579386763,0
46.34847986506912,6.257506991793305,30.50147545644168,2061.7956207881166,4.425631967869404,1
58.204794795040414,10.209964991214571,80.6962754402894,34.924328805055964,5.787538718534283,0
68.4389755920981,3.051702245610168,72.31689435956271,19.960086382826915,5.222216122223236,1
60.86564456538272,7.909928882172975,28.06529396164533,37.55589661991986,4.086355437991927,1
81.8991393341066,11.665235556565378,76.1982736510026,2.6475550373297203,6.729761116069544,0
52.976876568328514,4.697888691113239,58.25691115791539,407.21161483942194,4.540177074001638,1
67.81843361394628,2.140123424234357,99.20041426666582,137.8241603100802,5.971674195136301,0
68.8899847660575,9.016084748437205,96.99301171123165,31.162083731764056,6.582579258688852,0
86.14004472781059,11.25077937054849,80.12753180908312,962.396807965918,7.455704084422725,0
52.37027075026404,12.9918503576175,23.120745598409613,59.93851979138336,4.117587493620292,1
48.71146601684215,4.152525075501959,79.47524950999315,37.74356218834456,4.766840414617849,1
49.66249006016598,8.180160526339389,41.73114728108978,1812.60364658309,4.962751896764817,1
98.67957865272504,13.408807872216526,99.01027508094198,36.59022385667253,8.27666729768725,0
99.10682344833396,10.167759316471052,26.84721272833751,364.0683702384552,5.968499436549816,0
79.72911594475963,5.594260362009274,83.49934920752351,1297.3738374458844,6.902258068939961,0
67.70605876794073,7.9525609013365886,54.40373635238647,83.5963766514103,5.177408719748588,1
72.9565640432311,3.1911138185765484,94.55341603651434,785.9627982154718,6.4669578237900645,0
98.15276105559472,0.5830414954696961,33.3121069381673,60.01710141658938,5.013786350624072,1
84.88921421309857,3.837680129070042,31.415618609966565,115.0611712804196,4.779335725370154,1
66.81531082418724,5.56688601535944,75.5761341595535,94.9699074216546,5.544070013000866,0
75.08942102533649,5.95771105287726,62.63448197100424,145.0352314164668,5.5509000211395465,0
41.82514428019265,11.967556980256497,62.788203201652735,35.083024123238594,4.770949077344557,1
73.64644336126149,13.10594948053442,30.31867764888849,924.2523462961047,5.628139185118609,0
92.8869890149538,8.372600915204565,28.97935551951085,50.237995140735656,5.4472393152743015,0
99.57509887023996,4.75117824148618,45.76458214120196,2421.574313574763,7.041846399981656,0
43.60353538682424,5.829021194990187,28.305376785952703,29.335040633890948,3.1908723588675145,1
56.810546163228565,7.0679897815056405,58.50269285648889,155.8101180688308,4.812206669408789,1
66.42955409740101,2.597400025560918,34.123675057522284,1141.7484591172583,4.51150664773643,1
45.61109655848187,3.8584102465893313,48.55632020585914,83.98556615923593,3.7089672762536,1
87.14506625388276,12.022316504171336,57.04807614803674,11.076283929276242,6.405014726978185,0
53.641479619409566,9.285074877801234,55.41379254015922,22.168401339940285,4.747664649431253,1
75.42751246859771,8.839544561185901,85.5618591446696,497.08754945630943,6.716454503930741,0
49.86417436606944,8.29015683290988,58.86492199586995,1288.0505445529382,5.233555590086333,1
81.72274700093722,10.360358414177096,85.20034235554287,555.683770986173,7.138797877614571,0
66.3758888330157,3.88019276139469,56.683962401604745,131.08232410937177,4.809114863562925,1
95.69029312752704,3.2602561740588416,64.38398000639813,489.4869716535793,6.329900228525699,0
61.12027212109349,2.254816165997344,43.44016705137702,5.335589810297927,3.9761653078899335,1
81.43439438981517,12.179628427368865,29.86548636309891,452.13607870689657,5.597371248575909,0
97.79197117380647,7.956463164792368,39.955563967211646,19.996548631869725,5.91599035676378,0
37.13757025335006,6.655740139682742,90.08967074469604,28.94282936565144,4.868238361125983,1
80.64336588967919,9.530876950387356,93.04683864273056,21.938829626443177,6.98119690472104,0
33.934749539491584,2.502511208668148,43.15185450313419,17.860167248925436,2.9111268211649666,1
70.74546132504662,1.602794046501448,98.21240926632515,3.6967244532392063,5.938318497868384,0
36.91552415469889,6.2445109022361125,43.12718638296848,3139.545010567412,4.964660153184328,1
88.43071659645035,11.792300091860138,91.05748000923204,6.354423089767536,7.451360284865872,0
94.92766610261872,7.865556909940048,35.7427547389916,10.705887653045908,5.661297921095025,0
32.70160214688953,6.579655509773185,73.58581605447031,429.8521579883069,4.388530197481162,1
83.39282761163244,4.987293629417295,50.38457505675301,39.42334055690998,5.365691389388073,1
61.52624844066649,3.3990655263277576,88.91951661531263,101.80894194846417,5.519446459693048,0
77.20198390482133,6.595629331034816,85.37926944585968,76.65405112204722,6.347347398233149,0
73.84524494000101,5.845667987685943,54.83231621542914,2461.733583423797,6.414212874543408,0
50.63031340006711,4.708976405972748,80.12396039907377,415.6121365502791,5.107635056847312,1
88.16630197057248,2.3637021478154447,36.88283818054413,13.231470853316864,4.876123174447426,1
51.63625500328638,1.1684088759816351,38.67641336378336,3.9146123315387857,3.3445407948088888,1
93.54390193690551,12.175344032278227,87.64192898984287,1095.4176097522063,8.136257155275434,0
30.577325880054904,10.766492777778396,83.67793957903899,56.29814342274274,4.838229572062576,1
83.00800841432974,8.514459261628794,31.988922566125492,52.11064497174523,5.157489262205707,1
61.59240195775695,6.944517883045161,22.33174022276094,393.0144543619596,4.0246073004786025,1
47.63657424216354,3.1626492163448248,98.04730247369156,167.11037896757588,5.24670215501556,1
67.94985926810833,8.118916989547149,76.72052867751674,56.0381085070042,5.859520984258051,0
36.82285997010053,6.0379445501698354,45.4775698334943,474.2885953682859,3.678180246509977,1
99.80026612437528,2.071354681866367,99.62211368787584,58.024353071255824,7.216821700333551,0
67.14701833684197,5.377097112428553,39.53480362977593,560.8761519608386,4.690072629590231,1
79.70975493945109,7.899045232700981,94.60652718694172,648.2640599344139,7.140622566423601,0
91.8953696358889,12.888916403405538,78.41693620602703,93.15788759027912,7.36379345575206,0
81.80890447521344,10.604540463059369,57.76867387377529,9.220458164691014,6.070480670610079,0
82.34634355773306,6.548700215766354,84.17926496549724,163.3469919013974,6.555775208801574,0
63.94946360480108,14.008182058824168,42.581135748447664,1707.1193005886198,6.0897904728222,0
50.2099229990056,11.600641570948262,27.211344703188797,159.79488068570254,4.064698858493565,1
95.64240631275727,5.105848702486495,49.59302117917576,168.40940152019914,5.908276458894313,0
70.23166301740422,6.953376700662743,59.85108735614282,5961.813607314624,8.28104361510404,0
36.890529658462185,13.249385162665916,70.38302039254519,17.95564946721593,4.921028139115043,1
56.47081358831677,7.797937601036396,36.29641052567519,1713.2120673235654,4.984124653068349,1
98.1926514780453,11.137487682873449,58.18395163345131,190.32123222148115,6.882133992523437,0
85.97116393029117,4.670145157040583,98.05595567899393,3567.799235310461,8.631439360940753,0
45.64620724794967,2.8639712951079046,24.517342678893183,64.64255509365674,2.8800869773424007,1
32.07041422150952,7.632996660644683,58.43104952817734,580.4325212151919,4.089263981377766,1
40.35576522405002,2.559735911625713,64.48179699647378,4.239796141330035,3.80677800808945,1
65.170376894827,12.494513572063132,84.8357725633978,400.70648956217616,6.601692854682416,0
88.08906102053862,0.138130006405639,37.52967952348945,1.258548910514524,4.6638951016220505,1
66.00227897430983,12.781574789864148,26.105739551857347,90.7043917405365,4.746773020384796,1
63.38083863866554,13.91294347705505,56.21639319700026,54.01807612145376,5.6400287272228615,0
50.169578959231686,11.789989535827283,75.01030178723738,56.492862201626,5.46433759666993,0
53.91338291205778,5.981465639730023,74.81708224522855,1804.147208521714,5.9012679520730265,0
78.51337701607713,10.563710285236226,50.29420248961212,199.5683121176504,5.805516339913896,0
72.57033304551358,6.974713682996288,57.1259903603348,66.84197436607757,5.347485388113255,1
50.69395702057548,9.858534058866685,63.92462110768764,15701.379607559827,12.78204012372023,0
40.33348211968217,1.4746100799733823,91.91925000040656,55.82198243421056,4.546288784013926,1
43.3146478373023,1.36618912627972,20.93159884688461,10.89254834983882,2.5025990657015216,1
54.27442179091671,13.735856405478067,86.70554431172086,10554.73110575324,11.423094394412722,0
71.22214739909057,9.958088298929226,65.64420307734326,10.475699425750385,5.819258667889718,0
37.07392801540367,6.0335799418734775,59.50947636977547,569.59659159236,4.1563977016929385,1
39.86057675007409,13.127089476860698,67.29993079564713,3.5064957639706664,4.927883189440432,1
93.20336142877696,13.271326324039498,80.15044269080141,135.32568417675523,7.52744321236745,0
61.782774333709575,3.635359486549712,62.17187767012939,340.4910411706703,4.870248772692571,1
35.5299995664583,8.512307069138691,43.68191783995628,224.13722711224617,3.6949568383270126,1
62.47825642513996,13.749527845441076,88.03442076489385,59.99862126652117,6.545114975129782,0
81.8475698309984,3.336610638191277,78.42964063533519,7503.611147155685,9.71225864969696,0
34.2707306125412,6.098376757768636,39.74268685408188,269.0178536598981,3.307456432730917,1
94.68791287149128,2.6122867568494264,34.304691954594404,2.938942817457637,5.079355420591156,1
57.18900241650082,11.237927299160308,76.8037208388388,36.17839382927866,5.7335536486558665,0
94.1536306938937,6.337814273634846,71.95440489555895,691.7500021842882,6.904433803078145,0
89.3262580404118,1.9201029589199348,67.33192820238784,45.391049817642106,5.8077139884889215,0
62.45063122527931,9.066682416373878,22.502872755637583,80.95915418447308,4.120259250409924,1
52.940847683175775,7.264310342419447,59.57729365599421,945.536027856596,5.104151765177099,1
60.48085195838495,6.9371731291016605,26.838610977546637,2.043031093345528,3.919131236118636,1
49.214008797777126,7.2664351701771395,64.73166017884971,202.74809876159884,4.73852772367509,1
32.961764206640204,12.043538797699169,36.6630406440082,46.629514256717954,3.64603042448413,1
68.9311968570027,3.838250876826895,30.386167579351746,877.3085235245829,4.491312251105642,1
40.36578724987758,11.87948072740804,97.79365745418065,598.4812842944405,6.035629928508547,0
80.53830784333704,1.9459220754583777,79.91239909246251,81.55203724441643,5.8542725126754025,0
79.40835592660659,13.513705146282652,60.89548971638514,2234.5177073833142,7.47182829687574,0
54.25719663038369,2.6382331457298145,29.24156263034927,1306.181971538687,3.964449044468151,1
61.99754904492866,6.423652477027993,64.68940726499312,1958.222901225802,6.042060878062641,0
64.99586140501887,11.73134486535442,80.44531773699336,378.6811481180157,6.375669048905007,0
59.26591542744265,6.53048867384082,20.44337437685241,4656.852742068369,5.9654130868215445,0
70.94358531620448,6.584941459788922,96.25823848978251,400.7055125511456,6.58433746959612,0
72.62129559898227,10.964490727790368,41.59997191818804,7551.430006274186,9.02501505742106,0
31.78360357912528,10.868452359142507,65.78243526925809,14.257637361193382,4.338791255837601,1
48.236522354663336,4.19679493824206,39.90433858716358,36.01251660174114,3.5642768039265174,1
32.31230116062318,0.4344726986130409,67.17277442470144,39.12419990949728,3.370684648982023,1
99.59299216644892,5.9127698654959335,93.73238795086534,168.2472509128731,7.471091937189948,0
31.53346587169855,7.769122496527657,32.71009102703661,27.116015733130187,3.033111623198371,1
49.55251205688028,8.252690906469061,71.97076021754054,4492.4475122916765,7.212716135594173,0
70.76721881575887,7.711075667050654,91.50480874125256,2.2145156386011977,6.348047839392298,0
61.82076046028686,3.9251861475077487,65.95855930312284,1456.6706803720788,5.572441152441974,0
55.29469631045639,1.114363554915561,63.77026202399895,132.50339963242067,4.302583768445991,1
30.511651739870807,11.432321243449614,50.36753287833405,223.18416713843865,3.986316263859035,1
38.09734902421515,14.954028833245545,74.51166478767735,68.46004601868516,5.288876810932823,1
91.7362332027638,9.839189840818396,89.4100019283138,506.9225899032938,7.589129664993452,0
72.70774906385866,9.97479098228347,82.88695841556185,352.61112915075813,6.568703377824928,0
86.33855490860392,1.726642347634178,70.27374663241216,7.766384330626332,5.738302022245252,0
94.66703591717534,5.3837322444499485,93.1870207067162,13.666042203369358,7.127498303435178,0
65.11622571016731,14.276165331638214,59.51436367132615,790.3319062124725,6.212862424816535,0
76.54538636548838,4.219501222242014,93.16866784473451,286.3391852945612,6.4219952048330535,0
59.161088718208205,5.395783574720332,71.9855945522012,211.6812272858411,5.171430356409318,1
71.84440539056789,11.169861907521682,27.350132499382987,27.497761734894244,4.825015262223821,1
85.9203012792552,5.251999146830108,71.4811759129015,21.862442348479355,6.117378464414504,0
57.18471163915052,3.9946702645073096,89.44993859082915,2942.181370004844,6.841444334744048,0
32.276310023849554,0.7624330581948802,38.98306656022038,112.2543361687556,2.59291487166446,1
59.1452420564686,0.6425258427376357,28.42381566859343,11.054359400046694,3.288303916290334,1
81.35362282647307,3.128335602206265,44.625594140745626,58.28343538285467,4.934888015193346,1
56.42632929555069,5.975915786454924,57.01026909195623,4.347622358383775,4.567126634405399,1
41.73269439141802,1.9925133362435032,95.26759002498903,3.169720132321705,4.728171670096903,1
69.35019404416781,14.786547866647306,54.222654142464776,21.622954924511653,5.890153650167642,0
52.68896743261328,2.517164128281152,73.35948297960013,48.18404320402779,4.584151621122665,1
43.2530043211567,10.053601551250969,27.908308300897016,195.11630585526868,3.67028772992591,1
52.15069804159028,6.731904903076622,55.67608308388077,7.215423691121126,4.433108616333257,1
77.05997950601537,7.929568275613371,62.676533725812966,88.87332536986374,5.800088682261272,0
54.63982693817805,1.5336292122353372,77.78873170824548,118.9063441217873,4.732071122058914,1
70.07995198912155,7.575208471741706,98.72499034260326,1.833398076940382,6.5233853360556,0
43.577053432410985,11.05744174460347,48.467869285303166,31.389576389462565,4.318557178510613,1
54.14760560532554,6.082484921163708,31.88127561501755,333.2804024332617,3.8972311859965503,1
56.535930893847166,2.0542042077030773,52.74484707287825,1675.0855703936363,4.886745853907359,1
58.28228263112804,1.7045167287445135,62.75228382640668,4683.502770702375,6.726062878262962,0
38.61809009017074,1.084231597157016,31.28216439100704,33.692167723608016,2.608457778914546,1
33.939484236279434,3.619232754315712,30.299260661069923,676.8217518949425,2.9668913406623174,1
34.352820914278,10.310909813177163,22.73591804265841,1889.1749884711796,4.031868853404179,1
39.73613924077005,3.768637456686606,39.33213100719623,4.825921055472758,3.148686206043086,1
39.60368024495365,0.3405528532271773,96.38842100898674,5597.904995927988,7.30880762335446,0
71.98337498721077,6.243872329477259,23.691808518000617,147.8078325621127,4.288380404257231,1
30.82740649441788,14.83738811887776,95.97506248231102,14.606627650163794,5.603390259958903,0
42.29646169546946,11.396708296003265,81.8713142913721,352.2667185489439,5.46380208543474,0
94.59004687869437,6.100019238634124,99.3152557127762,1405.6758318559057,8.075899386322426,0
97.0810882694274,12.649441110483146,28.505036526173384,13.608275214174393,6.0101428752177,0
90.15878209508864,8.76370039760836,43.31680194345942,613.8665767017878,6.089158670219058,0
72.83099111026587,2.5665288438914424,76.82835132277815,194.5187484987192,5.572002442732483,0
43.49264137140629,7.694973582408842,75.75499531091677,47.77977679099073,4.805742760820134,1
65.14533505582583,8.015333064250918,51.11181765266099,896.0184139583876,5.388710445217148,1
84.81560096290315,0.7666422584489163,80.48356206076842,10.059481817440991,5.888824867092791,0
43.50178653937361,9.42966834174942,25.46377248218552,56.63801383266133,3.475270477131783,1
86.11404214953187,8.850206241555394,22.66557553727713,93.7200746403937,5.056409613575325,1
64.9973944346774,0.2126618308835753,91.36811942546234,382.3254601531466,5.553368273315897,0
61.99689859938681,8.895632668638196,61.03107915025199,4068.5794353604183,7.23466130302706,0
44.66346046063022,14.67280701734961,52.60617841809682,14647.035380150042,12.155522162778094,0
40.08135578476517,6.988703637952832,56.76463795696652,16.85413475672535,4.013490801273248,1
37.35700067803664,12.400490923345188,33.19073382067877,5.085075053027435,3.732593671602861,1
84.65638327202888,2.13769365864962,59.06617785816242,3.4589410768468363,5.373739503029413,1
90.26690119231142,5.458982111813979,56.35982064315401,19.319266585935008,5.857028511461443,0
96.81227398532936,7.629961116380549,35.44141231524192,30.848689197911,5.714153785107443,0
57.27468574431725,13.71360331759823,28.05447562970709,116.887152022828,4.56242560643514,1
89.80796082865187,10.571520274631844,93.87416901499384,124.42026182475853,7.527905661971454,0
45.51540112472453,12.517782037087786,20.10519631121907,40.39726146956885,3.695748768769116,1
98.2826915941833,0.3901933942859492,21.218943822199563,10304.016553085055,9.758903594404444,0
85.6621588985013,2.0957533810008417,48.05103974537468,149.1435965198934,5.152164684661323,1
84.5015986735132,12.066366397747574,59.55301377814117,433.9987492277235,6.590290374673383,0
57.18709531835117,1.1614103331754932,44.85731921153727,101.87463708713396,3.800281740941281,1
61.3241101925157,14.35963189246321,72.88079022776954,33.426943028015764,6.092064775294043,0
74.41139968710067,11.44873467492405,22.599462148898475,176.58646052183727,4.887606549704305,1
63.64734897735187,13.324100502578135,39.82790418554673,375.1012132005197,5.26069174151855,1
96.64071704092233,1.6602342335115472,45.715396565816,7.754948002353169,5.406991475963703,1
39.52346809126821,14.697346440245472,59.54438604812215,4827.6377726922055,7.250823835465043,0
48.8614660807775,10.562192973478425,32.57989098824025,36.68238820325868,4.00641586432778,1
88.72339301602526,10.725100433386077,94.18100444995343,493.38516643093175,7.693568480693686,0
75.37611248028568,5.385198705827877,32.193253413585985,17.86247288088969,4.528293208642239,1
33.880239315312274,3.128133147753596,35.018852759820724,90.4696776907022,2.7638233090278232,1
99.93313355818574,5.323982014128147,59.67962009910614,2201.55254691124,7.420888420169049,0
88.02765665770406,2.3396460335715643,86.23861365363545,16.63998746366969,6.350549273006218,0
81.79228766099872,2.9432059106302457,65.63418214753705,1162.2522843733443,6.116163704115758,0
57.43156290057266,8.621832568045482,88.10488747270446,1274.7852575994016,6.439985025808289,0
58.64391054669204,11.66898999737888,87.90061773399356,11478.39284715082,11.888870377200783,0
35.60272493973991,12.016919069734229,74.23616114399557,1340.108009285227,5.5229397435255,0
42.68322227746295,2.919110945144851,25.05930392043724,1303.4652835110694,3.4027517449816544,1
96.20719145189662,1.4219479939121822,69.19984594856581,27.637489120637284,6.080296580484376,0
45.26098888887599,12.988267867819106,21.57351436202078,45.4070671655857,3.779175306780367,1
77.49220604180876,6.424865577162096,65.61805706617598,1039.3504717942294,6.230391747270954,0
50.26943586864556,1.4645723391209189,90.73209985160229,1362.194157018061,5.560294742715013,0
94.1687365531369,7.966235930628855,42.58096843882216,20.74998709210292,5.8511771018990775,0
93.50689294395666,9.168678024673264,92.21935219420922,3613.72675745671,9.230587464780225,0
54.5632637487211,13.931786382279048,55.48537562353356,66.05099859939722,5.273295956182455,1
51.000824102874006,7.808835311126559,80.19333629888237,321.4155701842141,5.387424369286195,1
73.51904281940088,13.041029547824294,44.51762986896951,65.51275991487029,5.613149943584986,0
50.30701343974253,3.7956636611431622,96.61861903287551,110.24908529733236,5.34553001733895,1
46.72947824829234,13.031664561278404,86.53600181987721,477.7363219978656,6.007293801654783,0
60.76378684111529,7.3235222327462255,62.99274414506993,114.95240706142364,5.110162224802044,1
79.83523216227408,8.988033510218399,89.09546285889073,154.80215079586222,6.842477598677457,0
63.489021318027895,10.487178590926536,87.18413583345395,15.603327361167866,6.211604450497972,0
47.40487779573163,4.483012826860894,92.95516838868964,22.975127755458846,5.144639010053773,1
97.38158710044644,13.95738440707393,59.30497750367216,217.62787463166728,7.178965187151249,0
99.63218570160689,12.193254027661554,53.29760266762507,2308.019105043413,7.95755046338089,0
77.47023332866756,13.947941610029558,63.25070111782114,36.48808419404134,6.4093685697813125,0
58.28502937679886,9.71963048812235,67.4574989927207,322.3306965958656,5.488254541963744,0
62.79087256519771,4.773083489301939,49.53330754117541,106.87847005745915,4.528381712802094,1
88.55284466427017,5.778813607364354,58.78828363222409,11.797398840714242,5.8895423556943225,0
60.130258469670494,9.785118746217565,58.85694237078712,1485.452933702987,5.892156951383684,0
31.128264996152694,13.170758666790126,40.74417516498974,342.8279523711323,3.955945697660378,1
77.09957558852378,14.013359616977397,48.550240548442,278.4944754268116,6.0810734394053565,0
57.1362523766866,14.444456375250445,35.47760617349045,1.3174288632235454,4.794882632228834,1
78.76691086194457,6.958019064507967,66.7941317767174,2402.233825605284,7.051419207032745,0
34.595932924023614,10.378671592791807,52.518073338279294,140.39178997782253,4.067442571377415,1
60.36243110215542,11.805292027600304,49.4191931616638,321.812619771843,5.238508551582083,1
93.62966239805296,8.434742844425022,41.89237196323422,18.403747566419188,5.854633813044857,0
85.55346215587952,0.7600425912349951,33.497124889042674,40.20982638175745,4.523161405220839,1
81.31192058828623,1.9217517963371276,79.77228437621449,69.69547524572378,5.872668272074458,0
94.5527458193418,4.403180976678623,40.56598002046658,230.7497506919676,5.554782206401516,0
58.713174376276925,7.107883878803095,63.54034245916263,49.95773794001509,4.990504505676274,1
36.60671370891189,11.772236721361097,35.63579377334983,27.029432491158275,3.72408074993866,1
44.49723009752809,4.262191134570906,38.93719864060952,36.05813390471005,3.392253343528855,1
45.351421685873255,11.100779292911044,66.48501287688475,962.3628706630716,5.399866618364113,1
73.6163009780658,4.423919712474128,59.08619899889485,250.85094646217084,5.285055453567975,1
70.67841403378794,6.539038982372587,42.61819679576432,5.406278769469238,4.762289502846441,1
74.96276825860159,9.96249989226208,47.338617199368514,117.73171850337968,5.473785094803017,0
33.89227355730646,12.02464253918839,92.575186099092,300.24223641919605,5.485531897393455,0
95.47384232105416,1.517379597680908,59.10968257660805,49.70849566972268,5.76883637774336,0
37.63860352842824,3.397126711915464,45.9632522454142,406.2391077313145,3.4272739335567595,1
86.8244120036614,10.918703846228007,56.2641023199337,163.13992883129947,6.3343398987829165,0
45.99917276881956,13.128785651410574,42.8723140165904,2.3194975676041487,4.440174645175354,1
91.0163388503659,0.6328317782935938,28.952743250099235,499.5923363855792,4.822315197539762,1
80.61757708835609,11.51807738875289,92.33781376264764,345.2019890626356,7.319246229820279,0
66.50159345074414,5.574895281547749,77.5240358364864,132.04083571983267,5.60929475913905,0
99.23493485145691,2.0225642956133205,97.1666471507393,54.50106953608462,7.11390377290983,0
38.008697636836615,12.890881676184131,32.01309362234272,27.52006010676952,3.783588911815544,1
64.95972269318437,9.803352548030666,36.05631662758473,23.935544979475907,4.672381433847722,1
83.54316979743575,9.542123040587713,31.253654359975105,2681.717062339056,6.574407257924983,0
35.26007520027713,7.149117450068964,26.907469617279656,9296.22329281595,7.580650487944347,0
55.36857940264196,1.989038548521434,41.76945714723112,349.4076884573,3.841434589603405,1
62.321736606330354,3.1584981685735847,43.28418550443062,24.7453371126666,4.119617514799824,1
34.97549087888104,7.729185932369376,96.84862898852012,64.2053802189815,5.109499788157273,1
94.45465977938292,3.843886085336158,94.32588543435908,90.24186923148028,7.037472497355444,0
53.98820778891693,12.270604056525638,95.89178967282902,440.6924807600012,6.483688647774112,0
71.27000862872566,5.395077238841781,58.72714059033965,5797.44074497059,8.050842659228689,0
55.20152059689141,5.460181572244566,68.05186590328861,14.149279321346274,4.802709597859445,1
81.66956936520289,0.9030124433578712,52.71015614801284,4.044521985885252,4.940410964377231,1
30.34940502732117,12.343568569972325,44.33834668493602,346.6037297601107,3.951785323518216,1
75.07985089795875,11.516254942532417,80.91273239898376,10.497567771928606,6.587450286027069,0
95.155297985965,1.69528418001714,82.15921687303486,1026.2729492677593,6.953653318265239,0
68.92874747465433,13.378606963781229,27.578150629698364,543.2751724352543,5.193992700472874,1
56.470851482476206,2.334804944810724,68.0408146583228,2.708660981070526,4.53489332402034,1
51.99918322377752,10.210861090957362,43.94128283177895,309.09024010896616,4.573837043054689,1
48.36519945585733,4.317474329859218,73.22830681152455,225.76636680715688,4.6760877989695295,1
68.05064937391886,7.632213104811438,33.02607655978119,25.26015440669769,4.488659659434683,1
96.90922563284194,12.68312388971209,93.58132299952084,1422.4600479054322,8.663351128223228,0
44.92071779601304,8.017153219424396,45.69697112324211,417.73964665135503,4.178322990805902,1
34.72833205778809,14.363011132975313,79.23792086427184,34.452421829754435,5.219798232452087,1
45.20484267989396,14.834284863205587,79.8682192301547,229.9045590728002,5.802621049957358,0
77.41472031168679,3.5153292865147696,69.06308261305993,123.02561827366542,5.58152702864758,0
36.79594065064258,2.858485897598928,98.41264516529502,6.345521195919129,4.713238331342406,1
40.41055674229948,8.001130373142978,27.270790218597227,205.84845022095325,3.3375832386746707,1
41.82004603643366,6.312063136356824,25.428735748094844,2530.6322642672963,4.332186359669522,1
37.709614457016855,3.661195026826327,42.79731097749939,7.871819704562149,3.162359320140569,1
88.75104722937883,6.569904972487119,45.24325170847192,7.202404885087338,5.5679311401205664,0
94.23183894542392,14.23738879914873,83.84099236367568,221.1976871972789,7.818841052240739,0
34.25957949573948,2.350259566115719,99.47165421370268,190.44523757602744,4.684781381640245,1
97.09867718133349,13.740356434668392,70.64594330059836,66.06893394350492,7.4103954967098815,0
63.32646396400471,10.488345697561064,47.55295331384535,89.94602136285245,5.053454738413081,1
81.96648473717968,4.201808802063392,27.85919045889827,91.55289727475346,4.580392432097852,1
76.23589697920315,13.007123067203125,47.31654098672977,770.4871931965182,6.15488801208859,0
81.1201344203649,0.5563343814105642,43.95768997322602,1749.1626994220628,5.493750863863466,0
45.1978127495414,5.665078782744206,25.060933075111706,7.157002326151233,3.1298268816725034,1
87.45025709880507,1.5362637040447762,59.66048345418113,1660.53343555146,6.271717875757844,0
91.7198626266811,11.464379158158312,64.89988233898546,957.2935571068982,7.240875669606089,0
47.67429492751359,5.867494832018267,53.404962799687794,169.53634604520803,4.180638337315608,1
61.391540178757566,9.38952775257482,61.44944025185787,5.4964802283194,5.2408458300776815,1
72.5863309185169,5.4717632938885465,71.32087514791787,429.8342204393156,5.805172930786725,0
86.97162855793835,2.4920716435082344,68.39526706797142,888.5151774906631,6.224187907452832,0
94.69726830906976,13.041503658829628,70.6565700365421,24.17992012983592,7.223828159406935,0
71.74842753279103,1.875300262703516,51.52740602754611,1114.8151161281148,5.160696866472433,1
91.82152856945632,12.433467136694563,92.8028051274637,83.8275177209944,7.742205769132118,0
99.78198331105526,7.395708165161888,74.23870332656924,8.73339598394256,6.962377946747447,0
78.98079380445489,12.5022539259175,22.860498029702427,1532.4019241756175,5.861473047748828,0
48.69015840290451,7.6867186410854975,41.32580318382368,200.74435141316292,4.056424471446023,1
67.06562893431808,14.441930666949476,51.26686801956463,134.70793550395894,5.732178232406589,0
40.09407557842513,8.729459320002041,61.4685388157684,20.974372275362303,4.331252305747942,1
66.55995922154762,5.2582128766805285,59.94720586265296,97.00714718433166,5.035139406001712,1
86.47850982842658,0.1702821332239779,46.73145241187585,117.367389831651,4.936795873731563,1
35.88207520799031,13.82333155129633,46.921746011652,39.2801825672535,4.244908635082432,1
81.96556253842428,2.569034059994305,89.97030388849309,96.5487674844798,6.282909407933434,0
92.5252515674257,4.294862728294041,38.47637369187981,3220.1130279672543,6.894844060266454,0
99.76943217335678,14.836980579825322,52.3674695419702,508.02179568925993,7.299510329020539,0
34.41148047857182,3.443455907742136,98.54249404125687,501.6143292707148,4.92788679579015,1
89.77872995906839,13.888971338419925,34.29175041282363,1682.120350440726,6.8498590198098,0
37.50509928162859,5.335314078766425,55.97578063024744,2.4027647673869192,3.714210180432903,1
60.737422691572895,3.622943451868204,41.85301763151089,2128.4362395130524,5.111599901551589,1
53.82627942493746,13.350640846241005,78.52530526827582,94.4689381608912,5.89110888875032,0
42.57764785104126,9.956756989222674,44.33482463439701,1569.4726474384056,4.813562675715032,1
81.686843441216,1.573583068431688,55.26504144270319,129.2753495896062,5.147420962567708,1
62.846833696772485,0.3219185969277899,54.797758081393056,574.6231420359719,4.477309521023456,1
91.20420541311285,0.7239959720869904,63.56450481678395,74.50696157667414,5.664756439025068,0
48.841327270825694,13.605490077175306,70.839671543093,276.21256977016145,5.577498529728429,0
96.77837407873508,1.980093995155899,76.56764293134003,1582.3377740197964,7.157342537615092,0
73.42499630483042,13.044858577350016,66.07737999090432,109.3576677314258,6.27848594352106,0
98.19173474355468,2.1485267554409075,22.14998517972909,111.3445604680103,4.862693900912156,1
57.24902448643047,11.90604702080828,33.3991562077578,61.60702818083893,4.513343881861201,1
67.07211036793595,13.34658411586407,84.64553342692015,10.963192823475003,6.562390425523187,0
70.79879191280585,5.449761548820912,96.116709471988,70.97185655308614,6.295915043830509,0
75.13059162359446,2.8727431990281542,30.66555747654365,204.4005453350057,4.314664981810406,1
48.39775600427848,12.166027226889064,37.15703882661912,10976.095351361188,9.755271803339213,0
91.49123751653453,8.069496561353285,64.76822354729038,11.97372803743702,6.415632727234139,0
45.38132682583032,4.594685653508039,89.29087791820284,45.68628158268301,4.976291116721443,1
89.78572380799343,9.687253484543962,52.47076152411537,1376.1559026931006,6.822355097844145,0
71.04494330282193,0.2721857981957037,65.38419844568821,11.47068788276984,4.83627760924448,1
47.415142209064086,12.483814094735042,56.71780286145438,13.144331128888629,4.853093349244143,1
90.90833338780058,4.552771706390688,31.518845327834555,1999.772205345628,6.037061968658943,0
92.16712643654448,0.9176677659732024,73.4029676632684,2798.059750745497,7.379570739329901,0
61.30146574069939,10.238927357542464,77.34664412550742,155.15829004331223,5.873929834169101,0
41.90729566025611,14.917298456100092,66.4275739599421,677.3166890640055,5.499507235350519,0
81.35759040052277,10.433107988050782,28.08556797666805,1.6248984819999654,5.14099390336703,1
31.502493158578755,13.18633762154036,22.04603241590651,72.80289498845774,3.2765159084686104,1
74.72784069416491,9.51705510790372,33.85358016635455,60.8073796734814,4.986830233384345,1
78.87554535687926,2.384191254535864,85.76160183702112,865.967956094677,6.399272972886728,0
44.4310825058292,10.655129994331018,58.6398839786567,36.85070820298789,4.620378173127465,1
80.41830108311714,12.94262963610373,52.90871722991628,12.936414108519411,6.104724730886807,0
57.3667215885834,7.582127083463159,21.94044310349321,3.654200646742808,3.71292196531782,1
54.49496898329743,12.88332588309069,96.22831358372984,9046.768374566373,10.878364942436049,0
84.98858608099368,12.763616161324016,33.62593753357177,340.2041305647156,5.854785250661661,0
42.52068927363452,8.76878193487657,42.90718360875327,1731.307596362178,4.730575070876725,1
74.19880794767911,2.4976498384602026,73.28513714115707,4054.6566873329007,7.443599759654347,0
48.61579435581139,14.659671205768936,85.20357406637169,944.9191022045136,6.439165667902757,0
79.44064433942964,8.074512434267138,34.04853025127256,188.79474497200437,5.100930297028079,1
46.54055359231359,10.01858508283821,97.63383201956398,11.759362745940583,5.798375293936255,0
45.488005219913816,12.838452651839557,34.70816947668538,157.92134802381074,4.223571232292975,1
92.90127958504866,6.788607773052406,45.77848834660862,1.0553965394088587,5.76879430937515,0
84.52523851793788,14.533630021438425,27.20599616051832,352.59386849004983,5.826849361921933,0
51.44793966369501,12.876832047483932,43.56931903943117,1418.306330312625,5.361833527635441,1
63.88441325753383,10.32506197509544,97.074875313193,88.79449143159198,6.5445262329224825,0
55.20025436088163,9.67847419308278,74.52433139498899,249.08641368297484,5.5361307424347,0
77.36607831358519,5.856239596252657,67.54914766300699,166.5771843070163,5.790030114212391,0
59.17154548536279,11.420450309012312,37.79908091215379,9.09795023057611,4.6474282527956445,1
79.14598154377715,6.642272499626708,96.10694850641588,103.89655606550492,6.765223244938986,0
31.243576061492178,14.858838796900166,75.1106990200789,48.25946481046794,5.013077625157305,1
44.57142863302694,6.351973990903222,51.9195749411632,1227.032332037252,4.589157958664922,1
82.48853132953386,0.0302962930271999,82.82093804800945,267.98349785623367,5.921190772852474,0
72.55912006177283,10.237922622921309,34.201530343285825,9.51362348110901,4.956959786802173,1
71.32391816239554,11.79469142977792,63.58398810657548,24.44285095873204,5.952166938150244,0
87.25868375177288,6.514320353633975,61.53619855628058,250.7911233617072,6.113260903803584,0
65.91796137076594,0.3123121164073633,43.4168431284927,757.3575029702366,4.349133711811273,1
79.88216841754746,2.422204023619159,79.60033127460463,12.298043179265036,5.831666098891586,0
33.24677802128573,1.833096044857017,29.647979818999914,55.36737937482591,2.430303809594541,1
48.0085945718221,9.291869896222734,22.637297325412295,346.6638670576326,3.7019816257863423,1
70.05656053236254,10.76224818727287,64.68109309383156,2512.089747902671,7.074964906788071,0
87.95915916368453,7.571349355311845,77.04208496939141,8.385058806675696,6.590956380563646,0
48.12387730073471,13.313056706810457,30.00049041683144,62.450653913621935,4.187500802172188,1
91.7642677139048,13.655030618498376,95.36553327953402,27.349714867627384,7.910714626225864,0
44.18161421262805,8.649225957658375,93.89669337419144,3453.573962761259,7.175874946877332,0
38.750775436046375,4.232041549828908,77.00299547686501,25.33945303266112,4.295994763247027,1
59.53022628719452,9.51588246969696,59.52689506981411,2.756753164265709,5.119982527134033,1
65.27024264304865,6.406595442728388,63.06766434045085,134.76859769734926,5.210883479056984,1
93.64676381821594,12.33008041448814,20.86094868596259,2242.275871402512,6.725844990457586,0
57.23538926471052,1.2409027796322505,85.84188788145426,52.23706204487632,5.014881016017712,1
76.60782635333612,3.7402982171921817,65.01255273229215,159.78544319317697,5.468612179418017,0
35.226453561260946,2.2054171062918195,34.21050829336131,225.00973499715852,2.768419969379038,1
58.33034111589746,8.265162794591376,78.08324236539954,1001.3146741966376,6.002884532155341,0
83.26310390004011,10.71940234521838,53.82559287975906,13.99958296681924,6.024231968399625,0
32.96444380823431,3.1257675847301543,28.75069391401201,41.60057974370071,2.514475618094598,1
88.42747788973044,9.52822295028846,97.06279930685682,23.01862328667961,7.413314701467108,0
38.75318173054037,7.256185077175391,84.36298008137288,3.8678969583856015,4.808569127859533,1
81.49431096808013,7.795910649496918,85.55562403456716,17.832627585182404,6.614948538502503,0
59.52766109908059,14.343417663238313,67.23606486318053,2680.0532600800907,7.172556786222515,0
87.25616252945771,4.778683458469136,37.6599210814253,201.4746196184896,5.198649789277225,1
80.45101139286416,12.202984511377686,20.138086966989228,9.144380120281951,5.047053705922153,1
51.44338383437593,5.544572796945957,86.7953566619407,126.44770179126944,5.279277183823488,1
67.95542557132765,10.46080923133172,49.25500505844067,1177.7569651579274,5.830826580318462,0
32.38945409266298,0.5872798607230845,65.893305177174,3.015653960107691,3.3326131320741017,1
96.4776018490942,0.3633444407323394,21.265146094479405,2667.287832037684,5.867036816890227,0
61.597027115611056,4.597533533718012,51.7721285754244,528.1295105934158,4.740863050555683,1
61.56507597926266,12.56826546457045,89.73196042376371,502.8263238424623,6.662801560261695,0
90.65531089662366,12.187325646753612,37.766402088240326,2269.3319409289625,7.112603033651999,0
67.92219930111023,10.765655084710104,30.818985325971777,11512.289797180269,10.474167938884708,0
54.5128668455794,3.5524450682876,55.613956082345126,4.395513645481425,4.206375619945031,1
86.42954064668166,13.442194577894105,69.5338879943944,160.23276333261228,6.967534105154815,0
96.8357411228745,11.197721350038496,64.91986843640726,5557.781819308629,9.719688742665362,0
49.50194784637506,13.500255038580391,32.36240466223229,162.40403229525702,4.382177573727638,1
64.61847497557558,5.551646211760176,41.25967151958281,153.12239579882743,4.454254963685939,1
98.86410617756572,1.1347715910155187,78.42726955288981,520.1402458625411,6.680929615722146,0
61.60937956399279,11.491339028942674,64.22249637733492,408.4969961442701,5.744432474846162,0
38.8144299910292,11.273528717908375,42.076452144018006,13.660533739443531,3.949053902622268,1
77.81734090408607,5.305252002460979,37.861789598199216,607.2731254857949,5.082709087098414,1
32.99553476936802,1.922934882179564,57.13200041366251,309.5909951244712,3.380870388964788,1
46.60937809802323,13.034802143811149,69.24141543241866,463.1154410629459,5.476655521806077,0
41.15346663623325,1.1027899297718342,78.49194349233585,2308.817939077047,5.265584932735112,1
38.11058702365349,2.9637455602194884,77.78658148720929,198.31720955616973,4.253554086362452,1
94.68055136482324,1.7231668766549095,78.43714567113507,16.664974783430672,6.320985599784188,0
97.89490527841288,4.955927374287065,39.52822910549449,30.54858129027152,5.612510112375192,0
53.76822242875258,10.2398004125757,45.50760889025976,60.74381074018802,4.57030911048556,1
76.42605902002033,9.600204296472675,93.99090780126996,25.0611115458552,6.849320580259107,0
97.8882069871402,9.8083350654279,52.59132400770487,293.2994258218004,6.620751219170445,0
66.8064259276778,11.509395094764296,33.82685776176443,2298.073464288239,5.987039011580594,0
60.442720647259584,6.128359004272589,39.399411654281295,357.4703507633492,4.391262251327755,1
90.00082286473005,10.742815127948925,43.454423846322285,309.5431664725802,6.1327187260100535,0
48.95264076666976,12.342948747696736,50.33886147052638,1.1888641917457023,4.703160781648129,1
82.30553502669486,4.413052790608169,43.436631519647136,6608.491531898631,8.34087139166734,0
82.51532477604485,11.28768775432486,71.84012077873247,229.15328363549068,6.699162031653999,0
79.47414954306248,0.3373093748750744,63.93485229639062,6532.49075322691,8.39698786471518,0
90.92890247453737,10.86615025937116,69.82297734094433,23.078317031500745,6.82999960366269,0
79.89846254216398,3.543892365302677,55.73695032542332,113.945828252195,5.279409162105624,1
44.75116459246401,0.3170855757880025,77.03258729843559,443.8877611777783,4.354676640819317,1
59.33285895491019,7.000515037914867,90.29045307866352,123.21595435628464,5.843687431525942,0
66.57409363052825,13.26130493941842,85.04332042734502,801.7054601200222,6.941246582043334,0
94.18636842608164,13.7227188499236,44.554160220888,177.81776152819225,6.565260309426362,0
45.03846828980858,8.573378185472116,49.72499815616239,227.7391909041436,4.264496090276498,1
92.82787172442936,6.72381485413383,74.7701814389761,96.50103513905476,6.676852315129367,0
97.75527458788672,11.630129407130635,91.1253914933592,691.3941153891271,8.15268272672387,0
31.8910891457801,1.8081997612669087,43.08519023644167,85.39402221728079,2.791716260159785,1
43.206539269493206,12.015622305918365,87.55981544357185,90.53132511974232,5.601883927238592,0
65.65771932187496,6.277660137470985,76.01239377746437,209.3553983788461,5.639124299135451,0
91.18465956733496,3.804509324814117,49.38357652570524,419998.601684214,215.5086454530529,0
43.69206820323287,10.507762235493562,34.388685046322365,427.89883509074537,4.044068920613714,1
57.40763058315602,11.22338652548587,37.81096326742376,44.58150597432007,4.5752635268847,1
91.62195275035656,0.5212129616501671,97.54857747037778,5.267223535164818,6.646090342058195,0
72.54881926649084,11.099661146706532,37.15924666818467,680.4240692158323,5.466908319983743,0
98.58906891622468,8.108754601364181,44.33213345090751,35.98631778778111,6.102395379206522,0
87.59940068670124,2.4570987682213605,60.94089969647858,54.1461219762081,5.604985956172647,0
60.50850081961353,0.447517761206383,88.19650701569114,29.48516613612597,5.125729602443977,1
36.32982411020676,2.98065678382829,20.51382423870676,450.3213676649588,2.591834053784781,1
36.5678315748518,7.573768561270779,70.43969515323298,3.539286981863642,4.335050617209071,1
78.50654533425713,11.627977117549804,32.99901478552337,272.8215211819945,5.429440729281963,1
64.81988013061135,0.2666817059729853,74.13441479581724,1463.8405208675565,5.575416080130047,0
53.07816770781423,3.325669837787639,22.13770023855103,63.62613284602789,3.1516377656708774,1
35.06509504356681,4.138178533937817,95.37446637987892,15.633809973455827,4.68547255151955,1
42.650457298896434,13.849834022454749,46.53316731470304,2.364376282252044,4.488178901783549,1
48.13389199040099,9.009719295479522,65.02344961687129,1116.017782835984,5.335039989088123,1
42.85345527792457,3.1736233958072906,66.52422968001932,76.20209675614527,4.065328489476364,1
67.69278555065165,10.133351200407072,41.01335410255708,28.83532039936769,4.96586482534317,1
94.09737484688614,10.34681784392996,55.3135772333787,7340.83736204872,10.128402776294164,0
76.6493567180124,2.2751101711884165,21.94621074715368,341.7982517887648,4.122770734148331,1
81.25345124244949,10.552919146463092,49.14344367921021,679.4030675527936,6.119434808496992,0
34.14938604680037,2.846608836575358,21.250195492831523,700.2493662321057,2.638266873430549,1
53.406438003732816,3.6108677092794887,46.23238856357928,4761.989387859361,6.26531064191432,0
76.55190405776692,6.940388647322931,45.18360893806254,782.0107433342894,5.502628666851991,0
47.663662092997,4.557229004421657,38.88091482185716,112.76691856269304,3.585080288099107,1
83.78123034131502,2.6790297004815407,42.86635742628452,1761.7046538613902,5.785995233419985,0
33.83188342517756,12.548186530913334,97.5785769871516,3405.335087789157,7.238118843607562,0
48.9087757609736,0.1696230419841393,36.02247152435482,179.6411890895078,3.1438080749127564,1
82.21950007276715,4.4278941104842,46.79016455694896,17.047736142782057,5.143798218738966,1
57.30751095577263,13.343594982953483,68.5918186331015,16.101299933786233,5.692465145486192,0
84.31715874527737,6.954250583880125,25.703076107656862,642.5069065864546,5.160457144722041,1
78.69933375639604,13.907181861958833,72.36846970156773,110.59973028897168,6.765045492643243,0
96.65212393602592,10.889770589043536,26.836008901504226,3836.599615824209,7.678442091302622,0
97.90496066485872,8.398423373212038,33.35525506394787,38.71269995086931,5.776054765809424,0
42.563414814468175,12.467410414054587,47.64477830223643,267.2907179005215,4.51226634200154,1
37.68151706529316,0.1896230831133771,90.32092525383597,368.6741778165945,4.42018783744644,1
92.8839340943572,2.438546429055505,87.05853008970664,32.228436067314746,6.587082127404695,0
71.20934183484252,6.559176009527602,73.62079359493922,83.57734210497107,5.754703753247124,0
79.50241502191489,9.834511016630408,68.54797305692848,203.17743706840756,6.321575612781695,0
47.325044427820096,12.816835380381656,67.09561874646195,34.243038902674336,5.204675396996166,1
60.98852740030047,7.587941978298246,24.72637219784542,60.75584998408487,3.970504384769249,1
53.303271838464,2.8676462222263743,60.595523851653866,72.34082566375741,4.272931624142692,1
36.45023364148528,13.493347500822791,98.16240722296553,161.37126587040495,5.832901945365859,0
72.88517177992367,8.156407303452252,72.73595601692705,233.00361024026137,6.029628087170114,0
86.93774128601217,10.260208073902213,67.78859742145424,112.92293238619472,6.593649847667432,0
53.54993233805438,3.3793518985305626,30.88488204427028,247.64332773113333,3.5303006085689064,1
44.63360034361326,10.948698275608834,74.19743521765942,607.3956381783518,5.409834716924372,1
90.66520329642776,13.757210995809666,30.366430613127218,236.6097127238562,6.031627006193822,0
71.20955353081408,9.53005647121844,44.74330500357373,1803.8836836304663,6.045628780276852,0
37.33442817456843,4.266598753548555,85.79860103208529,4298.514267452304,6.643252167026303,0
94.07483438324364,10.92888086795247,96.67850191164156,41.61326082074927,7.777043149884616,0
60.76595898927184,4.585939616214323,40.95460524514012,222.5983005784321,4.229169628835725,1
54.181650766213934,4.027846791676688,85.9583575765714,13.03599955135901,5.155319436889048,1
87.5603443161805,5.6155129938759965,96.60578042777156,1447.7430303930453,7.686010000064488,0
57.25083889438745,12.034755220364852,78.17311912031806,2854.6891839620384,7.266047243402544,0
89.85251138051268,14.830380174258758,81.3654152458864,151.53833801350092,7.593870099029725,0
83.55093842449239,6.769759488162315,90.06532955028902,339.6703897795278,6.8908085671943615,0
32.40159685639553,2.407513204118723,94.01894588559873,323.7436118752746,4.519255377173292,1
60.89457943802937,4.7889813418347495,93.98529984609635,306.7774453217058,5.8876290297483935,0
45.52589107476692,7.081997748467707,66.08045542650945,398.6343491916415,4.710966255228552,1
44.73722962997376,3.385749002261988,37.354008210914735,102.9673526558331,3.300168008080507,1
96.65248347893296,9.632332756243736,99.29485499808708,520.9031473754716,8.06862983841204,0
30.3868389411308,2.1348061241499803,21.62425467112086,13238.425402329212,8.696894511358462,0
48.91124756304042,14.277150247311065,81.4796451113604,9.18542655208951,5.83314699386958,0
42.33516282785424,14.036128837099756,33.80169894632017,47.83922362827813,4.13498997702789,1
47.38687590187109,4.561574187685603,53.429462455907625,64.8258166583529,3.9869292368498095,1
68.90290934566734,13.570063909822348,44.08465379421158,3000.9278448220884,6.936126301046319,0
48.97045525849073,14.436619779741994,27.56767273319416,2864.4010848542407,5.661710912736774,0
65.31846430395234,11.907452425346657,94.5884853619042,49.1853971872535,6.665731074143513,0
45.89063593485957,13.469380903656432,50.63968965762426,163.0841353766176,4.783296285177063,1
90.73957612155468,6.464599500040928,24.26865599267452,717.7284860318035,5.362966917662418,1
77.68467985471955,7.510762688877151,73.88704318177916,46.199918314445966,6.098174717687096,0
65.71333301337447,8.302378868696964,24.6920447553058,47478.328653968965,27.938696877048333,0
80.67746085846095,12.47153757363554,73.00384612197242,621.6938195347294,6.975214485128529,0
64.7098172533135,8.219371976717227,75.5226390877432,905.3562260106412,6.12868717344188,0
59.50708476616141,6.747178159136082,95.37731251875894,1289.2494992056636,6.560945331725664,0
68.30354305830775,4.464629452036956,60.14787482562938,434.2606301139797,5.200171227361877,1
95.2933197752533,7.470004618933884,74.13919573070513,9667.448660986927,11.616633455318135,0
72.61531947807964,5.489707521748097,52.69858665860586,29.046244030545463,5.049064253071444,1
47.543550126204686,6.253405415993242,79.73387574003903,104.95774872740122,4.971577693212383,1
31.29251663550405,8.981233428011274,91.99875612483432,991.0128221196602,5.40529310302615,1
40.52292883545704,5.574963959790939,91.95157883036734,340.97511462485824,5.107448471620824,1
31.622333766632515,7.377767907675919,49.55099481087168,232.82921294719569,3.605614592232641,1
35.90615365445687,14.542236286945773,87.11938281953637,214.39376735929903,5.611248143138593,0
62.93576660515279,12.977536510738656,89.89376843490676,21.494992283377456,6.522744864468868,0
66.40101977567522,14.714627425067189,40.1485073121108,614.6165968791464,5.639267051336625,0
66.93784066224453,9.740595628579031,83.5459061726872,244.8487362281832,6.280374742642392,0
43.33859901275323,8.219720424752301,49.71627241986422,16.63460766476651,4.055321479413669,1
40.41767193891876,9.328862654318533,82.66259023638574,25.380221361898737,5.042160960761124,1
71.2782516471633,13.339724838216094,87.71614558459088,201.7413462251852,6.9174575903584605,0
67.47259122959764,2.773863913518049,33.57398954673849,3177.467043220237,5.572243248547984,0
36.9830051589829,6.539266811909224,47.174909714868775,199.40706929608643,3.6481977136443446,1
75.352105611392,0.5679191846809023,28.169467347492517,432.632128719698,4.132276227708394,1
87.24255939413378,5.296888025993802,21.214984991730176,104.11262469254248,4.707897040462908,1
58.375225466444384,2.4339590053784117,64.58718212141858,997.986498140762,5.0150136319085545,1
97.98815884474386,3.5167546280874658,53.30050309415917,5.532353890624305,5.872983086368588,0
45.436609111733496,9.77097208208843,20.410962530639488,2682.6575509485774,4.748219224071656,1
33.7596538094969,4.887682740192537,51.694336893828265,563.3092722936253,3.671639169360791,1
45.64990670456593,11.520291278392948,36.224224896681136,3404.824290741303,5.767164288293017,0
57.14271594950149,9.097773757100962,85.68261981441856,160.69413529010865,5.846311675767768,0
33.537131011630706,2.53532976064458,35.196715989155564,417.8064056447973,2.859822899026752,1
99.31640226988462,11.489376754143043,90.80422019045616,298.04729626367777,7.9947440200552125,0
34.95760453698352,5.413152511981768,57.10128943562186,222.8914911104509,3.764103861301399,1
92.39712385489707,13.651708880798989,87.01018757545162,16.659638229655137,7.679691288654158,0
55.713088951065295,9.583565724254498,94.53885090222296,178.35933632982983,6.112225325699665,0
36.19512040725683,1.080070914791843,60.01920117441151,58.88531483582955,3.3858306004197174,1
92.07096804594252,3.637597403141811,61.87823720917397,405.32294905601736,6.105607052955111,0
58.48888745055383,12.240929694789616,25.431941533231,8.251409215452066,4.330732418105772,1
90.32118995903556,3.624027294602079,95.1610306237144,200.603959109337,6.930383226087731,0
48.06734900273304,10.14774860276555,22.29166944366833,12.899895316383128,3.6126688513541176,1
63.50938681800312,0.7055925596735579,92.40482067033788,123.63059982673398,5.444894648710984,0
55.39400157775231,13.301246635501174,55.64689569029397,57.852539305969145,5.244217867022013,1
70.33907411201501,6.019092321692074,34.81341386120741,479.7674353742507,4.699758330173156,1
64.39554616294872,3.5302449431168736,37.02218576643435,38.46282095431636,4.058743324299825,1
71.46711029030926,1.480570078175794,34.52636889175273,183.35486598370537,4.134209919174385,1
95.8703749347594,10.707715936403138,28.07262871211205,387.96718854112817,5.941749046664615,0
63.19196298156814,9.529159072934824,32.986222005737964,195.34195699719868,4.567852065226947,1
66.18402954031666,10.628908609838344,41.93877969329195,9.978232826353931,4.9734045498084365,1
97.38359993042567,3.4384481853529616,49.286794231423805,956.0794674169904,6.195832376403532,0
38.93049110389556,11.885788007323116,32.45658993615585,407.61018916212186,3.9233012375538703,1
74.05350503860521,10.429972270002864,60.88839663348224,201.23754390938544,5.932408099503655,0
59.48592079185027,0.6819923965531177,47.52473654871933,133.5400869791224,3.940148211280464,1
30.46182621882137,7.707725941973837,63.022506878341474,47.975433679276136,3.903908566140121,1
31.669626592633847,1.7991345924726954,70.84088471140126,128.1863010208038,3.636018214805063,1
83.29562224850216,4.221575828383462,54.51694200901904,46.60267950508318,5.412792072801545,1
94.76224738110784,10.129013400152656,44.47054562510949,4377.309849532722,8.326162528779225,0
64.21255138369828,7.097502270550819,35.578739137580484,571.1941902538963,4.631211551657375,1
39.04963987854444,10.327351636025844,40.78378372986735,213.97139966142845,3.9252199704710966,1
42.03358211061703,2.95278471052774,22.241336173565944,131.39993778499075,2.7095618095769294,1
38.482446051890605,2.07263313844521,54.72788322447226,87.28651447326754,3.432040909890947,1
71.16468878943304,10.904803338171208,35.29392609939074,91.38592340223536,5.041578630077282,1
50.51467044435832,3.5035741766621395,81.388696446454,4.110304199727326,4.81466028093403,1
43.01597020457783,6.934497385455432,72.51738018798407,4244.189042944942,6.7117044738406495,0
56.098558621709344,6.802904091934737,59.41277725859671,93.95548192506888,4.753593812782283,1
69.20909353723808,12.674623030142644,97.23179226030088,39.22394961545803,6.972391787120543,0
56.65128515685436,12.01558322037185,99.47800896454912,15.661709857650964,6.459780852176658,0
91.29622849745203,11.090224403167824,65.80406320543038,28.913808915005774,6.749450380835278,0
54.80575177773346,13.099337421961357,50.07716346345529,50.3937853258538,5.0296756098720605,1
70.86516469172325,10.80454323869115,44.4501375094639,6.194873843677526,5.2516624737438,1
66.86551593432446,9.809148890931905,46.05937652763079,16.64507718809586,5.045639360889141,1
35.16432972589513,9.891757739010297,63.71952126163828,276.9713107672848,4.445820256169626,1
73.39131772497541,4.098309618204505,54.86862650992152,71.35171274526604,5.0272183224897455,1
58.11748622825864,5.915226049827893,35.63321296542016,4794.1172602040415,6.38227707317776,0
84.98765054721801,7.3230545100905795,58.03294912667291,126.48972212459064,5.936044807760261,0
69.00232617767509,12.941719916067202,61.68187918459459,73.18147795293248,5.941312153228028,0
47.90537347731372,1.073831579263969,91.93099462148054,149.08755254078903,4.856071711933756,1
34.99711886909316,1.453072925636636,82.31162064655105,976.0691800761768,4.50257525676201,1
41.30600636960611,7.939676337936386,43.276254226091815,917.5375213778988,4.203264276049587,1
80.99464256316529,10.270577433271033,45.674309540844206,674.5078089500691,5.974326636554076,0
62.96578329031559,3.102988498103676,87.228964011094,159.29762393360662,5.525447913722615,0
81.20222672916996,1.6698279661396789,57.31776025922138,254.6233144513344,5.261916330783075,1
41.38671146537246,6.631737667839924,34.73602528124687,372.1703609916418,3.5468081643321177,1
36.05585541142981,2.659758252897567,80.24856349725322,65.74900208161992,4.148541447705355,1
71.21473645376167,13.501239664893774,47.873504016524095,351.9245839173282,5.810880837094232,0
70.04440292229435,1.05675401234856,22.978597633794244,226.02688538772776,3.7098228898343217,1
77.19474026280614,8.075668797833572,44.18503142170675,589.6987187253876,5.5157567923094994,0
79.7389136907887,5.534557904452782,33.042832886010146,50.03381033703764,4.75931422982565,1
89.59732987569888,11.218643285827268,30.2964974722062,219.78052354654236,5.724542709550139,0
85.06305470199524,12.883875229858438,73.91025678988859,7177.019488478617,10.49672715900162,0
49.80464359191431,1.25396959328805,22.30216408383243,113.73079843347368,2.843513024737087,1
49.16490391456706,1.2001969131811852,46.31303038602488,187.6038975648361,3.569808708263966,1
47.22382320616555,12.29936120099681,44.64459312382844,134.42697180460928,4.525440327963461,1
76.41743598599516,10.198371036578632,77.44139246352646,420.2289895486969,6.609890811777811,0
53.42589257683637,1.4603975665684088,91.2078865219718,6.348211397836996,5.022486161088367,1
80.67562401872308,10.89416830873221,45.89585915464176,1897.249406721254,6.6419422696220245,0
69.92988800823701,3.5632712406687963,55.95595024674645,333.7223607280717,4.99906233216279,1
61.368954648339255,6.841790406585243,84.65250544627183,902.9016273748732,6.129963203667686,0
74.90119185103737,1.2721429593197835,61.96764055983141,10992.40870701322,10.478495540275029,0
53.11657487469075,13.138808554908891,41.192109437417066,644.511593860053,4.9965629305310575,1
70.15439079059993,6.470812619199894,59.59464836933346,534.6164234416691,5.508404556344825,0
40.72974321304093,0.8673036074281226,91.5433851271111,13.793449977109,4.469118368066337,1
98.54776774800546,10.83377770073481,93.54499512810624,1001.772680895524,8.332524674284649,0
35.33674077544564,9.17841078688084,30.351523428836455,240.33251853875527,3.3620226718403807,1
88.56399712078445,3.205646934592598,35.01227723325874,167.8842872315308,4.9974350389041655,1
65.78669959621467,14.90988509160024,89.4441570074013,38.68515915072512,6.8251237828060125,0
50.852215243950056,10.538169557789567,74.16078752272828,42.74029094857059,5.334099336693093,1
68.79302430563665,3.008666947527324,76.30444282011058,196.18105098776456,5.439811477075399,1
35.50409072129858,0.6656129285620149,43.16978068327135,55.78536148531484,2.8097110229489424,1
92.5720227894168,0.7963161850399425,94.67440897263712,67.978888161529,6.656734243340543,0
68.91507402666315,6.237631469224924,36.561521146569646,509.7030033652292,4.732063244068723,1
38.51594892062346,14.659346238027767,78.71590389414678,11.039381592871491,5.373569388248554,1
81.50882736713231,13.011781181559057,58.202606616794725,3730.752899501276,8.172985861095679,0
68.90324682362024,5.00113802744672,44.87390209675439,26.201399546629357,4.615561438365427,1
55.21393580649203,10.249147924972036,90.84698920358288,1808.9297546261328,6.863346778177438,0
36.70120761850323,7.947168505215304,75.0269967592197,120.83705924658702,4.573993587661544,1
56.76159169589084,7.922611241266743,21.44798655686164,5.48545611808515,3.7089071167272,1
90.75737555528724,12.97392426694291,87.09339747889355,455.42095057699504,7.768199848561085,0
79.81398237144857,8.100484523602509,66.78957997436979,2149.143156772343,7.08086672483546,0
79.7296567166577,2.7501453444368846,27.9770820048805,124.6691150543125,4.365847820783568,1
68.95368158943273,0.2577526918701817,71.51765927104904,593.8077100093144,5.226356165900457,1
92.71269673692228,13.673393813859573,39.71681468520933,9.237495210233645,6.271970439024245,0
44.480524704114615,9.624321028801072,84.15067172396,523.8297309644354,5.52808810824571,0
84.64266163020528,9.313733647849013,58.48152795834355,116.3917750703084,6.1297215562785725,0
50.47486012827781,14.002902477832054,81.63385853888518,86.52305943381488,5.911561938797782,0
99.8850320369716,8.086998529492345,69.30261401942305,55.46613125389705,6.910912620637739,0
34.95750207602129,0.0497876430627847,85.4290214004537,3047.1097226155944,5.489704350668538,0
88.16423993657902,12.391307392230994,91.71123876307816,868.4629344169895,7.951268966787099,0
38.21183318752295,9.596047422270344,74.28228081291253,86.14028075897117,4.759616634494814,1
30.523487196080517,3.1334098110365938,90.70475892207368,9.875772395868582,4.260361122807025,1
36.4999077788394,14.890356950649853,61.777867767591566,44.47638046198066,4.8246062294773,1
96.3002965249474,11.31414893711488,94.57551031699847,583.3661343914678,8.112375131415073,0
92.46282947046916,14.496496462821026,21.47058767001873,246.30175390078037,5.9154313321518215,0
70.23244051641727,0.1974466652088047,82.21093287774846,1391.651884627417,5.991196215823734,0
58.42675494481863,5.510996284224211,55.18057786059445,7.044089464080957,4.5471092067650405,1
76.80149403805683,14.108718240917945,82.37444435919555,1293.9631649862245,7.601146498883047,0
91.92787147423596,7.55060407019799,24.56191749229405,73.73472981828102,5.205900155667199,1
64.6340687630921,12.238405237071133,37.567775063243005,152.72428082332914,5.012598666539753,1
55.68601443661258,1.5588549885222658,25.520581264384905,470.149921191231,3.384018474843893,1
79.84990068032853,1.7017523192602613,94.8245567732075,597.0001521037021,6.507408038387244,0
77.51642633560397,14.114597602039265,77.12752978348092,56.96634624071569,6.85442588025287,0
43.80387259160213,11.430964905069942,69.82505886109317,1181.6876331713645,5.580846976589557,0
53.087716554127056,6.767981635364868,28.362631166450527,341.6402124669372,3.822005866928553,1
70.30174416857493,0.833013405521536,62.23663276317789,25.94784753641132,4.775444013958693,1
48.519438239867775,5.775152843644684,44.78967188004857,25.265901381967627,3.87461592105162,1
84.46975245598716,14.491361043622884,80.61093174931662,6.29670976298827,7.249402509962768,0
87.2583642958686,5.922107437875265,82.52246089584236,1531.1250656603493,7.323781675327717,0
53.959987814915,13.94937554164462,30.34505637197711,124.99058933509944,4.526184052587925,1
53.95308305308262,2.3860069739771745,61.39217306363478,851.4831969754733,4.664230809917803,1
57.1349263239089,10.86275835235417,63.409516196798776,2049.9456345332565,6.298931191362364,0
41.4640409658577,1.9750464594587045,98.06782353618009,201.39493939240432,4.898798460361783,1
32.66091183821875,8.94755408469812,71.12873482125738,25.626964822069155,4.347867409047318,1
33.3038297026161,10.541928070680392,56.06959514193535,64.55001465219222,4.10070885675684,1
48.02930317970324,2.308990268514401,54.24985491661175,4499.255311814387,6.029194457445116,0
90.20509860410046,10.038556104318554,67.29205697250696,96.68080476596032,6.679161666154062,0
95.05086447508327,8.766747626686207,48.11918964871421,30.95597842184749,6.137763020344302,0
92.25958199174195,10.003781698434995,90.01922254060355,610.5749624244827,7.696625606943527,0
36.245666826932016,7.770530757123069,41.25037530913172,86.81974350019011,3.5078008798136344,1
35.66948405732926,2.165025462153034,91.57797540522664,11.399123429124757,4.396320732379836,1
86.69206012551737,10.747909539694652,95.87091132674604,118.51417953303924,7.477857788559061,0
62.317582645277774,1.2464225971705982,92.64520112804009,2518.175969378707,6.655789584058727,0
89.213344933358,14.390773303065032,61.022215235903815,69.89058149216129,6.873222875464019,0
96.69483924316064,12.917717779399773,44.55646355044807,39.06255505511003,6.515790531707401,0
66.0984384074537,6.882490107469732,26.04845280834298,14.439555712974787,4.120859909151898,1
39.938282659931936,3.235643978896695,29.19066172222373,261.6765255005208,2.927653818703919,1
98.56102314792632,7.290644262371327,59.1531372748561,18.94340089059789,6.455571170845168,0
78.85845349102124,6.5958116452786895,23.57381681780855,13.077256791324135,4.527672437098636,1
50.73538874938744,12.338782179838589,92.27174244986377,10.425514152348194,6.036658798531443,0
82.7385528309313,6.811791864863925,30.67681915754928,31.88899591980349,4.926970372410025,1
89.61085304044002,13.15157746672774,85.4887143345533,99.4060601661189,7.513956328410033,0
34.30514143197901,13.460830089331962,84.61327071645513,9.3579858919644,5.261365780651993,1
53.49499034272989,7.728939685476909,27.91562117331164,225.4507575200538,3.862887596216263,1
41.36151829805446,12.784648864417164,50.774242073059376,75.83675686495054,4.494071258988151,1
66.0730587352999,0.4100440526843701,39.783118283172655,3.359794754840514,3.8791002005530326,1
51.8503687240085,14.9512066620092,29.908097339336635,16.693882826451755,4.474725276754585,1
47.149979913539454,2.655365500212976,62.960953938517136,1013.9597260649332,4.547344227750855,1
49.21036659813747,8.935198763424907,44.36055817220929,7.20330825285578,4.196352939560697,1
43.160484911698354,0.0913577292141659,40.71846249132213,12.850279914196127,2.963534184086112,1
57.25158922034694,0.2821689794600152,59.66841376504477,13.920704557077055,4.11529323198976,1
98.60190535150484,7.358036283963048,67.5349300452188,5707.938684551205,9.559897086088665,0
87.86882337475123,6.631045691565622,49.00484303149392,16.297554682498056,5.656151572432679,0
76.68541979907396,6.455764978639099,72.80941659741964,61.169095454457135,5.927860335476685,0
91.06406487831008,3.723579563586111,56.259210629614,88.50211155132483,5.746947926155097,0
42.38125888372908,14.039284339428995,60.99543883456313,5.655852925003278,4.931869880791458,1
35.65527118524194,11.651831342091487,63.57890091070263,54.12025346149682,4.525821135670654,1
74.35118294829621,9.799474339038694,59.91416393885033,38.87820193902967,5.770858770970743,0
91.65287555212969,0.3489037013331875,40.065088906115136,231.71036884669996,5.01881324382531,1
93.38968783465558,12.29517020192948,21.22494643030065,11.88449025764659,5.607795171617014,0
65.02782020132895,7.175612553095967,98.45453439284935,82.68485555100226,6.3136525229237375,0
82.70367290886264,12.014410978557756,92.26654547937557,2726.0999775699106,8.640634367376503,0
67.21664641470485,0.6623893634387379,31.86942004525233,31.459018475678132,3.726716903527477,1
54.20810428630361,10.009780044767265,48.49072073442986,283.58670856189286,4.765817152242714,1
65.98308526783666,12.428599132357595,51.9816100138128,116.10910668510957,5.499686177706165,0
57.51663680735071,13.867515497190292,71.05059594827785,173.2878273798477,5.905578814151317,0
92.17783199003644,11.861201348212363,30.802311902791462,51.5396578965291,5.823072600454703,0
39.25218191650362,6.82740841990258,49.12107957140285,67.1809626891906,3.760050987137084,1
57.95275704152132,3.439038158205393,47.87516685573888,67.10901277558088,4.131823609541349,1
67.99389772333646,4.732754755472129,70.68907198779647,16.124798010050487,5.321765943119591,1
83.95773828531455,5.720860537699866,67.54412628622966,1587.1956427750215,6.75031719515697,0
83.65764474626158,12.174450115139631,26.17252330754054,1279.4227805114883,5.988637890846387,0
75.47318477288894,11.931477863432567,63.8677462271705,53.72204321370463,6.154968585680781,0
84.70834479906796,11.153570017492454,50.28590872311269,73.71357864846424,6.049124844729576,0
33.38602789088698,7.971923893264661,85.70511420888462,1020.8597342771444,5.214216798367056,1
90.3653555255596,7.225787743425047,37.23957200659961,35.13640370774996,5.471948357416752,0
46.498919871378206,2.1967557831719398,21.76189616268431,86.38253112054309,2.775680523613123,1
96.28925007607133,1.8983897215921184,63.58011561203909,8.920144157173853,5.953272515641824,0
75.4672414981454,5.335966862652622,87.0786324626455,706.7264238192975,6.518008531980092,0
87.65517620993509,4.148179198139527,20.011334059906176,2359.192707811689,5.700961343914386,0
47.07521604856935,11.508840863588013,54.14208317566679,2969.9988311284724,6.143154639135815,0
51.91658006667427,1.6027752310223815,65.05111018122675,2.253266064499348,4.189600664238261,1
95.52364479049052,0.4804692395740639,88.15161021525172,884.2235977421055,6.955652820905631,0
71.18172908675348,11.71942964485529,32.353276810993954,3306.3308667553783,6.642975865663175,0
48.96612445978989,1.71941818646737,79.66234886042105,1788.253621445271,5.4145840735736,1
44.29099004493471,1.72229834342719,58.29119330164842,373.3922856519645,3.879301378015542,1
89.01706010101753,1.219129248164485,89.19318833246939,151.0985331823969,6.43394024542243,0
79.30022189796712,2.3974619554104053,38.85693321757945,180.33290131562663,4.667629518644922,1
50.18519302492884,14.253882243102446,89.21710960667218,11.56018630875692,6.115089326661941,0
30.408147407289235,10.138611661462487,57.96228934610223,29.081163824863445,3.983596324733317,1
89.55296230368246,12.807467629442124,31.62351575596404,59.89315227951134,5.841517303910187,0
57.13500071457771,7.04010449781855,24.539817051652868,78.81504815432967,3.7650125139917145,1
72.58846953223201,7.230856726703884,72.26773063908887,4923.165651281829,8.256239198773251,0
84.38321984257169,8.35711853613247,60.25723998273298,173.72621180198416,6.105620952699096,0
87.71364922428424,14.076101028590983,26.31571986859628,300.5204059563122,5.855887870866512,0
83.39650348236917,5.2450003326437225,62.50576501714192,95.65534891606131,5.783360797531428,0
71.43442805501013,13.900778911319202,47.31064564946939,39.942275070992686,5.686745520351905,0
32.760549142413446,13.918582140550964,73.7821203684679,34.532567222269506,4.933010074416806,1
59.42621004337403,0.3893339384536931,65.36522120697303,110.46968611410529,4.432173274846575,1
53.01475499603932,12.713572620284364,41.93970535844326,112.02409471568042,4.706150669981147,1
49.054273263143465,9.766149387130026,32.396309906976136,33.97058205833824,3.9276604574771943,1
63.554205712387954,9.898215331883332,50.10944871264604,36.82154198047646,5.053683994053471,1
98.72890589309772,14.45781507248319,56.75363113334792,2364.1055378348656,8.2795994458901,0
63.72907342300402,11.440912294026106,81.09726512970457,198.36658435703367,6.2253554123924255,0
37.93166102752761,2.4875666382101507,68.84956957864168,359.2459028980249,4.011133143730382,1
88.90630010987988,1.06287724125116,38.37739372000633,32.85678749615162,4.830289933868576,1
51.46947236012113,0.4016452804699616,45.808791157691935,2729.482005806104,4.837948160085651,1
38.91366698400552,2.8005932236158517,33.82971443747876,13.310454248803032,2.85815266197057,1
78.54307575133475,5.965591169744946,88.13527039963806,27.82300006946525,6.39625175905176,0
39.53709086279355,9.09984922625446,99.85944119904464,167.6595924693784,5.571081589343216,0
49.36774008824992,9.563143422800904,24.1420240326881,19.78494072939401,3.6651771371554274,1
93.18126469706284,9.438026237926858,35.73815682378425,2690.860460178477,7.088628146477966,0
69.90519087038214,13.337760241162655,72.13437004228288,3343.512965511961,7.965771242956018,0
69.73711762088962,8.719897096890994,92.14103161374295,26.371832977871684,6.438891279425909,0
99.2754357497243,8.650724244664783,30.78835104592581,424.587319525023,5.972034045595735,0
46.827749366581074,4.056875529966669,97.03174422416016,5000.811720863974,7.690155714816703,0
65.27797015205003,4.078260645631956,88.15321750774528,411.8097190968781,5.869446255425994,0
44.090581643373824,10.892136734832356,26.29198046479546,36.11197327997655,3.6596523398020406,1
81.04456527001122,14.87394843890634,20.487683388156803,1181.5818920641707,5.934598902367873,0
81.59131709600311,7.885810974883543,51.71065328428786,175.68479255270455,5.691395776133467,0
50.565280859304735,5.702850055123008,72.98049874544895,369.4399910333363,4.967031197764627,1
54.51751529227633,4.526890969129809,22.181477550245656,111.7805976308753,3.3547243339268413,1
46.450718097078976,0.7249640203337571,92.01149818643827,610.2676722477565,4.996003907633562,1
43.16663052081763,1.8555012103172135,35.03348662272879,87.14294289525762,3.006791411993919,1
92.49405728222408,6.217411939921157,64.90816220909313,2596.6781491177157,7.56708742611273,0
34.51707175132407,8.198167586636478,95.08833383508656,2397.3508935230075,6.251825090530712,0
36.74240461089312,12.50420145326293,80.27645511234601,35984.8886337085,23.120854299986647,0
36.95586535550505,14.041179954802418,91.26120827329616,40.77677111805787,5.640577243458357,0
72.4090416500472,11.15109877186378,27.40562396277408,2844.4211994973225,6.25585086182015,0
88.74553392617848,1.881529844677895,81.18974072093152,368.7641431834044,6.358048634734578,0
79.3740857672905,4.795500514338632,43.71863173137775,391.6037880741271,5.161874328103878,1
88.09861804947442,1.4814104633772756,52.22240687649947,20.22793034482979,5.248871939784103,1
68.94106887234145,11.690368247874408,56.59324619772072,28.922641590719728,5.63893828640808,0
96.10617468585936,6.7661571218581305,96.94611212640162,48.946426534836704,7.453719276679655,0
62.83626967844386,9.541396462905718,63.240270127080535,261.0931215782662,5.495345098029876,0
97.78028965278696,0.932905177163038,62.51585555070516,1205.3543470220443,6.482654943859959,0
69.5542971704601,12.420830554592024,25.53168345268488,462.7064164450949,5.0215586540807,1
44.30439958003052,5.42253800677014,48.57797922635238,559.7343261104351,4.051636323724024,1
86.80154642202598,1.197877717380453,22.483754260169484,3.425215442192709,4.268074864145265,1
71.33440791904573,10.14198808869822,48.4435134153543,74.14871107547941,5.357954883630019,1
57.80610309336995,13.34868155827851,63.3163162757337,90.22464147525052,5.591714088572286,0
40.734179321127606,6.501450276473629,40.70465135065312,7.295648583008504,3.5042995653035653,1
36.30629972094228,1.17969083163184,74.8895060639785,54.89775668980556,3.844355132265133,1
34.28205851215834,4.607533259230182,61.87919016258548,788.5897449569934,4.082706243765413,1
47.973856133736746,14.940659528627677,61.97462840220514,141.42300042631794,5.34297055049155,1
71.10598133127704,11.271110746050356,66.40785060899746,1043.93257458895,6.485552133420516,0
33.024251479792106,13.857375305429308,69.32891551431533,23.339611861298184,4.798244861094724,1
86.6112040419141,10.545697748655828,22.921016788819443,11.383053622334728,5.212339967017899,1
61.934371287930055,14.80172536081026,81.77157426842031,639.7369413513902,6.730563086326533,0
33.46172550276269,3.0050992652819213,73.69226183310852,831.3223173484947,4.265407960306202,1
97.72240841600056,9.88570654560866,37.42725872293406,368.5960174888168,6.204582761633319,0
54.03555874337451,10.555567012108185,36.14758799801854,53.096614932586014,4.327954998352649,1
80.46258044130343,6.055955786205347,71.61156388984168,42.13334642062554,5.993512386178234,0
66.07325003166751,9.18327503512632,42.30379550352176,385.830615484838,5.0232866776274046,1
33.96594270526687,10.004635101467612,46.58358498674576,38.05937976177584,3.775638457840696,1
31.39463881701336,12.66959501878945,47.0297948836481,67.21515021948908,3.967246476178667,1
97.45012995065932,12.652646787387704,40.50764968479377,23.031327643140894,6.390015031130527,0
40.24529764013418,10.152680887862912,81.79543686259873,73.3127401853537,5.115599470362298,1
88.14827602572015,3.483320048541287,73.02356771293569,261.4716390485808,6.195705896795296,0
81.17553137834486,8.902802892813698,85.35321909481712,158.70103111337636,6.777248632816366,0
93.59469549904026,11.782086589371495,24.6113181494254,6.143900862993367,5.663407973813018,0
73.54247227590542,5.795839317941502,50.617386037274194,142.66691772564755,5.111137862811416,1
48.45918427784625,10.6194198300026,67.3733595231315,33457.34117637215,21.75018072799413,0
60.14731879309269,11.956716427486343,49.62436579864245,110.4270227750023,5.1455088798191175,1
35.135559892083286,7.096380652948513,95.0408761383269,1095.5797225342171,5.514076606395099,0
62.14240331501341,11.261785845563448,43.71118829518947,493.4429050697916,5.169931818547462,1
92.29301724899726,1.5061617010701345,74.95436545132236,4608.587081894018,8.395261364553583,0
38.74139527256145,1.4212337838047402,21.57379634208782,94.5981195253575,2.386292139308245,1
94.19190542805956,7.868475387657049,85.58554020656375,5.781495732473597,7.124980709951237,0
84.57309265713587,3.0840687640101727,56.28435187558543,87.50996841574506,5.423616123161887,1
76.97934863354395,0.1774234062959712,64.27933465095256,87.91735259356376,5.069255001796714,1
68.8059494065847,11.14387279760625,56.13299229134012,389.8448437023884,5.74553744661541,0
55.20221755766106,4.44236397174313,79.46983255295672,599.2277238386015,5.336033937988757,1
90.90866621504394,3.2690365687425222,60.83828819030618,27.074726830866915,5.801936314600629,0
97.10516274457682,9.728647492853511,25.083427161855237,1011.3046025180862,6.115226375183124,0
51.997264585273015,8.51842305266244,69.25459271583283,92.03572881002889,5.055388534557164,1
82.5768579413288,9.89674816409188,78.87579599449649,72.89713028358418,6.695471579039026,0
50.20428059555825,3.780923652473029,22.766268491405608,841.5700995397457,3.490036693581674,1
57.29324367484713,7.425946143036308,79.46342839935008,270.1277485874212,5.553291087571729,0
31.78384089923413,12.323745345117931,62.96747029010265,20.242417332333787,4.402873487850405,1
30.652506830942905,1.02361136913875,51.157152432168274,59.91149955901733,2.893131732896149,1
78.13839350142277,4.697259265063109,30.801426505075582,113.0796140887529,4.575844268759866,1
74.94447293429579,12.032536521832318,54.93867000306666,2288.5778046798227,6.993481571986975,0
79.59000614345193,0.6480465164116145,88.2181058339043,947.212138292482,6.368554141542608,0
38.25357149741,12.209129857850115,33.66886964740304,64.2729099463565,3.793258390076681,1
93.5067936007807,7.890749071155426,91.84661236604568,30.87775627464263,7.300183900265463,0
58.30603991961472,8.020623124453197,32.45224548494476,55.037120955292025,4.135389834255897,1
65.42747571897102,14.91151186644001,91.92218209473366,118.73356360991792,6.925282460049811,0
79.26206279094873,6.570371292755651,90.49615640170352,2189.620516924036,7.6372145914266385,0
61.14490331759262,13.601728505846422,39.3362695025112,472.0426093633756,5.222078373045371,1
76.3039422434953,9.170781579208308,35.14924565381296,1255.1096526480196,5.651268043599042,0
67.40437547496583,14.231318741736082,94.32302742875322,26.572728014487808,6.962284080042083,0
32.25874475248185,14.692427447027724,92.94732813809686,2412.1659241770944,6.7540953410335,0
39.89735110049949,5.635394250942931,68.94912784722862,189.22790925956863,4.322521259160915,1
61.33076463160696,7.479991034628483,57.86413229956924,92.27357122778676,4.983290443328097,1
34.42923029402712,5.497989864776863,68.19781322597301,346.5549053489503,4.146180047692437,1
62.838350058068485,6.1243057953357045,47.05919424215193,6.088884496120585,4.540784851368928,1
38.98259237558728,11.474539947387376,32.506667479958494,147.1318893408917,3.7555236588314296,1
60.32860781359155,3.384246638164496,37.69779118584947,405.438583287265,4.085222003579228,1
68.33601545333897,12.257343694605597,69.809608671258,63.66469692559029,6.085295596194654,0
56.30375230814521,12.911417279067392,44.47274163985584,11.014875178970946,4.882981507017708,1
34.12175922261623,9.067415753032058,46.45133110098091,15.073550714829246,3.672688652594697,1
35.437536839388706,0.4990101252704737,77.44745785677256,365.829001710759,3.973740722661152,1
49.18083786933941,4.8483572680692895,40.88492194046015,245.1999719885184,3.801216885788569,1
96.95709413106016,10.874771141572086,84.86925185919495,8237.606786562515,11.63064182845672,0
70.26896282418987,0.113338482294244,65.09545151461955,3112.9731625018967,6.331442487886554,0
66.25046436462029,11.770399395403883,37.56129096413905,579.414280208947,5.243604383153846,1
30.09378448355438,2.004803758516076,88.09334163146856,363.2339977351612,4.228649003005421,1
95.55081299079548,10.83742043881745,52.85621904040973,37.77808356820569,6.510350176509959,0
58.2248736727105,5.701981622556223,97.6876492362364,146.10328077092225,5.9028742266365954,0
49.593642002995054,6.840489787673235,52.64938971862123,434.2562104793908,4.464404455685458,1
85.2546333274091,0.8954199359654408,68.94483678069749,46.22466295296445,5.591184761590315,0
36.427853387427625,14.22501730457556,58.73464516471629,8575.383461553673,8.929346951672986,0
68.1843808758472,7.340387127722167,87.50595948825502,884.3570498831572,6.528771257395333,0
87.82189003986485,7.805419648802178,33.42058777945483,203.78992541060452,5.397930162563759,1
72.28018115388603,3.6234228524403815,98.37062935605616,0.9693208979241636,6.205153072530127,0
70.8474028136064,12.306641804251065,60.30256489174288,2413.39593432437,7.080335206883834,0
39.39683618263313,14.795677051397456,53.12773194876422,4.64355846301405,4.651594890139505,1
45.28778242998618,9.81006034040767,95.44675408728592,30.48009345577462,5.67116000058668,0
52.86150820987624,8.132296598281684,90.02152848533419,81.11110651202286,5.668891396039255,0
77.83208458448637,10.862610435460963,24.84702989604945,32.73052989659663,4.961320588755333,1
81.0176975460165,5.918981752519401,38.377752870814135,143.999172747895,5.055938249590972,1
91.07212034075845,1.2102228467639105,82.25490524105201,5.255800809615638,6.234182155943096,0
34.88535913258722,9.529379033501137,93.61361650321928,66.35450472026172,5.189938016110312,1
90.88725118771006,8.86514842421647,25.01504174949981,5361.949583986438,7.953430934408264,0
83.88640324069775,3.5306615402143344,70.06148551448092,72.9110419962374,5.846822370081889,0
85.67614681144785,1.1526470151547017,42.09652389693454,179.2924973382555,4.894852539550548,1
70.89949915404922,3.818975375807797,89.7313535136587,23.1416908770402,5.921388954591031,0
63.46874716676346,10.928028767430574,56.7186852989006,177.4577516495608,5.421842198205394,1
76.770646359323,7.153306311338202,38.2435927780942,1110.8042414774952,5.488866389588313,0
51.8178452422081,14.076979732804933,82.10944436121653,194.92728033059828,6.041158753970612,0
81.47211481929187,6.773539017982648,94.30500458114446,362.5437324946526,6.9466604982516,0
40.38495325166669,4.274317129390837,93.79340360340672,833.0838065740893,5.273173854394997,1
88.92312864206559,12.22837440474632,21.65569750504077,228.6831912296172,5.543775106923287,0
33.47621769337117,7.4525540055263475,25.403003737136277,10.882200721289006,2.8518353207622145,1
54.102638057981295,8.214882554871709,31.925364679415978,22.156145084548896,3.9544327907311767,1
78.22075620563774,6.857059550446723,26.31340860968329,39.79047623609025,4.623833699678726,1
83.46504081454776,4.6807583410868485,56.06305369280093,203.622223867413,5.59038018940833,0
58.69605746162819,7.232652706642756,92.92400783394731,50.86452735665502,5.884260067826149,0
98.7904345955234,6.362619174661386,33.75719383507853,2.7056165298162287,5.601947924604339,0
48.853761983956815,3.415845564775424,33.40652559351753,2.0267386922227737,3.298944172987452,1
45.42305020376951,12.079432116676443,28.308545085881946,7.351344032593161,3.87779724441118,1
60.8657383120145,12.917311902844975,49.27155065093047,31.58400730222778,5.220299245944107,1
33.606214933829285,8.548190300485349,31.79254329153607,1304.8398818245516,3.805263867060064,1
30.506747517882776,0.8632939147200969,77.3951267454403,147.70291697401703,3.702304553037538,1
35.451036721435884,9.966684851630337,93.8263261525959,2006.0044836147708,6.232501980405731,0
82.9489410320451,11.178657152522517,70.57002797983438,175.8637112018729,6.640856051530023,0
33.757359428168805,5.8075827484338935,76.23797158791247,4031.548886882656,6.233966243048844,0
79.95635428104897,6.352778877842408,89.32649973674086,30.850491112507527,6.528752296684679,0
63.011158984585904,13.143520373647476,59.587075235914185,41.50413112448305,5.643162719387851,0
36.47373605515831,9.27187467183424,29.801024233414147,65.22913839271996,3.3127822055885408,1
48.25327559379677,6.62865204333772,57.78885188441456,198.30352691742368,4.425813548076793,1
71.86257497386809,14.239137896029888,21.718905331834826,18.07575481876473,4.95902182592214,1
38.932571376766816,11.035436121555176,85.17013807984803,45.287603170214496,5.238594411206738,1
42.794163144016906,2.8988626207691843,70.79880178688502,692.9714629866016,4.472102572937446,1
42.67560827765226,10.424706516281336,77.38692052113032,25.64832960852074,5.083926763172394,1
31.9504528074718,1.2503648193703638,32.921970217768504,57.52244088401177,2.4194749212109694,1
70.29237131013599,6.624394691135931,59.637840828685256,45.76083638891309,5.286149964574047,1
84.13538918330767,10.819809245855106,97.11990578716144,156.4773608502071,7.439232345957763,0
86.5425926848408,10.182835771932613,98.30635330397529,31.51103467754952,7.444933401044926,0
56.47224784453302,3.326985660850144,85.07327675891096,130.42007913285312,5.20899682220009,1
86.49803392520144,2.7092943405655707,39.973232782898975,7.63857300951761,4.933867061056342,1
74.2564451345166,12.215926402653404,41.99379538143689,49.430199130408646,5.476379406654315,0
81.0211070726508,10.579840162746107,52.05853359349525,654.4569678674934,6.187812790919248,0
43.20406454558583,12.78645148613684,89.01520767067764,160.16527834543407,5.757346599730164,0
55.06071695499341,2.0964860017783558,85.869545151866,551.7956172867351,5.264061441576921,1
45.72615015849061,14.144525426879316,75.27558047317916,342.946137753243,5.673239032099553,0
85.41406368489545,11.866656507072454,99.6282547820628,1114.0926106337722,8.149122146881835,0
62.31549137213455,5.383562892018808,35.17812759729474,98.61440837427745,4.135626976193244,1
77.42371558576957,10.925597117246566,79.66213072827841,60.022166568832354,6.609383340288208,0
85.5331594694283,2.5288966509368302,34.24141502781539,0.6690823389485461,4.701793035874751,1
71.17986429136097,5.790965117476702,33.9066350690727,51.54260209560117,4.469261436522091,1
69.90532100412375,14.07965142068748,69.85395653163943,10.379935798586938,6.304986646082175,0
57.7181940718821,9.699344440351831,64.31406804376074,30.37832169652939,5.223273409071554,1
74.83204071158701,10.079149896711495,94.4540775783056,21.71509951198017,6.845676495239788,0
73.80354151429708,1.7215364703492029,64.76260752245979,141.63795058492107,5.137992508573057,1
78.4315477938217,14.255477766786768,32.38411329953508,5.963518136217243,5.537314846485706,0
33.878509149196304,1.5251420717026476,27.32264889476433,104.014211684515,2.379341145823304,1
84.85420781615235,8.468923058539243,54.2126099370351,1481.6730100555524,6.608275421638847,0
46.31594439746565,2.987227766469434,62.23881804846707,62.17540529503047,4.049612796647097,1
65.01309961898039,5.3406702244966615,50.93308166625532,109.78555685695048,4.717476235625017,1
75.1109104542395,8.028441710661985,45.94263753094255,979.547321253541,5.675333375790825,0
59.60060142970396,7.208853647143896,47.0978029361866,18.92427307948864,4.52730564652789,1
44.92401264359352,14.84292359485099,84.36769028630417,2.685832824360152,5.813626490230145,0
78.62528538263217,8.395687139724242,88.8453263201799,17.64366178964683,6.6587617497779314,0
94.29374717936707,7.264285994518592,39.471476305888295,18.169788152322838,5.691407669879352,0
81.09158759761473,3.694637836212552,68.8417103919148,20.57750518940448,5.68866735187799,0
87.5092417784369,2.5204794203017484,96.80381408173548,2755.982566102049,8.03452331867074,0
75.05059854714914,9.739812788882082,43.25793016715474,40.67286213718743,5.29407955685741,1
35.69557395974167,0.8188479913135732,80.55856609986077,908.264082739452,4.380596781886573,1
56.535834069478526,9.647709079955591,61.678026511594375,17.36541785618708,5.085227775050625,1
72.2852240276026,5.237763407945348,46.826297876009065,144.98231957184902,4.892465397964835,1
69.62658513104579,10.468642801483677,76.61226312590759,114.2047807369792,6.187397969535917,0
86.50459198479143,12.989402683077056,85.8175433681098,100.34155948584058,7.383821028485578,0
49.439048252059344,2.5846933275878303,33.66150466414315,56.497423307354936,3.274125114419129,1
58.42932505106525,12.15728401113533,34.62952663087603,173.4851223755796,4.678529763270213,1
83.15080166153254,8.218137151415759,30.305622138657117,4.957283006980028,5.059493087266081,1
96.9972573112036,11.155043417602798,31.38902022754808,63.55173666604929,5.96884110936789,0
75.74945208232526,8.595948138601626,38.807601317531365,84.0937370803672,5.095847805219298,1
58.68395820174872,0.8769565022019365,79.83610609993272,4375.736273053567,7.018005297814908,0
46.73491406964939,1.0005412332279668,95.50662459330654,19.98745394193597,4.8446431508789365,1
97.01306542808496,2.2509521078405204,69.84467897507899,1.9350640804849255,6.201925729200063,0
44.85820334130748,7.877092319209317,40.53861693449548,3405.1219854638675,5.500756866340029,0
65.53910583217444,8.238963970409888,64.6033763653617,2140.00050055027,6.453562171563953,0
87.67512441843155,4.780827496254713,46.85704678716994,56.79768430665759,5.41919797213116,1
34.149265703962044,7.086015749233205,87.68526305719904,51.82613182051772,4.731043160708032,1
36.22515997332429,7.810658279421122,96.98721070605136,106.17585607013989,5.192776476091695,1
52.521836551793285,6.089876840001002,46.21396271991352,3.154389911063785,4.09785722262477,1
65.48904752760706,12.8811838044352,38.62353197019506,416.0072034803383,5.274389842393823,1
40.10548468783559,7.5777254368888975,37.67336562798462,0.5129309964745332,3.492449365540089,1
89.03862120034749,13.12434463128272,54.18494649920719,28.8490321099679,6.513952222173371,0
81.17899141572909,1.6986951954641616,39.85705890108152,5.345038868743971,4.6154134626423975,1
85.67958857514535,2.879339836942173,75.88606319533449,4107.268481528367,8.04533366332425,0
72.57526014665392,2.9690349522723443,28.3912455666794,164.83280888673283,4.134067672537139,1
96.82178783481264,11.081282010779372,95.47039212849684,870.2948624080461,8.28025890952937,0
75.47194164036608,13.10134576357777,72.30135438269848,6651.319183644084,9.823712465275417,0
31.381293528350373,4.245858514323561,69.89603393815658,293.17609680795005,3.923306659115043,1
96.64059809814202,10.598818420795096,75.20827870305442,675.9085662906738,7.519708410242161,0
52.80681664259647,7.114948973999365,86.43390680812095,16.241614174700054,5.424905574434774,1
58.37046932109712,13.749255890280816,26.06368445620877,1928.3692486093505,5.455839519862904,0
93.73205306147796,5.692103661041605,38.84805436950618,5463.8493846248,8.215858811960864,0
64.63668225659484,5.990476619374816,57.81358999375141,71.28466359516676,4.954564983811401,1
60.99706962548041,2.7395745148364576,68.74842560836576,64.70547385794922,4.80864574168281,1
43.509495873036926,12.467009917907951,92.40337183952752,49.68816086241608,5.784026062329305,0
62.99779809444327,3.326076089498702,92.17771677644646,723.0514880573562,5.979376780049672,0
87.82011885726787,3.2711751383827976,62.06468977143301,69.38640933082438,5.736556165937397,0
80.45564083273871,11.600712057746914,20.780117139812297,529.3683601743701,5.266384533365794,1
48.88712125147229,12.464692273685715,32.47575608532821,63.72644480792872,4.208089982391273,1
55.79022355109469,9.887150495575272,47.256999969973805,54.30117226491495,4.665184576832988,1
98.9748469989388,5.03978050118128,66.81276664345256,2669.102390745482,7.801906124751998,0
52.18120523368944,12.91434730257971,27.43698996613584,248.388353426232,4.32598681530274,1
82.98611261382632,2.6663427725309887,71.16295064613732,97.95992480903168,5.769947263594787,0
86.12500560689563,8.053771925541154,49.08894641927549,170.3317081407449,5.808211663478578,0
41.102461760614965,7.303939501651624,40.652135792690906,770.6025219374582,3.9793577553392177,1
42.06715056827669,11.787537319658806,39.486414980844174,98.22727701162194,4.095145842628084,1
92.9983571541806,12.890664363095537,46.61747154228743,32.77728489209722,6.42391351119145,0
83.7190671702825,12.588331932941486,31.084100623355493,7.428508924123859,5.543833153268175,0
71.62269539912944,2.511561358175269,55.59562351432082,2.5333987798107103,4.785199356602234,1
91.54849604853035,9.55166371823728,45.49877572290277,112.00427331999798,6.0380716221120245,0
73.93538619522224,4.283566293638598,37.12584829510752,18.26042984403427,4.508677740947992,1
38.861111915439736,0.1050118339299777,35.839426894183546,152.6867942938569,2.716471863983022,1
36.9860347687092,12.190652583005573,44.69167144461196,378.5024220873696,4.228508003430969,1
76.88904599673259,2.768210835567708,62.27339907199139,3.0309399789734743,5.222100365575303,1
90.11665689919649,11.137471155314714,95.5573075005898,338.0889096806177,7.754177071357335,0
91.69719508403088,7.291085509710561,72.60361748401834,122.49176763829034,6.636350762671986,0
73.74851179158384,13.490962561299224,23.95340232595117,256.14649358903915,5.145712044366331,1
62.495953341027445,12.10584796407497,74.36822081133795,24.505386036836924,5.9537222474071525,0
78.45574949717721,5.614180972156207,49.86314285667848,710.95147132818,5.5510180984671535,0
48.43396954793418,1.2939630494942256,76.25753018912188,125.33635024496172,4.417149167662927,1
96.89994026997338,6.8984693075967725,93.40720346817518,117457.37464552488,66.09674796836632,0
30.13982260512174,3.490908967668486,95.67077098594544,6.343841489350021,4.427978851294757,1
62.22454475393801,5.546402024827562,68.67815636894883,1.5722641025371251,5.10475281576001,1
36.18044492395981,7.370209994468893,24.86457410245702,43.4442222323819,2.951898130595183,1
93.429354743917,10.854650499604135,22.977488607524563,601.90223512316,5.812915015504411,0
44.54288850861598,0.6474083889334342,74.1704911538132,993.6433201890884,4.568392773946923,1
87.50077719197344,1.5305563066857135,90.50571736222388,660.3904585759119,6.698453468502182,0
87.50782900081126,11.320855842497991,22.109513382929347,58.33090851115045,5.324849600025705,1
93.8724406482424,0.6722087298624452,76.69900677658148,27.786706723316804,6.136982055575044,0
49.86857145249742,0.65506407217922,63.83121095339565,86.15889945085826,4.018265043645117,1
79.75119892960679,14.226444871075367,25.93688777505113,372.4474906474704,5.577022822867078,0
47.48862221556584,6.450777908588029,99.14699553544465,183.49925745368637,5.610782174271619,0
70.96005159459258,13.541341519619303,61.35564014551774,148.53650666467834,6.107473673443505,0
52.841051680226215,1.1809286775464267,87.30712335347859,1495.6016993645128,5.5987494852503055,0
32.11246205680372,2.582798478209577,54.597878390042354,121.93111414227567,3.2416802388655155,1
56.09927980430172,11.750346830082838,39.0391360184157,1610.7545644651177,5.395557237965383,1
62.26076986544219,5.961002981202764,59.28663691401237,1627.3774896962118,5.678818945006441,0
59.9855782745785,4.963376181903231,29.43710920694852,56.780666190644254,3.8072643584772408,1
73.34807131885418,4.679687185881683,23.65243349128808,55.64331681529907,4.139286234488628,1
80.8636204922255,3.795757341945576,45.71208754342281,22.24390610264957,4.996605133237587,1
61.37782372868037,4.99678425895158,82.37493046935879,1236.5389468036888,6.044308762524981,0
78.84587066038328,13.427092894904348,59.37411304202642,149.05877327358365,6.352296893803351,0
58.68473076681626,7.977292967392065,83.39642179848514,3219.45077611548,7.256736569424151,0
98.20709989337648,8.59617097998039,52.10239192742677,14765.436364908905,13.733691034010352,0
80.6252491208759,9.346030778268368,87.01979092825802,119.417421413971,6.829915481216599,0
97.84830560450791,10.12668896571185,23.886779658320457,608.2233601358788,5.947316190569055,0
88.18814655816927,11.126562485019011,22.297124292409684,3048.4062151160138,6.833298947158969,0
80.75335409463575,10.736893985436822,60.992429246703125,1028.5954656841277,6.64789417257227,0
72.22838106912707,0.7588037540926951,56.061589322501824,850.4593532733261,5.07209297448607,1
33.32841492606667,14.40408493677834,63.11748544213096,527.4679869810511,4.930803647474956,1
93.15166228084342,4.379957772413924,97.93842360826034,107.5235544580314,7.155976753951955,0
41.49914190668492,1.838233861301681,69.89913967791317,62.59848731114987,3.972062496390535,1
43.0730823924746,12.698492560353262,54.66701119069824,373.04911384927937,4.8193074443798976,1
66.8061740168682,3.2192348820402925,58.91130432181765,329.96646648290107,4.926492811774738,1
85.81343742533498,3.2982069541476204,30.294995852006224,3.699092472257568,4.6730576142244775,1
91.1803702830538,12.500885639377524,43.63328989186038,4.172852233294689,6.208388498132362,0
79.44525417052219,2.5598673911830856,48.69191225438109,20.972378712260827,4.905040462926759,1
83.70475643696008,14.42586839198646,91.687688938902,353.35193240814647,7.718083731048183,0
95.48159603875938,14.14534629369133,64.05448862786035,819.0186801367307,7.564942469823683,0
55.35702512432825,9.46074880370403,69.91610479173781,3.94067777616392,5.259809367983749,1
46.01902920136131,0.1256396664460646,60.941668747127984,619.2380022021706,3.991194198213984,1
94.64260206532856,2.06033598498098,80.42630365592316,145.21968753565946,6.477136634556765,0
40.00224119397821,9.875118348849597,22.91029547036782,240.72374075043783,3.3952722171303416,1
78.24254155845638,3.823916228798758,44.95227263131505,425.7957165168551,5.07355932241601,1
93.1316743235932,5.69177307493806,59.62962414159215,1815.706915056052,6.991186462213324,0
32.56967348918287,7.30241985198811,91.50706891020285,3041.065269128668,6.298773626636545,0
87.37023638802555,10.350069677898835,64.62551061865388,174.71222844008167,6.555937856090563,0
41.23183019416119,9.000677182899162,25.194371788088997,411.7114045194777,3.5110277819587727,1
51.556865430784526,3.4633376501058235,25.188688684641438,317.1762071837431,3.322857146373078,1
97.89592717664424,12.638746120763662,56.62141509984296,4.43362286920581,6.880570963572028,0
71.86628324515888,8.41533350888931,90.22981044179105,84.81987265763289,6.465488930277833,0
97.1456330439595,2.003089906628193,27.40814091245192,133.5903532969554,4.975173716443235,1
58.41315147314624,11.888232460465684,66.89921011130734,2.353707468951595,5.533502462046115,0
31.78245067208148,12.96275328348934,22.85293214262641,64.57192029721185,3.2854472796595915,1
79.81842773858051,14.553504161238935,35.092882479200085,10.947521747119712,5.706347760916676,0
44.09992605120074,1.657397364100318,74.60842752438205,21.274011712909115,4.178626610045978,1
72.38260243565978,7.8632783531460095,76.217034453917,850.0707287645106,6.393178330740757,0
60.847863391024106,2.1245775785343257,54.77249858589501,0.372892686408304,4.289733697414452,1
88.89384798918341,6.53645101308808,93.38064847719616,499.77672791727787,7.260706839150667,0
40.696817128026886,13.395485019767037,87.20321641379915,374.4591191487871,5.770747239086147,0
50.82387758354531,2.0850012538876603,84.41569393127004,886.1371361115374,5.216994614724448,1
71.4862443821866,1.6803557368670203,54.64387908853035,72.83229972929102,4.703217871494721,1
32.28181167013055,2.9351903057225504,23.8959933810931,404.3088452203364,2.5038257214204385,1
85.68486805171624,14.845793887818438,34.50382324794168,9.327520426131054,5.951752568501809,0
96.13720389904122,11.93185380510482,60.84729688041379,360.1888472384801,7.044186866503784,0
64.57068785915928,3.443502105900303,68.89135485242934,256.7129529638382,5.122274847011201,1
42.31988357820904,9.58619386624794,43.038326742591096,529.0073272587168,4.207068195660247,1
94.64935809301278,8.50279891074411,79.04716721306156,97.28247506162732,7.056310468717583,0
40.06959783541885,11.326548424983583,88.62459879091789,50701.23957677291,30.744796508029104,0
52.24296892886274,14.600460110857329,55.55908395782919,135.87859021848195,5.284476582084359,1
47.48421352062576,7.387046860691488,37.13987416961106,102.55513040216856,3.803547017183595,1
42.36012457867604,11.478167015264509,22.187166155413397,816.5635255847808,3.9161184321282847,1
40.05418408168367,14.684967510761638,83.58779186245475,817.4965806215072,5.987046160527906,0
37.53968617222854,12.357803334526729,44.82197300306085,789.3674411020297,4.476710690984655,1
72.12951275956394,10.796906312436455,76.6654126021459,189.48195063111368,6.359574495006137,0
61.42507637027138,7.334269827344688,72.14609570630773,336.3223847446496,5.522974101106882,0
97.33320036633027,7.752450046597255,81.34514422818343,210.853062469384,7.214353877393132,0
36.12484238777723,12.826822863283583,80.81950532584267,7419.456772383072,8.861989527806264,0
96.79175601228896,13.350067978578403,49.53989935596458,22.51897237558521,6.704133505216129,0
65.91714457440379,7.912118268561249,55.77986787769349,84.54736461710891,5.143567328471636,1
37.877642677114935,9.483322228908175,82.91118129664895,545.609253295802,5.223577995522785,1
80.3806157723505,10.482191271153363,56.96849520545555,158.35261689539692,6.051674922620721,0
38.25869435538866,13.788857833884082,92.04720513335724,139.62572770287105,5.740462575456107,0
92.6542913713398,12.39860017601799,98.4723188534093,17099.203279042813,16.449802877579078,0
64.84668486182224,5.894522348461201,74.64167134797839,8.06186038872757,5.426600699952725,1
47.446182232131925,11.833606844934469,23.13694130323985,224.4806694446086,3.887556547598224,1
39.029608882515134,3.9049175404247274,39.4849218386819,92.10335965563722,3.182275444331354,1
44.46382436795509,4.106262611544659,97.5913243297038,193.4365677293758,5.213637249628472,1
70.08905316046028,12.176453827875733,97.82003573198207,3988.6414774106383,8.950129319870767,0
95.6083377643516,8.32742117710478,41.61432014078621,357.0577750067808,6.08403412001152,0
85.46225771592407,1.6812648874550384,68.6748905313161,1453.1840483647084,6.373455537504304,0
92.86389937625091,7.715819137796792,93.47901382531344,157.74251441463272,7.369379560796435,0
49.51360215836544,7.420935256804279,86.60872406166655,110.84697232624885,5.376322820028166,1
55.02770317764001,10.979801519334773,38.09557734040004,5274.333634937545,7.079122416719851,0
96.6630449974467,5.980852593584262,28.75505345326089,197.71117257523085,5.426114249141736,1
65.72371476767302,8.483772535511926,61.800188511928525,149.9451335732199,5.406304066402579,1
47.07253836917745,0.6257455494466735,32.56903203711844,39.74010256993039,2.942417102110284,1
35.62006100923644,4.769423083051531,58.60726925250656,112.55107003875575,3.7162383612691854,1
90.02511793618706,14.55728237736722,27.455103106316425,27.14763554317045,5.893959866145282,0
86.63078859660712,11.520321958798847,29.54950324208209,67.11784416531056,5.537307759089287,0
68.42908890786543,10.240030972198154,38.8303259790732,3.4324157571865928,4.927792640785222,1
44.30752691817251,0.7461323975649908,76.30983860378518,182.25449458718964,4.227336721890549,1
47.97600317832363,10.545861595144476,36.449074599426616,187.3601080155604,4.160778578637972,1
81.48592208867177,2.8544506915673766,81.60954163295,23.244586457341644,6.00479049492078,0
83.23191464328033,5.98022227355865,32.009607091023014,47.45272290218404,4.911313387268861,1
58.53461501352942,7.396186654729783,55.11228545453008,12.753351086245024,4.740748505193181,1
67.87012438020992,2.0016713264679087,91.16371431983198,186.14265878297755,5.742954866841636,0
75.14984493457473,6.020332065431593,87.51920076648221,181.1835579615778,6.324194805901405,0
80.15405483277459,6.760419353264026,98.64451972414687,33.27194010369596,6.85817569041364,0
50.31813112861206,7.662777674893356,25.9247991280402,91.57529220168816,3.6025346325758685,1
37.27264432203642,13.238165962216923,53.74830485139964,14.974286808607047,4.434658658049442,1
97.5177049459281,10.87278066071818,73.94265432589322,20.25080264453509,7.216391295008006,0
79.533670678494,4.457564241892679,93.2107314537538,3.0285788811838934,6.424939484382233,0
55.86357503181528,10.014454849859147,82.71664322982357,24.959148223009286,5.729967357264738,0
61.33137169873521,4.824183951093889,95.60246326421556,14.39615757596068,5.810945239773245,0
75.21094470042718,2.910386433476408,43.55012826141273,3698.167765071941,6.45506416174308,0
78.91049299262355,9.283212956567343,89.36998434105887,3373.3967200728816,8.452538905629883,0
78.76082032994387,4.530651647667706,89.39053330398752,152.3622433118279,6.361395098740065,0
91.9194990509682,9.54592018576318,80.6466498443186,301.7330407369598,7.201637996313084,0
95.85627183023654,11.252596254042684,77.25102500873292,101.02706677831216,7.3275547822648734,0
85.47215871390677,13.791485880870336,37.226996443154256,163.5546984559027,5.996622179165883,0
30.00164684750621,6.882261275517844,23.168221173071508,1.4936179488505998,2.5840854456186038,1
72.42031517054974,8.168645290202738,62.987644161600905,192.3121506993124,5.699462536039946,0
62.05724063133582,7.785290699138738,53.94848393557317,2105.4289039359405,5.931987665202472,0
94.8958345341747,14.329779916797264,37.22911440909451,109.92391705311036,6.400646763846105,0
33.13955089108119,2.5752528020978898,77.62187606413394,11.712664737597358,3.917619930145854,1
88.34330352492888,13.554444596969882,77.99898904840411,157.86851645357416,7.308080530373054,0
37.0904353924561,13.644211194479809,44.37210553519819,39.30297807731363,4.198853190240828,1
34.14840792563594,8.194531246185484,67.2397997881549,73.26509194519379,4.239215981261229,1
46.57663823206317,6.339956167795715,59.03551927040965,164.627238143243,4.350440343246009,1
90.42330763089952,11.559507368743724,78.71285872203637,3969.798365096099,9.119167986319493,0
46.86176269121665,0.0241572163260017,31.9806503385314,479.46218385027447,3.076036831362345,1
38.51313312975138,11.405824107752872,89.01433903628947,392.3400005830584,5.547707907345556,0
43.88920401733709,5.474332099306178,83.7150580519407,8.451562655335584,4.81867889350999,1
81.1997968786924,0.8567646048497601,58.80033179111253,287.135389771796,5.241245984251946,1
64.98634368204453,3.984927589150656,30.49393290009356,442.05075316535175,4.13378986978233,1
84.42254420900709,6.701768842506933,83.11917642877077,312.0729923959085,6.696690441672054,0
53.12200180835063,4.924087306843275,35.34632381948771,233.01138513526297,3.794184210170615,1
98.72577216589424,13.958058727034828,93.7836183760623,90.65357487643442,8.20367209805934,0
33.6483080323816,0.1137664897866719,93.28227204050712,9494.22337166066,8.902888817319475,0
47.99618850347133,5.972420040349315,73.5848731997945,100.77760434975843,4.775024542342498,1
76.45965504827234,13.941851526990911,41.031839816317984,68.8679094982246,5.717960503868636,0
99.52495119646244,14.233699486507073,35.496704249373735,24.99921591127472,6.481768731946055,0
52.38595664902566,10.827369032958869,65.0166258762788,2550.5353484450834,6.403941619767819,0
77.28552777610665,4.955409301761786,86.48745517444813,7.655051429621367,6.185413222168699,0
35.38820148045664,11.8290508902465,54.04803637944997,83.27585794293063,4.26151216859788,1
96.61259947908822,13.316489753796784,82.75767846950158,391.5972665375732,7.874681941897042,0
93.02106946476252,4.533990991184848,85.73529363746626,5.331423457531693,6.748966398561739,0
30.02317543998957,6.4045127628903655,37.86718774439695,69.18857205406638,3.0119882122475614,1
46.30825947548921,8.109882174734103,23.792877207127088,1570.3598527630577,4.16228483908832,1
63.24990926192589,14.238592926400628,52.5284847508006,38.66199307896371,5.549041202180599,0
44.7139123091371,8.295077680332565,89.70927329849812,153.1113893130083,5.385898154010187,1
80.08047896669716,11.086705200940012,34.94987599635568,3.019471883678606,5.361895694594397,1
88.50042036186446,10.93801378594361,98.04029193717228,6018.523643459638,10.584288772913927,0
45.63838402535468,9.019566470604218,33.69040566045827,14.170299539514088,3.745289327658114,1
67.39576982116972,6.061950958685361,98.1746626733532,20447.753266943382,16.471142402387613,0
51.88070875138051,3.2829358842749223,65.76467414879659,103.9168078128429,4.428420566853031,1
49.894369373440696,12.131877351980885,44.35074351447534,3309.1587075476145,6.194064169343784,0
44.13367787422341,1.1537345287428975,26.955353067701093,9.238784730490462,2.694000552239504,1
84.57422408238273,9.862327498313118,87.6898820442821,232.2179304899665,7.116007139700067,0
50.14365289569396,8.623453557258692,23.719570753722195,892.0506351015912,4.025703911716089,1
90.9765161841208,9.953395967262685,81.33227616143637,42.51448827021079,7.0956257730692975,0
83.78902316726575,11.03617135376884,43.75374276028598,8.577851143190554,5.772079270447689,0
48.71507674200576,4.969529875183043,30.024286927076087,273.7176521785509,3.4831434911000927,1
98.50762122675675,9.904247451069462,59.38957009767287,16.37817011972406,6.720605782167265,0
48.913518963959305,6.794616846581844,45.515836408676975,61.47551464370367,4.032215292798718,1
30.520327323666987,3.464154158993206,21.510211819412763,159.0633435027149,2.29206653517974,1
96.37622120456568,8.403540852656414,68.95169934686615,28.798258998682183,6.778353043353595,0
49.55130717210599,8.70774186902073,21.831642557085083,1.0862904975531025,3.508318895747642,1
78.0403944237286,7.520341606110165,25.139806914730123,225.2333965992656,4.740460843301697,1
72.75404806514803,13.842142062397707,65.82130203454257,3.0392753882992185,6.270534827576119,0
98.18396138304676,13.92170505393094,86.78206842478492,358.3339783487062,8.102158002632864,0
81.22388749616363,4.250397321907723,38.33311096688331,13.707889788953384,4.830842505938294,1
31.27986973959957,6.767468716399028,88.58460609821284,5.498176113974239,4.588228932227258,1
98.08505683438788,3.42866169370172,81.77274360474738,118.42376747202768,6.778662634624123,0
87.33865219141708,4.018860915934644,41.81398090422056,728.9621053542976,5.514332659053913,0
63.5045748891568,12.9160801711533,48.91624428615686,383.7311709700087,5.491143926751313,0
33.773735873343924,2.1511266798234057,69.00291518167694,263.816804537923,3.768057960635367,1
89.07583897162851,5.813845260362911,44.24014458078081,479.1208945516325,5.711182869600672,0
51.10475905376468,1.7791644707189032,66.88119098189222,1816.0112822496817,5.136548179804085,1
36.52975587030775,7.194604006696083,98.9458152218306,455.4833312979696,5.376766757785821,1
69.67715368595547,8.395219982752803,88.0142282234856,567.2969075886261,6.550683446212379,0
55.05331706096313,9.955758592852767,45.95974296385699,299.35156657856766,4.726176613928796,1
92.46039206129356,7.168567913479031,92.3144439894028,150.52646689640568,7.259969026929932,0
35.69382797325618,4.318703133737433,42.147444112705074,9703.92636074243,7.976009936056357,0
91.28058321258746,0.8208756892152003,67.89757651412472,128.9446911640621,5.834710538430791,0
87.09644100422422,10.33099717707965,25.08958676537833,98.15094616951184,5.31872043392304,1
54.28771496011859,1.9036698123957816,59.74835944260381,1425.936109177889,4.867294417511381,1
35.34103686286914,2.0127388405588604,63.938015725653365,2248.6952064957327,4.657403433588119,1
95.77911890231394,2.439771130765652,90.20417850454172,3384.6999794907224,8.473617214050735,0
74.10305368707454,7.333014568074174,97.34832500248544,1640.692738846374,7.438219723788149,0
99.7904289125656,0.6931378297962748,31.192702720842096,2877.59184629784,6.435507944256434,0
92.36489494305698,1.147106955721318,98.34359492485017,85.00929554815639,6.802118988813994,0
50.793050714152514,3.634862841857245,28.822625054517022,5007.875965839436,5.763825047307053,0
52.64381359793656,4.521589469006998,94.11682912083975,722.8840595429616,5.742858394214836,0
32.02751745218554,5.436908676808342,22.60437672335967,3763.786245002839,4.384815989970466,1
34.00094315505818,2.1750926932001926,21.83722743103835,1539.582700883791,3.0024551688953927,1
71.5276091440568,9.256952102193226,66.37087664487356,370.9385236867639,5.963395137171183,0
51.06864169837634,0.4970316965943444,85.36101999580062,12.976520454774624,4.659767697695894,1
69.64492271495604,6.918443329737027,52.86731702631674,435.7598362490198,5.281540670485956,1
49.23576477437405,8.415735527716581,39.025546719282495,313.44842478430223,4.138494757717246,1
89.66809290655634,10.386813344494184,61.37548520877739,153.92887122782062,6.543634042588904,0
76.36505256325361,1.965488094468048,74.38806691455227,16.906916047638962,5.491246377437337,0
63.208282602690495,10.579550806528854,85.1756914476415,30.20607926076308,6.1566601678201325,0
71.93205146883534,9.473358219873072,68.72950918782001,22.17570489008856,5.897591008820365,0
86.31726723883986,10.34436034070243,20.434739280881544,194.32591295375323,5.197331858527161,1
42.87413912851676,4.603151718928379,58.0433911685812,13.250651602925474,3.923207797892407,1
58.62090379779573,0.1524498733616447,51.85774706254155,185.04661657008927,4.008336859409285,1
87.58025971067323,10.474357651556067,88.66359050780017,545.7502829174044,7.483429010275244,0
43.18812508318587,7.62480735162165,68.6147615759263,23.174873722319496,4.560036022628549,1
72.73345505506612,3.2483556392671744,65.65238008813446,1823.3753237364976,6.115432830641645,0
69.48706249124857,9.504205457641245,54.44206015046006,3.562388926140135,5.364946044390939,1
79.0262645704704,7.303855993646047,38.52544642539825,128.75559558232226,5.11157737273653,1
71.8421585563197,0.3375428855010332,29.86999478357065,262.05011057135164,3.9345655295956874,1
87.41482810612106,11.896531990725254,67.72693574625356,20.97572483808764,6.728542258124019,0
93.16685261047,2.647372610662841,91.93313887593403,16.590523981101974,6.757700793753656,0
40.38888957696729,14.944483274255964,70.27324406001071,52.81346560344873,5.244607965106335,1
92.7685785821891,8.322591398470745,29.63155458724854,1.1584742709638485,5.432528157887577,1
66.44323625793405,10.097928250935569,36.50448546959016,328.43496874098145,4.926874323869114,1
53.34555060971231,0.1662173641212888,68.31596471200035,22.656806670191,4.211251105495728,1
91.67653970597772,3.1687014281913224,99.11979300882476,1746.849306718452,7.83095017468221,0
78.88247970031856,0.8489140194270317,60.485794566564735,231.5076653367071,5.170518259620741,1
52.94807497667009,0.9882781184186878,46.59685918396606,352.08814005923114,3.7907006564572696,1
73.76044171194059,1.9318542492783704,58.25968605061507,863.6038953185509,5.323195622583189,1
60.7360012038555,2.925936937823763,75.76113082765602,46.11065113407111,5.017922992333313,1
79.76992212322239,6.272970639726802,34.6119771940089,10348.65504976404,10.030780789603863,0
84.3647973352283,6.105283774489148,85.52338960018102,470.0094414688383,6.785826679597896,0
45.34875507768229,12.11485183995835,76.57576672735063,140.52282931768343,5.392969803582487,1
37.94227433052504,14.862271382331652,65.03485861202552,30.99950358542529,4.970463621607645,1
98.09582100658002,0.5397372864384437,59.72865418270438,26.355543547642277,5.782843966161999,0
65.431923663164,3.215865204380969,78.30671109658108,341.4848694982679,5.458807234611224,0
83.58697093868861,7.258312315396758,26.468679939598807,38.4003014571759,4.882570618003773,1
74.34901659214225,3.640598667615262,96.56945233180232,376.51603292987824,6.423362116866224,0
65.19590340079446,14.059256678632115,47.31917785549001,1066.757434002371,5.966715856560876,0
74.93355065440312,0.1759306736242638,49.77904757254546,745.3842847193891,4.880998663074609,1
96.44993555145663,0.8763450890771374,30.57186681734839,90.2632451751162,4.9079195580739885,1
57.16684463430417,0.5163312353033839,91.90874792335131,71.45203147919939,5.131295362342644,1
91.59002667684815,0.0310711012243114,39.41657163023599,16.177461626662193,4.857294056916769,1
49.34129062710154,0.0955722646183121,29.697510724507914,32.87859114754509,2.8905734688549027,1
49.60690171859071,9.79557515702484,42.801621288199016,8.170044427270838,4.251967245305718,1
66.75827805727377,14.108246418520851,85.96937809994877,179.80126023274553,6.750137737257871,0
60.90467999527627,7.972250977976521,56.05698562641265,62.04344842838872,4.946143590615277,1
85.67780988826291,5.838542981445642,82.08034351213982,1008.3872087791714,6.977570603428861,0
85.45787486579513,1.8763989752750487,69.55156976592545,20.649384086615942,5.702826677180382,0
77.32660949115206,2.747056397610442,28.238885491220607,363.7666584701684,4.396819913378829,1
50.89318537823176,1.686816567905682,96.1120637732304,15.477076369783424,5.095509523301642,1
89.38172728697614,11.194167299720688,83.41441374531624,95.67417548241396,7.244955321551809,0
37.87419960764832,7.611229978956509,91.54064301837715,520.4256191773743,5.282523082341585,1
46.99776476496709,4.216283410048373,35.11425970686279,45.008494816754514,3.377470970217782,1
56.826494872570215,5.237823783631091,53.086651524989136,16884.31433145085,12.831598884741016,0
96.6864292179439,4.665453344895749,88.90318340079178,300.7274232842308,7.151461716873199,0
83.69322492471555,2.6192182488221443,89.38125633607417,106.22872075414234,6.344202872330133,0
75.10946443340154,12.331642370551831,84.27497737334008,508.5527008481822,7.020068486015538,0
32.513309724899294,9.159323432983872,49.86964133708902,246.66930327866964,3.835888624046365,1
93.6414605017377,7.967926586804709,49.011411468841,184.52581972266935,6.105056332676544,0
58.60085186735616,14.757185696503202,52.18462237573805,405.0338607329812,5.587808245983198,0
44.92651786339214,6.229469236709365,62.420728366268456,192.57416689701645,4.388916572643184,1
53.195071670361365,5.998922003164014,39.87190074318545,61.950638078199454,3.95482740846552,1
70.07396290500469,10.909584781452669,55.24684069367778,72.39475892216578,5.587519594616871,0
33.25310778249712,8.026201908952292,72.93626480733693,30.86133254968916,4.336263112690067,1
64.91201399970447,9.33630213018569,92.1565491756254,382.6873741269779,6.486150935339,0
81.57166294074082,1.4728864429250577,53.89584969063069,106.39202481315564,5.080226665047637,1
40.5199900091342,11.09851988253593,21.989307350292098,67.10507931432183,3.423883348784885,1
34.95294245456303,0.3752704422076419,88.19721750829811,130.45742913603308,4.146789982220245,1
60.31849868608623,7.73419719704406,98.97135720370451,43.57835165822037,6.177089559088102,0
54.44390232218412,9.476983838395231,21.850808516705147,332.14848667804284,3.947052975567064,1
78.47261212932108,2.218515193179618,52.26309798992882,712.1002289530211,5.284699058665181,1
84.72228902060372,9.732617287277906,74.80617921091914,41.38803486563925,6.627032683312334,0
90.58469415978097,0.0509582365516098,22.209864988726835,380.9086481282605,4.485233863772334,1
89.1127265711097,11.526789960746084,73.40173831608564,44.06069113144955,6.941270553967289,0
53.65757990824913,9.759684170210242,21.373770155302765,40.13879912624081,3.7835541175731926,1
36.870415665808366,8.799965404901538,20.910315292026507,484.6311732739137,3.22443821252024,1
84.79397779521337,0.3508579504816284,31.58230581264549,12.453842263682048,4.380541002367903,1
80.91188634082347,8.746193347430612,86.42255340907896,4.6088088841681625,6.706075795090453,0
46.80230768518576,5.328157928926774,86.93246996332832,587.3179472129716,5.306541172806443,1
48.63109332805275,6.896899465296206,28.396946814352564,54.803921964540365,3.514244045064577,1
30.94010890938261,13.156979613414364,73.24858815365117,12.228425127086014,4.756874174889819,1
77.34948420342792,10.695987671148831,37.15291188497072,40.07046466803172,5.298200724135138,1
44.75502000082157,11.070341513841834,76.99092109463248,2868.9404674225307,6.641432817967286,0
77.43838191650117,7.295699469606891,32.02174854560547,83.13838389043069,4.829326871934115,1
39.867443653042805,6.391045135462276,23.66025481686033,96.99736454530442,2.9921085864464017,1
94.11418039949233,4.841810621266253,40.54731356140907,471.6543292800341,5.700994849588606,0
41.507305222293326,1.6367988900839492,67.4016627658726,100.43044402933624,3.896237202890974,1
43.65662240940333,5.326998764424769,40.465648229922735,2462.2032135502623,4.724035826491424,1
88.37887392928619,4.712220077677574,39.03155943196161,143.70350974219332,5.249175502769149,1
71.52429238312772,1.8051668166964507,96.74801491807406,4155.594467034922,8.021726058054437,0
91.59565221992465,8.127875602388825,49.5502897113988,59.95168647778962,5.993098183616726,0
88.72087048044648,13.998187083694429,33.3005184027843,906.3265064653684,6.400832332903516,0
32.811680803537186,1.427450889600852,98.19472495300604,17.799006558869312,4.409953572971188,1
88.17677732439384,3.255627604326145,62.91186920414511,67.33723133232664,5.773658545198884,0
97.23122656169468,6.576784837597692,27.1697062553324,9.909372690456063,5.366973420232757,1
52.0386375193356,8.985727968785074,35.58165690117289,72.28924341965933,4.083712626396948,1
72.45172996724705,7.847234182982216,65.6272471362368,19.413939012989044,5.661317000581701,0
76.83635272453725,8.60734662832296,43.48060563884127,68.24607572593698,5.272729978841993,1
74.2497908387422,13.011856620061614,88.27056590716728,159.6812347948301,6.999134890168283,0
71.49817836843087,11.503018020517212,29.169471078840843,87.62615733101072,4.929126147819687,1
69.93344426545801,11.063855369381711,40.14134861171134,21.655466841087456,5.118791499328375,1
36.85511340755392,12.554453770865123,77.91429522002403,27.56917922727816,5.080863359603029,1
75.3661506626461,13.924359951770723,89.67287260698544,1410.6908984089148,7.802613649096936,0
40.6693489288408,1.600034552269824,97.94111595506163,182.5095669315661,4.816265674498246,1
87.32633386540718,7.009097143059842,42.33919709495483,1869.5395980360497,6.3989087807889415,0
58.75920270839717,7.848834245604066,36.90389557961527,1645.1227847660036,5.064929792667754,1
92.4451318152932,8.80642444761078,48.53794735410276,2.636245302058557,6.035904260646917,0
80.96628153737305,6.238329340004392,86.10832069307939,647.713127175507,6.769590379875497,0
88.55757339300507,9.450347002551728,93.5516015266726,7058.386880985508,10.823079122268307,0
46.63353792611828,12.505025624073618,20.750508351574688,65.54202994669149,3.771130344972679,1
63.27550688915678,3.0700773233266214,88.38118923287698,22.64177643847121,5.500784573104478,0
71.90527419772681,14.40748895364527,44.01793440097856,12.314052762489489,5.6436549216842,0
61.98554147277524,4.807152464981475,59.0978433040064,32.42134176716382,4.749282875412932,1
93.73005634382814,1.9089019421512137,74.43751151226479,181.805546454262,6.264120566563322,0
68.39614277680879,11.123973793850098,38.311603998118215,700.1043239263654,5.347643372364091,1
36.34974728234418,4.088428881997403,25.81025267460188,138.38094176517006,2.7063308306141494,1
40.2581445217637,6.124780898050725,58.56010812370522,131.66053515149216,4.045437381962524,1
30.10636575042599,5.453264571905901,70.33439685932014,5977.343912440431,6.848284949207449,0
76.70659494422759,9.552839248132589,87.44054101368692,9204.417586717596,11.248972746351768,0
44.21226729083435,5.766292845311513,35.99795087519042,383.6283789764879,3.6168726919084815,1
75.18994325237192,10.080552240598395,41.56725332073754,11.119555661762163,5.268230331607724,1
36.92789035857967,1.5793095389062346,36.98676612195581,5906.55850882711,5.69792880630604,0
62.25460637781817,2.3634072459084936,43.5020916289347,617.8288242560778,4.340502140699656,1
76.94170377139142,0.0122837308347056,48.79717800550704,2319.169737598721,5.7023967329037,0
96.82124540147608,11.950448014947227,36.00355713898015,21.692772566619983,6.158847718006482,0
80.79323717306596,8.003896273554926,23.522794682220347,4.175699134365841,4.739890804311925,1
79.87677375503026,0.6557657398743566,72.73279033678139,1296.7018599520145,6.090982164268095,0
99.47175588758353,11.038803705380618,50.24798773828776,1588.4511138067678,7.384415795093419,0
53.207783678811694,1.4785457022620183,82.76140114576005,263.4707555300928,4.890743329516518,1
60.20851650605974,10.300551646353265,44.0674435385976,6.07761994242425,4.763457941006856,1
90.58885530428957,1.3795769013750192,96.0902626173217,88.46956185166718,6.688454561754568,0
84.9943103607321,12.46743773492091,27.522323932228883,45.858980151745705,5.495115395964115,0
66.46307611185355,1.022883348015735,55.12303510375014,282.7610996847142,4.555882982230577,1
71.96856064397693,3.1359806468325075,55.43218530136219,126.54197171196824,4.918577035339178,1
79.86727442362721,0.348855866352884,37.31581430876957,83.81990450313889,4.390960945095033,1
34.04414610470842,3.189947549481364,35.57400123750558,54.56015146291909,2.7752607119931,1
61.80952846159602,4.640162908127823,79.29850873214272,175.67070592495173,5.4031880442033815,1
65.57118935062645,8.976649415869815,96.71725730815147,70.64395429362888,6.457352212003398,0
38.54618428573008,1.6912081522940148,51.64082413903228,334.34738155646613,3.427366601607805,1
79.46286732025052,14.335323766636964,62.96190144844509,514.2330032849154,6.758020614569528,0
68.72805457781075,9.838071094896456,57.31268640140882,35.44288656133956,5.4700313279250095,0
92.83558146142138,8.306440336855099,56.60641087208485,1021.8446545436756,6.753181945576749,0
49.81423135909274,13.9321958712603,21.588623199102138,28382.65812930348,18.22477660211454,0
43.62409811330621,10.3681235107089,62.60204403387011,1413.7583869028217,5.366716790070653,1
41.96751451956628,12.028395961628023,83.32452463756299,4.126362738972558,5.38333909744183,1
91.71034806972784,5.6419176466908265,85.94356877321148,80.40933725755292,6.851117419283316,0
70.41295767239411,6.542226492943542,70.04241621542369,7.208281795708933,5.575617583550684,0
56.094494341836295,13.733038829006787,56.16834493186857,118.09506767520396,5.361181538367791,1
37.62316849489204,10.346588268429027,40.18374561979002,55.44883027251277,3.772822350368542,1
77.45759172517157,13.47987376683221,50.06191602446967,71.60737575812617,5.983952214303238,0
99.04255348807224,6.638427496022736,39.119258198260844,297.8328300243028,5.94803905008514,0
80.18906485027756,8.130009446998274,77.85357958486405,4.289366957350871,6.358315609735527,0
96.42122885485168,1.939410161884448,39.54022280199397,428.756189172595,5.451374949028629,0
81.04388340338286,3.122658884952179,95.99256426236931,400.3811084913694,6.633988706747297,0
74.5101827024869,12.780599280794744,37.09208707596752,53.2975130840187,5.397878604999986,1
93.19232385794788,3.962278965244805,93.63252828982988,16.742831519650256,6.941268115297118,0
32.29403919486506,5.0186210245483,72.26042090532012,83.6263146550228,4.003249454736547,1
70.22571081390228,4.083548789667906,76.84244502684805,129.9063503935532,5.5876098375251,0
40.05214315608771,1.748748515268408,22.58750096293664,64.03334667341755,2.486602279995157,1
76.28099929766957,14.86079423401226,76.57864782179942,36.17034738119585,6.852764003652589,0
43.92884413678603,10.28915652822839,80.85048722002328,10.615736351047206,5.216891903070502,1
53.20989244016971,2.073455591165563,57.08199365744961,236.375485040776,4.166388808967221,1
41.8710570892648,14.121528988701847,41.098422025546746,47.15415927622944,4.343524922845293,1
91.56589129523373,14.24577248599166,93.32801975468682,947.4459313298552,8.360776458714048,0
60.90508371186228,7.733692226522407,35.62108712547516,3.9185883193518136,4.280164479050661,1
80.34708834650239,1.2876244336143654,20.56579854546172,2316.328241336602,5.1177840542536845,1
45.71629636049213,1.1201944116549143,29.458159102962277,1767.2628183785398,3.708047477863315,1
40.16774796257752,3.974850348076808,67.93165453981854,1548.3908497767347,4.816340014393704,1
51.38551736313702,1.2922814123920885,67.88050425886397,9077.97908580419,8.760053506432705,0
92.2326337815894,5.266895635645631,73.34575735361597,219.6910093239532,6.526213140098594,0
90.5257757430762,12.7856763651946,20.48555459565565,7.863845005203907,5.5180972266147785,0
96.61512572134552,12.046445622900382,35.44888573292569,2826.3300622016927,7.545881194232477,0
99.67106307899284,4.921534082489774,99.9925089565334,288.85178775845804,7.623197093983923,0
30.26952244982406,11.690216325897868,47.1076739043472,194.00858055161729,3.8900370379889737,1
57.26558657284873,14.33678873954738,90.6786419211915,584.2381658248348,6.736780677416849,0
39.93806584989248,11.110374789759137,75.85153939060679,250.07418895704805,5.109143389168341,1
96.90094938564516,8.617151050508609,87.15851227855654,10.50802958439887,7.357762463625563,0
36.27250333417832,2.7390297738048663,91.30652653505048,161.03775871955523,4.544517786158911,1
34.91361801683843,14.182035989268506,31.71956993020939,538.2658774146392,4.035468356213989,1
90.44768141793216,8.325622843397804,74.88020808958962,43.64943451602301,6.718700501002767,0
81.91746600913874,5.978555101668816,63.08192994606223,1012.475411218817,6.2732497545237065,0
59.13662267948837,11.28023139923114,39.78624054524961,704.8610960839621,5.039505811502118,1
92.92650517064568,10.952833308637503,79.17440665259952,73.10584631531509,7.224128660425221,0
42.67481031344711,13.044305123550922,87.32472084881078,90.72637945817056,5.676527740086385,0
65.26173654997501,13.105617601337409,89.56290542505337,1.5326228554717367,6.608684696312078,0
34.24070114982597,7.883188338982656,94.0128687890536,61.81710226123524,5.009241494693531,1
86.56274612354966,7.1101135319362285,69.34995068577668,63.89198615207378,6.285965711784947,0
73.72235859872285,3.700784483513572,39.32846391860837,58.261523412348645,4.527957471564696,1
97.66582857847318,5.670512037499639,40.8131954661019,258.5356748606803,5.827348048302288,0
48.11614608413716,0.3443875665596407,39.65970743854371,1021.3509827410344,3.659551314548279,1
58.82689762529382,11.083630749031547,66.63619118490494,1.1952891104544974,5.461122360017283,0
31.025206425918064,4.742140975048103,65.91131997557474,4.504922712215104,3.694814415164883,1
34.107698071820515,4.961325353016765,55.38939795404593,39.99927352648367,3.542122033559117,1
87.53049294401339,14.100827013434426,40.16372037914599,879.2509988700011,6.555839529913358,0
74.22522436849447,8.661994725680033,20.177800870305784,105.38629344221694,4.493235620138065,1
31.545266186867,14.480856112793823,44.07614949794629,1316.5700699820618,4.690465778683482,1
66.6729369784384,11.01329036364671,29.17324934871713,132.286720757382,4.709587356342412,1
80.09520806557498,3.719137016719372,91.49054019316678,157.26166569669854,6.399069062938288,0
48.13987824933866,7.424953473344087,35.13542901332731,45.9530726752663,3.745129884045408,1
42.1973646892297,1.4750979450350532,43.76034419041076,67.46122929970072,3.1819453224348666,1
31.93340935319443,13.76479788852586,84.70901098564673,137.4403578044869,5.263806671452008,1
49.3412349708391,11.35455013054366,63.60385444936757,1948.6781229731332,5.991559106855524,0
39.72814524835563,11.58520131311485,23.019194739784297,102.50787653213384,3.4894757217053063,1
81.91848308698974,10.06648271465292,92.23304920779562,42.85608413991202,7.071807113248705,0
30.244692443256824,4.106812724080845,79.95456834221764,22.82092604808969,4.030516483428931,1
94.54857634969405,13.07787232131754,69.49614114274453,43.69843403968623,7.196463737421695,0
71.14376576521136,14.791424921704404,68.86391650011687,94.3402628066171,6.4379807491857095,0
40.9019194085821,5.71573455259318,38.68238460314149,347.61342657201186,3.541928482982853,1
48.50171268696218,9.862053265653746,72.0582983613528,549.6684204854149,5.362856995127153,1
89.10827231574156,4.737916392193878,27.364705973667725,237.6527395220516,4.977890080820108,1
67.63554841480142,14.31960439450027,21.5092502053027,2620.14648485546,6.092733124628895,0
93.33435034108516,3.9113075444765695,34.486814384027305,5226.956455601052,7.772587427412409,0
65.21062842518529,1.0287279927562558,38.25335435960925,218.69302392661515,3.9682450790346224,1
71.28576947728672,6.685196981692599,66.43938264107334,17.7968131238023,5.52203036305483,0
33.47665329972893,7.234885726274793,20.09063071894003,797.3949118862781,3.0639710821279764,1
89.1824724450061,3.788711532913834,31.429419570139974,104578.3570730444,57.17823117471802,0
62.69668251551886,5.3996130269880185,79.4297272383497,1931.05560863634,6.396248224788217,0
85.06091577340531,4.348400636529909,63.46726083337401,37.7424802988267,5.760165759739837,0
32.67313994484108,14.489975841557085,84.87033939737546,12.973033854965044,5.308519880798098,1
87.14510380908291,8.163977723359409,39.138792096871256,355.57867533933035,5.6541550252750605,0
98.877785871364,11.584615195652416,68.33470723220016,23.88165746872695,7.17555500012017,0
39.09687580077025,13.098791222501688,90.71797368411376,1078.9486361428403,6.134767682875812,0
45.500541515944185,6.649857987513943,62.1408326929473,1142.291483254139,4.92037818180465,1
57.069273914879446,3.074399167648248,29.24406191126185,306.438213502068,3.6207518374488927,1
97.88508327279516,1.1431743007557094,69.71685442584736,77.89196512437893,6.160172376324988,0
76.82319966374325,2.363099475743512,56.90769593192552,2709.556646186271,6.371247135174983,0
50.24383777336115,14.416389798273968,50.64366187664178,505.2844821568672,5.22334458813953,1
79.13685472391752,11.23985186078393,77.5886368199508,537.8605817085344,6.886048770487885,0
74.29713484734155,0.1961142718032249,42.71293830897718,304.6332276738471,4.425201584180224,1
47.47085914824604,5.421570231825901,27.402986366212527,20.048974692526325,3.273105467445071,1
38.49951971711731,2.4798936178506485,21.696742985454385,7.948775894657642,2.4428468279807176,1
53.50652800574648,5.533240277917348,42.70434107475047,797.047925371749,4.373239342949982,1
98.38847577554688,7.89545569994467,51.76168852200277,5.659298574181876,6.280764905963515,0
83.77791215130961,2.534073458024537,63.647917197859904,175.64112319730663,5.601781909389288,0
67.42868854115247,11.524619968335312,48.437485024678764,2513.220406254006,6.559344292346996,0
77.04311337790142,4.506261994648032,61.036714240599046,8.099990945949463,5.367502157271805,1
89.67221595139092,6.591216132196241,73.14389776285526,4356.447871104001,8.61855111971292,0
35.79542853472287,11.062875659801662,90.87718897782568,621.9163353773571,5.57537854439253,0
37.85274031680253,2.703524633607544,64.69128401122595,9.5858223589771,3.729993507549122,1
36.04726443209994,2.993728953562351,20.65567676529418,20.17749849445272,2.3710225248462846,1
72.96486011027926,8.81606186240353,34.135441111342224,26.50566445490711,4.837516656219244,1
38.44170564230351,5.103491907800918,32.06768276544548,746.0657851445063,3.38308079200785,1
51.12093384373117,7.263973782038887,67.37000912638462,19.20838887972901,4.801939200184538,1
71.10900422867547,11.946470547387657,44.77670485071808,4683.872884267489,7.724244811541071,0
68.07533976610387,6.258961579205438,20.30578984694091,4.209276288013126,3.960188082116933,1
93.4278889366988,8.772510438147803,98.04103103868388,80.0451390664748,7.595620101976486,0
78.38167718386588,7.1515024757583365,95.2525137041808,431.666931747916,6.92382621192985,0
81.99736721057042,10.396341368255536,85.19998214213304,472.04896051695226,7.111552769770838,0
95.01749065341988,13.751026665673798,77.20352467149854,72.8960201874706,7.528356042942867,0
73.54295318762843,10.634448879176931,77.23125653008476,127.21394716458026,6.385707684907664,0
58.303240840061086,12.471353209822034,67.0932215411456,154.4206568908519,5.669271929264441,0
54.83761433076685,4.517724528948982,93.0960674271441,190.3175139137531,5.533317805896772,0
97.59167919468592,5.879787533082536,75.39698840943885,2164.2999378884388,7.835705542323075,0
41.785279858484216,9.361864879399414,82.0126906894001,21.285536379254395,5.078621171150941,1
82.36210551217053,12.40978836323551,32.267904418798324,447.9503924473302,5.727475385597987,0
82.67141984033532,10.090572555185211,98.81569896996687,241.60970038801003,7.401189868424946,0
37.19353077663526,5.875463371560641,22.073265023689707,9.637387733953554,2.742304212799143,1
90.07014647437265,3.3603031142958493,94.59956613202822,1396.816720206075,7.4752315144683745,0
81.44998336233749,14.77583400948158,67.75295809629074,7562.305775752771,10.549324366206768,0
75.03156123250189,12.877908781739787,42.04082567150096,5089.119306135694,8.094837750686931,0
75.47243482984506,0.6076245188530865,66.28953420997595,17.43534638602012,5.077063544571399,1
44.49481268024398,0.0548303064070931,45.551945806705774,965.388256258026,3.634528040180655,1
43.17982708905768,5.401306651043168,77.1577469140687,3622.6202912013673,6.393366301689369,0
66.0635029163567,5.4723467654250495,80.69528452917294,10.180199677199305,5.61572342891056,0
57.48684229387159,4.724430251567386,71.90802495566014,40.231436844218486,4.949273184003515,1
72.66752141554791,14.220611141109725,49.21027596613979,55.13004032680056,5.832635269880482,0
61.47311523325011,5.021104044116517,46.18007345995125,109.31238434533527,4.401093409712861,1
33.133630703451885,9.693237661176834,69.05507212396469,25.89461361970968,4.379268464784555,1
71.02024029221627,6.616039104005638,92.60975120970056,579.2529810110783,6.57033254888577,0
64.7058331377788,5.015180164210128,80.8597241682941,24.786278944326085,5.52793620645315,0
73.6175729039062,3.0659800326166304,60.73329686824121,620.5252393158663,5.38356244512308,1
60.459010239971136,8.515686101236374,64.65987522885578,95.11406169463451,5.257282307435473,1
55.977521336769975,12.425345321199345,66.13068475657913,750.0093530005339,5.840560604788374,0
45.913529467588674,12.69048942752585,70.59967491976249,55.40748186862344,5.251284109983319,1
34.84719361646097,7.251419988094591,66.60340402243385,494.8068368919499,4.364535282586889,1
86.84744949386844,1.0013746312521132,74.61512140617988,10.973938402120694,5.817976054266405,0
49.34778584452874,7.691818354393055,86.58360660756728,18.23606013300844,5.349719497513978,1
59.499094053481706,2.181460416674984,47.9693244830184,4093.4401019474262,6.083909589271032,0
59.96843355923611,7.467592137121652,38.98398346183016,540.9374561162349,4.585484787994631,1
39.25002118428443,12.893741253701013,63.22158739718493,1146.1219004366303,5.329083544875342,1
49.99598306805798,9.652865477170977,48.78720576459128,95.79945159268014,4.476641769173496,1
52.5641757833456,8.607991101759035,55.87548161244076,16862.700519634724,13.070980849700312,0
45.63863097629573,13.489551697316347,96.01534972367752,6.981353250335717,6.058451577118957,0
77.93246239600559,0.467027574380997,20.72318298733228,193.84699281655392,3.882620239306569,1
38.75952072914993,0.9365643511441502,55.30291892821208,210.63724125412173,3.4084434527538354,1
95.44273744950216,4.793314517000702,28.34135932677012,152.91552038757567,5.223739489677048,1
49.51235062487829,6.353247960986577,78.50273024158844,1382.3512279430834,5.662076342312984,0
88.76471065439222,2.050089563497884,24.33502721895121,498.6658091989572,4.734981103693492,1
73.52069170208111,8.03705664068731,88.57411076334753,110.38716704505964,6.456950238574931,0
69.5542058127028,1.3348961439442242,28.61823799994167,0.5534701273759449,3.774481721964473,1
91.4817384677873,6.351512171124253,58.77231811246425,3493.4843388964327,7.804332468646062,0
59.95032052728715,3.0076569760634864,62.46738053850692,4.665233801716297,4.5751325517539,1
42.938943985916936,2.536980675544733,81.42671044840264,5810.911436884967,7.319512858885714,0
36.20786676726413,0.642800812764247,52.885910658695096,2.958457775943873,3.1006513006158145,1
87.34498470386328,5.13523950119308,35.17145364942553,147.8489604913466,5.136391428002279,1
60.483620804926105,14.094937882122233,52.02603719975441,23.961964370357304,5.401600718587079,1
92.92561663157989,13.17168680972713,73.17735640903538,155.7952367962704,7.307411656905105,0
54.22351318443226,3.761425805420728,78.51128670395288,8.549699355132965,4.904696558715516,1
33.198842246318065,11.346126239711165,37.0132122349409,68.15839653822265,3.607041879141178,1
61.06019415537352,12.698324045547826,41.87815421504634,16.291982897404402,4.976730788669816,1
95.59889693383356,3.4531637192741056,49.10347710753494,1837.5471680093444,6.561150146511473,0
49.27896074744917,8.628436446427372,49.84464617460809,1723.704739884624,5.191193829721259,1
48.10056883207978,2.759027200125211,62.28220362014204,451.8440721625832,4.294313617981265,1
89.24972692107198,11.440644101286686,65.15853045537123,335.8511943427414,6.836734997804056,0
86.25903642591362,7.52295574583088,22.04887021680737,89.95930666980381,4.909102791458757,1
89.52977561783803,4.229007476788992,41.73690592922868,30.14692694755112,5.271272413743056,1
39.5894811607031,14.473394846873562,24.30966129749472,282.4616425824387,3.9014393913315417,1
81.60100739471551,8.065094050952492,73.77893817231865,60.253462321070096,6.314044577213964,0
85.38198688009035,12.659510623591007,75.4444130282993,16.895676691081892,6.9530107667572345,0
64.03055365566927,4.394293621150581,68.9439164197857,19.155005153015544,5.078546503511907,1
68.76084943973204,4.854432280451791,28.984181967247792,71.49268535604011,4.141149007329914,1
76.08433187939775,6.236590762278519,29.726159344391117,210.91969109866488,4.664276977284827,1
84.95503827275401,2.85325302046524,73.06996239122024,128.36592957533944,5.9398086694809615,0
33.72026402182784,3.376530299005351,57.859564556229074,914.9723855605916,3.8797367202408166,1
58.167594327553616,10.142563813578432,28.601823501161974,41.83480120057108,4.219932260095132,1
98.47786483690636,8.5499051547237,69.16155480460398,33.91153646302584,6.8859075213182575,0
60.0981735739581,13.404551187708172,42.59866852230764,4134.19141631997,7.089437825558356,0
70.15541068902893,1.1132066152676008,68.97434403193006,606.4172602902348,5.289976040190936,1
86.2169444880227,8.622445669137736,39.56594437197485,4.313377555386883,5.500057366371621,0
97.94093742088045,8.97668032306605,82.35964597493708,28.846284774850822,7.300518050777359,0
97.95678887914045,5.776100078251273,93.14839571754229,7003.465398645962,10.792066133839995,0
30.649065923159668,6.977076992182642,40.12785735504678,3.072284189062762,3.129042198890586,1
35.7968533197328,7.670924025503599,85.39494780620745,633.9849934813507,5.077807466266571,1
58.323084397511295,13.024717515697263,67.94394844041355,72.32011207818739,5.709873636721679,0
77.08182571823093,3.9622182096291874,65.51704215171273,3.598020754435864,5.446805124620757,0
82.5563627050361,6.7589920657864,63.49455919931821,738.7751271712692,6.2523780543452645,0
85.79032125691162,10.999574354889146,63.92681553600085,400.0884438130136,6.649418973751912,0
47.86806310989202,4.825736391190712,83.0737880640611,204.03590759004248,4.991527759231607,1
49.63230789031891,12.511653632501394,68.6273429044806,17.897159343182654,5.3042265456689055,1
68.33527890076809,8.865194950349194,29.572860817837352,498.38698297678377,4.756309967089156,1
42.35893404524237,1.6015577638443013,53.4135688124487,1210.6245057742233,4.062232455454697,1
99.76412424187347,11.739175404087977,43.409806781613085,64.46241042473899,6.499007918744498,0
69.8880534193984,2.555959667439005,36.42511773035671,1466.5709126907554,4.877157091775915,1
39.37845093644105,12.108886308734595,77.73495673966099,235.124743042019,5.235637742041941,1
64.45870375359752,1.2118828066161358,81.3526391545567,121.19167843188248,5.200711444658157,1
62.38260933219296,5.761478522157463,75.58339929493084,210.7041254309393,5.44430626706686,1
94.97465559205142,6.17042413211161,74.93105377021166,15.192597435178522,6.671556548717156,0
55.15577944766408,10.825688215700517,67.55089557370403,1714.856730001478,6.172755231688475,0
95.91088208356076,6.38811548163153,54.786849211026,125.4708111497602,6.181587713411243,0
56.656501282193496,10.835487208367532,49.58878731894721,290.127967723416,4.982536375554617,1
62.89190368752772,11.533686847079586,70.6044572287247,1215.8656282611903,6.395111363201403,0
93.88007901155224,3.6795117299089153,83.2466499120367,22.62363062467232,6.631865646126419,0
78.12866039904387,6.282744498276189,25.546015068087016,288.2733441426316,4.6639379899033,1
59.31881096519233,11.678093882751192,54.260410250440415,976.5387096965252,5.656643489244288,0
35.52889543809776,0.964197408286568,95.4004217137674,4206.812466400272,6.482994442965726,0
45.21876609443325,14.674241930832093,22.341171491632828,287.8836603367143,4.090351811777881,1
82.29079945992854,6.275604360505548,89.0962178843773,16.545799615939707,6.600351850786986,0
53.464881720550665,3.268391739771113,67.36429396611453,420.72162231895976,4.696724072942053,1
64.50828281201714,1.673386505667522,91.80642055364804,160.90336864425603,5.582314263979007,0
33.29595918377075,6.598349541611903,72.62363429672698,775.0088936411657,4.557886797234413,1
38.51435773101609,14.57358692466503,23.76297767188736,3.427523192704379,3.7125360934601193,1
35.94821349847946,6.337507642931199,61.506635614443866,33.945398884612906,3.9338510721079207,1
92.72760155703465,1.0978878197307336,97.20188554115634,272.5886073571078,6.871243714167703,0
52.10590008138296,11.638251358916056,25.210487710065664,538.3630526562137,4.273557296777001,1
57.34344003160935,13.485145974884068,73.75980524943377,447.3315941960007,6.078712153333795,0
87.51557713327455,10.971150415111218,68.26544656277436,419.0800943416027,6.855241570896135,0
53.965129388775296,3.778242954273638,49.1271320656104,464.0987742774099,4.242292820085392,1
85.37708549564216,11.903357128701114,64.49910096454238,498.4069544413209,6.78959563885273,0
41.82247736198721,0.7299839780902423,21.037073978107344,32.57594090373678,2.393297682083601,1
31.54554956208931,7.3788056578737615,60.71889810251571,196.99454571023537,3.919766764201537,1
88.54432172543548,2.624126718876749,66.45398709971788,468.5759145499859,6.032093111171624,0
99.95796018335808,4.045513470965642,40.09441753629969,13.823702593403045,5.61261413181658,0
56.63630996790667,6.589622572909757,73.21086462948757,877.6381353320805,5.559559662557911,0
57.48402057125426,3.581815038895436,84.64238473163616,138.59592337653584,5.266111830377067,1
86.45230907707275,4.667013573625756,71.67513374141515,394.3630269807239,6.272229246178302,0
55.71923979437655,12.392552916342993,74.69227634614961,161.4406985981394,5.78951352309292,0
73.45350560394203,6.169028590294101,39.51954462067923,360.93245371417794,4.921095648664557,1
40.37405962315532,3.398014694147586,43.85099897312115,41.78911131986735,3.2911883791945398,1
62.88508098600177,5.789536656468972,92.15819174009738,761.5382181017814,6.239871766340781,0
62.19872790727788,11.615457935843104,49.78050807772366,1264.895236464067,5.775357770439169,0
96.83973549629194,8.644664820184861,39.9751042490752,266.2004216124142,6.070409240148626,0
66.8437481856302,10.818898266343275,49.391640811822136,566.3008136006646,5.520539385214532,0
43.64839181475009,3.633181266770297,51.207197500701,557.7299859995948,3.9243347172878607,1
37.56276025857941,1.67114487832009,27.81850609466804,69.73965850802111,2.5390499102692368,1
65.74298676189491,2.985309307040368,72.34614529972532,121.76659665218338,5.159518058497685,1
51.01436591263816,11.055995185056112,54.56995724370288,1211.5927595061885,5.389069252075318,1
30.86429235198345,10.746965127356413,82.3107940020638,72.12324256997877,4.814653648161883,1
70.07911714135938,4.00656309911299,57.68167185482564,14.805125360870033,4.941673713890878,1
65.32925670607165,1.157032655005244,21.606230585168102,118.17880525834735,3.436149853927607,1
93.98523943086394,3.574181677163288,22.51426348693869,0.7933630930218396,4.792652331105558,1
71.72578014231942,0.1998022575844343,74.5642524891146,3.5735881394421702,5.12772580019438,1
79.69762405291932,14.67520043453584,42.40786908626673,362.0655668992075,6.108693861607963,0
79.99066956813044,5.69539093217924,92.16554976518871,14.93230821985957,6.541598523008734,0
43.89538426098385,6.992618067115395,26.19807222430464,197.1397980086232,3.3395892428843443,1
76.08131702910933,6.956025938504947,33.24374759537815,340.01701833308545,4.906176212042755,1
48.49749014418654,9.148490247230932,32.98449697004208,230.09512122796747,3.959331100205801,1
40.00586745953231,14.495122131881049,47.77832103367163,255.49232678820084,4.610842705973647,1
72.47060961673984,6.878207443397075,45.7587220800112,34.23812989435995,4.976525856356817,1
62.83993287877836,12.843290614535556,41.16060265877411,136.42262584590705,5.1009557692908665,1
69.27100965741987,6.3760087374847565,88.25239065783285,986.9793497751104,6.549502654667811,0
65.0772050776929,10.286219786883972,66.07072953521815,60.3205927588394,5.643992364232077,0
75.13197243726472,13.934544200976882,57.587611760692056,134.63586091731517,6.193679600867697,0
40.16533671122835,2.096686829073031,57.06917775011446,6135.2897307868125,6.596002349253277,0
90.36176627385429,4.992162251595532,53.07201920927027,13.087924853811362,5.712391414818739,0
48.32277111571543,4.003297772654275,85.10131173969137,5.885992500263568,4.889222970334918,1
77.99462062658986,1.8809270931020103,60.38528109789088,10.152541481224825,5.124512238051134,1
56.33659593628639,9.734626645278702,32.65547271124678,53.09310047119889,4.233137233552329,1
56.72832043589959,11.460318299465246,52.64836715841079,12.451920729125971,5.000841622499395,1
41.47946217441969,10.0208776839087,56.44426626132492,555.1803398163321,4.632184413115572,1
75.19668400129319,10.686781280385397,22.13723394361167,2706.924714654413,6.094124863725824,0
95.21018787682014,8.021819494408822,83.36029285311795,829.4458222583611,7.526121161236407,0
62.17589720239187,5.616615138667067,59.18696039434184,95.32711193061368,4.871969769757944,1
72.54583978787649,8.508078186015751,57.59806196416442,21.31799854515683,5.491242268314146,0
99.54386839068196,9.241345119808036,55.357521422312885,138.52604265581178,6.635877911605374,0
39.30057164980023,7.351694702293601,90.87133134080112,3.922092991014768,5.035293322940911,1
57.881147170176966,5.935985577533451,46.552715914666805,206.214835137922,4.40853333956939,1
64.00244349089817,4.578143985174534,79.52656985512354,16.238384473162682,5.411828426043668,1
33.293785698193226,2.2194649291688027,35.78779542374126,1076.4866251564777,3.165575096135086,1
50.33822796449508,2.5974348863807024,37.80265766868549,452.5700139467167,3.633637344251796,1
48.28902311004464,8.216571425793571,80.17834831081763,1532.7313836063192,5.92493420810883,0
65.15359910324653,12.999504553465648,28.01011453017667,329.0171184551522,4.910906414609302,1
94.99993663040571,10.990791343542591,34.08673655723065,7751.557679487071,9.797457536030944,0
81.36605164601795,12.439969606498426,51.28019770418309,663.4681234108316,6.368779019321469,0
38.81059978809617,7.219171999240971,32.326680822126896,85.83094650890153,3.287057089366202,1
56.55439241269224,1.9519901355907987,34.23365521157302,507.3191423180903,3.738043937573005,1
64.38505810813143,9.461492086845734,41.92699283679257,53.36714510978481,4.806044890668501,1
73.62093273524432,7.570262337180869,80.14861645211792,1.7571714841599275,6.107200622433477,0
82.42509166173338,12.154276853233652,54.79054950958855,1209.8999584052656,6.76109781628299,0
43.54804604251421,4.007275320114944,70.61828207027858,29.91666671278472,4.276156169176812,1
77.21652411419194,9.996538683733997,52.98054441675804,8.25040660865074,5.681856368748144,0
48.64730640801974,10.589900393084498,43.34604612755941,476.2084974216058,4.543367928166825,1
49.20035339369488,8.199646403864291,22.94991857887765,307.7821143059857,3.6303673906535465,1
96.57477686805318,9.303493132204627,48.82722427085909,40.150932359260274,6.278232582247993,0
30.987572570228465,13.939296546075028,28.9337358893321,34.51805497369367,3.5187036615834515,1
74.27788490189226,3.643961193366903,59.68952703191636,2655.6157751349583,6.454005213937351,0
89.29086761266663,6.877836140748736,27.46992559794132,427.3246075196559,5.297178390279607,1
94.28450193536096,12.572627458725847,68.23163537996567,85.61678769115964,7.118400278531573,0
93.1993146090288,0.9771232183716484,79.769989644151,84.52565990070997,6.261047425473201,0
47.40382166526753,2.6241753469827995,66.22627551773864,141.58439209923867,4.21615086289076,1
90.76592527441365,7.98565934104297,64.62578357295688,2536.9536640145707,7.636453284276834,0
57.223248514854966,13.61424251145234,79.44063293738967,2.0833687006735446,6.034614864211459,0
45.53075635388645,11.151841941064513,68.6210617703367,18.57469518567608,5.004333648964848,1
87.86316294993702,5.366206301526036,70.08351393210575,3.195887817996464,6.155250510022255,0
31.63679444907521,12.269881372939372,58.72309165866608,4689.185847278283,6.59874558865607,0
31.04942102953669,12.254445269947496,74.73569944613735,20.95435333109068,4.719969528225882,1
67.88310651684967,6.82414378525496,29.7987428603141,1.1955857409553723,4.292298717879383,1
76.59373952848074,10.5434188514359,23.998437651264133,40.57549625388117,4.858332343947684,1
59.074151016233245,5.148686608026952,56.623784872751735,10.530091507802627,4.581813293388478,1
56.74086099184076,11.28331151077408,55.31013251790625,57.34856501491471,5.085943848795683,1
45.82166789858201,3.029545664585907,63.29614864442871,9.334685659244649,4.039373084564355,1
36.64433499533753,2.3521987122109334,24.11457579326065,75.46793727371234,2.4621645134692702,1
83.5042133236229,4.8457447794442166,82.81729698390131,9.1583342258073,6.313841087519282,0
76.3411563145186,1.7477816970409945,26.112681599410124,1638.4385577889254,4.8310241491616095,1
81.09458172364582,8.134500572461674,79.7185785246905,1474.2876813809794,7.185934522623204,0
30.265882801708603,11.04395297846445,83.9265317135885,156.19994239603588,4.910926532520461,1
59.23303973422877,12.105923579778068,39.87842982296716,51.67999638799323,4.8021068402299685,1
75.25794067181133,13.361783210211067,75.48258568526307,131.2350392641328,6.676591038083519,0
44.40363223275964,11.491351559566478,70.06122966297998,316.0316921792761,5.185133181246071,1
81.0428373838916,6.144308508222493,56.43744242545835,273.64115676949257,5.68608819732641,0
61.19042408179048,11.686904624236774,67.05579230758673,32.61676794557367,5.644289578895685,0
60.370833900542486,10.609854279022164,22.590193797315365,76.9873858375622,4.1920182907621575,1
57.56154213885168,9.810608503100951,89.99069323587864,543.8630937447097,6.255174879812876,0
73.01145290665914,8.34976363892128,42.36678931778107,31.025011155248013,5.041950665269551,1
59.22829615035272,10.662543907972914,70.8228910678916,67.50431458980005,5.593825126143049,0
34.7854987089338,9.71705259002643,44.376652731165976,76.6938880059611,3.732771733297955,1
61.62989381260188,3.2000061179930994,64.78866985383789,547.8687380359243,5.002790828936484,1
79.7995809785941,13.795927706784695,68.69111306800173,6.473452225243912,6.635546127974908,0
97.95272739142553,6.571036779397602,42.901278617110506,31.853372661356385,5.878177818440775,0
78.78425320155672,6.190293962883508,87.98006842176432,261.1687804187696,6.540385967212933,0
72.66789164990085,12.192867047588642,55.21846668153584,923.0817623666372,6.244097252384292,0
99.09916734353668,8.742118049451285,54.24367442506658,1230.1050234885256,7.080541243182856,0
83.8315223633569,0.1454289929069752,22.588506144328868,23.402736804054776,4.057160346556867,1
71.57846595345359,7.406558436423447,26.939588412085836,141.09312512602347,4.4825286967060745,1
61.470296271369016,6.2883446317434935,75.25992871920653,954.8347046719144,5.822861527941263,0
40.41114886488605,4.190516415685474,26.12533395478573,1891.2866786075615,3.764900954111343,1
65.61495143463898,10.25807062793134,51.86187132638857,54.82522499872282,5.233673872469711,1
90.0318792418983,7.462328748121994,47.14530353993061,101.101447629442,5.81241787450077,0
72.95205615720732,1.170894682272755,60.51285076937833,7.039531448514801,4.854077003321176,1
72.84090858559665,8.399101818322025,58.95880001884626,108.66817075787172,5.5766446112003925,0
54.20331851165347,8.605604227169353,35.02640876613461,61.76808711246758,4.110369469723346,1
86.77023189533628,13.425131632270524,22.404055862892463,33.09293888448757,5.501990584369522,0
36.14458287615497,7.651885286132838,41.3030324552512,20.23450871893485,3.4601800716764863,1
61.27050981601807,11.160123000839642,53.249062731465806,136.8544012733989,5.232731775305361,1
33.87569456790469,0.8690391768424593,23.35477129988717,217.2759195903613,2.251212799192229,1
61.5494356737037,3.4100103657680347,83.15278308988721,1239.143599262244,5.9171337558526895,0
36.54928025933803,14.813875395805397,61.9644489403305,19.69376516505772,4.812139100746504,1
84.53714117751629,1.901457973953408,97.49912575040828,640.2010551329647,6.8167057445747234,0
42.29278345756484,12.638083611836892,65.05830569939715,140.33305274602515,4.9774353968412095,1
92.3749059569827,5.216455032438183,95.07160775531898,662.3534365581743,7.399966692461783,0
97.00620016312524,13.990465240995194,73.53801158935396,69.39952067769026,7.520134638643992,0
43.535488302647785,7.763174469447159,56.4802600981217,1248.0854418316642,4.836187502910111,1
57.97936903623469,4.535142306296024,66.63082897037415,1211.2501171622291,5.3772389197713295,1
32.98233447049012,12.422098702088968,43.04947916949249,1199.937671708777,4.452956459967665,1
37.05408471007641,7.321895381742574,80.97403008569279,190.71775887702609,4.738932708586611,1
57.58591882249789,1.2295894106241156,81.60043055836438,9.779683550049173,4.879298452488283,1
54.17422576039975,1.4407885894880894,80.36373458842189,222.66028545102665,4.833290069742969,1
80.65449046856492,2.788350085703681,22.23531320792164,226.50092563624736,4.285324486368738,1
39.78726271834101,10.188059862023245,81.42410304154083,42.548109358028505,5.074293640861204,1
82.18744961012771,8.58628431486799,27.13586892318583,81.97907203000811,5.001192019602486,1
30.71299618248383,3.231800283999533,53.42732456838847,3477.644448586963,4.893341837044442,1
47.41822771178609,11.965820316385727,42.724094273598766,6.566357873955431,4.378317147254957,1
61.2327880854441,8.629183560105878,65.69398279205285,84.74556584590799,5.325422146112891,1
98.7538703178919,14.691725024723343,64.44620413529306,18.731529783293325,7.362079204138449,0
41.33630458475807,10.671686199630926,84.08751851095592,189.31567100461425,5.3379041941844,1
87.69345302656636,3.781538141346894,57.81649543251387,231.9328904997838,5.736353243422652,0
84.79190989866783,3.10630598582156,63.73776436610831,278.4982077640925,5.753689029394165,0
45.56498870172363,12.210460476424768,47.89111302822731,178.90675218977196,4.569832362653127,1
96.28089836925548,5.905623991899945,89.16212921771769,10.45341259087628,7.121888916787183,0
86.72470035152713,9.664395104590849,49.96895656795911,40.612141737068896,5.954802292427478,0
55.218643272608034,11.23536298465026,41.24816792630944,122.46202676500516,4.630958080541133,1
82.57282624590724,1.3788895006006274,63.7814738191549,7724.211294488937,9.216351861715466,0
56.793366058567415,10.170895373091424,89.07332702405023,10117.88408320325,11.01996603197497,0
66.58584824289316,12.591333308267512,92.87652244141768,1.7640297990715117,6.709744948684544,0
99.69697999460844,10.867938662845456,32.18637426129636,50.01864827649321,6.06527361804602,0
41.05516408644346,5.022003983558324,60.21801587944726,13.701654126606964,3.957798265260292,1
51.36424309163285,10.044039252923652,60.16516165952025,21.08548145107636,4.874471239468825,1
78.86225930772741,10.354879362422194,78.465826218969,93.5716095070981,6.590738899873935,0
84.20006386694791,4.481670120991728,69.16314114465084,262.9937656965732,6.022560683964901,0
80.05665846356163,2.874947535862797,51.82191770267804,1011.7004010342332,5.550268823726203,0
70.00242847426051,0.0176594215137149,41.06015401621785,36.16375711473591,4.051749580165695,1
82.63703426840837,0.9925758428263398,57.92637744853244,270.29381302608755,5.2776771849879855,1
76.45641139324624,5.82870536337518,74.3583616714474,21.6004891324628,5.8826780867770205,0
98.40844648198292,11.07091262320878,79.83204624997917,147.80850826261775,7.512294763230878,0
50.4946589917844,9.975605102633285,52.33003092068482,22.930860234321106,4.59871322767241,1
49.96319904573466,12.116361089738277,53.56107690274338,244.50776092287816,4.939250258346955,1
34.59994379724267,9.069744153696757,90.12466930783124,16.159677572335315,5.002792085280488,1
71.3518390548056,13.339675889561724,85.56268602952218,132.7037983314911,6.821273631199807,0
40.68603141737948,6.535114465818537,33.150418861606326,41.26492789174123,3.2960977330710937,1
48.94022518697231,7.957814757824492,96.4661732310966,6808.9543269844535,9.051852843686463,0
37.75352856132296,5.017895803930996,22.774094982544995,157.09596882880405,2.77370155673677,1
74.05375089562129,10.972164378765026,32.827595729879874,0.343301774737808,5.044365996485119,1
38.60566085134373,1.9012300146311008,89.4021884921896,2131.0845507899867,5.48195736567754,0
91.14681361429928,5.540797114708591,73.02548210050267,25.536863191419155,6.40348515065362,0
71.04353363281118,13.339315649933027,77.69449117445058,23.994286959726413,6.51850478901913,0
57.08639394685245,4.20330358945478,57.098454051564325,422.6050806380114,4.628042278685511,1
42.2935434084586,6.72955627272298,93.32099342911236,32.25160984857082,5.1804529714082985,1
94.39571100559968,6.120907599475099,80.08828734576744,26.767227927801788,6.803951434508422,0
84.64504755210126,1.6531800691769338,28.0769699686454,1756.3188317046688,5.27158842391344,1
52.58748773420957,12.263617996741177,53.5457726500045,994.488518402254,5.433478747743762,1
87.62081549392647,1.3148554462972972,49.34014918221717,89.9915959954407,5.161518437851024,1
95.66770345849928,8.576521857863634,54.870126423745646,17127.965711426707,14.894446972552055,0
69.52456135970002,3.4657438163669823,35.13976127500699,215.4304993235522,4.289464923936685,1
65.30555324580905,1.9853345877286144,30.498557921918035,23.16024359521202,3.73729244806037,1
81.24310216939787,1.7021477985121196,72.15890546705643,22.13699625941159,5.595774528768526,0
36.77705069276523,8.760266262572173,57.92471508624243,590.6839473666313,4.380192080238415,1
70.88859085716655,3.766344721219894,75.64511114677815,369.9378861964335,5.666500383910212,0
78.16889349668037,5.43410983037082,31.803613830538417,12.544200652656212,4.630547238146777,1
43.35047611389294,12.532751856282362,97.2589266424316,465.5858212965754,6.137854940105189,0
39.16016565206287,12.131847590934068,95.10209731286572,133.60309010450905,5.699455849614147,0
30.125954492307947,1.5470309862439768,28.098530573383435,19.6120512514389,2.212503221143938,1
51.0478667089351,14.274906492919166,37.261976107231845,27.186491237887463,4.600857846485221,1
79.28114419392799,13.028412806210628,92.72443225027746,15.93804022326207,7.263789035998137,0
33.649118378948465,14.857050615646436,43.3014454849884,5562.5443612724175,6.911985341908443,0
37.80209396278872,2.184837240630619,69.47369920907474,2691.1443695908206,5.160350643642263,1
91.24587367427952,14.403229764257382,79.95634053550828,3.502786060549354,7.490599532492442,0
38.48294131124218,10.66777728821138,24.74832054528988,155.49260443770098,3.4262912998483723,1
62.42441557751396,11.928970014178688,95.50519540452493,57.07670297421435,6.583567838141282,0
40.104951344833225,14.26194307551778,53.44313956524801,205.0384170053569,4.736205756805226,1
91.08201988965492,3.3463722390505546,55.03986142018431,84.64428339565477,5.671436003794608,0
31.323071902775045,6.502239043465357,89.01188192736198,2088.0131168660514,5.617509796711422,0
57.83360297585418,0.8509093114852018,90.98516225771316,479.7133405757324,5.367846588201949,1
96.79280951949336,0.5466344978766358,85.2584919203081,175.65375405785394,6.571957465205568,0
56.38418742280379,6.422861331852504,77.11518104355068,88.40572580104411,5.255311924304444,1
47.33166003095708,3.024140754343221,37.54894251877893,294.8288082775001,3.469563156374724,1
34.98336324383082,6.636939408720758,27.307129086671573,1193.490272388536,3.4789874794197235,1
35.54128501062816,0.2372410802100838,97.43863245748732,40.569333928152986,4.388819149134831,1
94.99046674395017,14.59982721760942,29.752186835611347,1157.020587275793,6.730677290225186,0
46.87783457882462,1.072904526604714,53.02738950230936,120.34308257039598,3.633397062167935,1
99.00043599512858,1.9120192392897888,70.0495161912278,116.48531693819216,6.310947507940051,0
56.45526065247455,1.102240704939494,91.8489818201971,181.0398905019105,5.2144238964498,1
75.18253366174667,12.90572917771934,30.379050480453778,471.17511916949024,5.44483333824016,0
78.1255085845726,0.9206359489058812,81.37029493196982,32.25290707273563,5.674319239768955,0
45.318144088775085,8.958148629167532,53.34432984044024,232.38500155628805,4.425063022459108,1
31.81729423887865,1.1528608918417822,74.74349060167356,230.18967055355324,3.745377412066308,1
97.93687167684192,0.5503428397657645,67.18997911427188,661.8241258230778,6.319120587389948,0
45.14089251609649,0.3670042262995249,47.066040690921255,215.29327474717263,3.361963981375036,1
68.36573150380129,1.840674111831841,27.084387624333274,90.41688919703024,3.776436744663749,1
57.8825815130984,8.078562362649777,58.80765231267532,513.6866158649723,5.1442323741016605,1
47.68800194016295,2.399415584916387,81.54754624394968,359.809946899908,4.773792996866601,1
76.42402252067248,3.590880528355815,98.6667745465177,15.242176036286876,6.383673278076155,0
50.71083985099301,10.98709446501279,36.512271144991935,671.7843800101318,4.558403364895823,1
95.97659089876636,4.113478026116198,99.76379142876613,924.9149503997792,7.705782656625148,0
60.305215614756335,8.484721750277515,58.18994158414775,1630.7883275767333,5.821773210930804,0
68.53023878255593,5.644943754090721,60.56164613319056,0.838339930956605,5.122972480672504,1
46.257922856978254,10.454336508312144,99.93744194614108,1083.864303725201,6.4358059753571775,0
92.59282535625832,12.119404914458942,87.4855996610002,42.16852037360842,7.561305755713039,0
38.83365445205715,9.629908546720484,61.81950017996128,152.24139196483594,4.447042734135591,1
47.96075323021167,5.376289934256942,34.09542178480258,551.0939758123752,3.754468764084426,1
36.604818097100974,13.601870298994962,28.06351855033793,9.270092764657026,3.670920356676002,1
99.72731470263984,9.729797101538344,44.53747014879357,11.307038757307168,6.303849922101889,0
37.66247956370864,2.47725663374168,31.939848870919647,176.56994646841466,2.80070528528431,1
88.11512857580236,13.491212593524471,22.952454784225253,0.2497525310808147,5.562424922176839,0
53.03328781276437,13.46921656871698,35.96933609619862,121.42725222078124,4.608046878378623,1
72.71096573203958,10.453045432973186,68.81881403999485,40.13342417354095,6.038374305865518,0
64.49936949423645,1.5561141979797943,79.97759599098367,731.6201766754367,5.500724167634666,0
80.77220034840366,12.750281858252738,86.08467354925604,10.68761928003264,7.093800215879117,0
36.89096480797253,8.674112980239908,22.03642302221594,55.81905059880439,3.0320521063087726,1
42.593842432069046,5.489264142437328,74.68635818364595,58.12743907666309,4.522334576574204,1
61.28292426897458,6.048447977778809,71.83889630488491,89.71831085877652,5.2561878131128,1
90.25047215733764,5.432842031261885,71.32636830825012,29.387245586347102,6.307787761460371,0
88.5647784368777,13.69045598705726,59.74038666115003,35.68204756940943,6.72168935980004,0
52.34978925997659,0.6288513955483049,45.55761190448781,94.76814351799575,3.5709891388475263,1
98.83803406260505,14.59508642492379,63.96465086665269,24.747538685755284,7.344343300339039,0
51.19942618535641,3.471250881618542,53.62718508262634,10.99204385348392,4.009413709981644,1
95.14497573014508,4.414351954824218,71.33799746317938,1750.3442108690958,7.262546254018154,0
47.48179341237873,6.8440219165691305,77.64426411612337,294.3580862462002,5.060180894758863,1
82.80685387161165,14.987829188415262,37.66305412183237,1890.2043348032896,6.886050864762608,0
38.21195348100807,11.09054916277193,75.02508353407208,119.21289465491743,4.947892008867137,1
47.0882187713233,10.429989009561332,75.58071154648368,176.643803708731,5.2822709000579415,1
58.09090676632563,2.4773610819038607,46.737548784708174,3383.617358331992,5.665307521550653,0
65.16824479521881,2.886583069482403,59.150231566917455,44908.04740249687,27.12391874701295,0
59.45103311308,0.6790958865463265,82.35744099950452,314.5587824239559,5.0739535343749465,1
53.55104732661526,9.248274482457017,78.11805902089009,174.40566697239046,5.497613945423209,0
55.19284830446616,8.267664059362081,73.93290239535162,187.7530801879238,5.3463439500693655,1
72.70319557455022,13.815446212385693,82.59882015454436,1709.1553359969378,7.622214716855377,0
38.1109797212668,2.256179577564713,33.03729192458772,124.95518274843334,2.803653495718992,1
77.71769911832257,10.267564468679428,25.07323411375185,699.041068127231,5.2371819690770165,1
93.35046457145503,12.913267646770649,49.414939827398,10.899494480020245,6.5132432895972165,0
51.80451746247966,13.10198337643454,44.652207574747074,28.12564824970171,4.736008087509904,1
76.31967251089102,5.409635239694064,75.1562631363845,0.4822561826013804,5.848679446587883,0
79.05690773947595,1.2622845329902532,86.42074861936494,6997.493657217241,9.379874050067633,0
83.31077813603675,13.2391088820717,80.14916053027791,9.832552148819191,7.065733105631386,0
78.90468071009695,9.282877893943342,54.58653234247328,204.8805389973686,5.8245112575710944,0
59.29958020691735,0.7408665973064266,56.20191824049783,237.88385524277763,4.25106934284366,1
49.42040189628881,14.965940462267843,36.132674044756,245.43651262013296,4.680108599731083,1
83.77117137493799,11.571949578867468,88.72123887779341,4.011072999236313,7.171684515717688,0
47.228002360563,9.469966440575416,49.17107927776183,168.12209681184913,4.3953101652188415,1
33.74160780285488,7.118995750076459,32.42116894583363,61.59819233217648,3.064998051662938,1
47.631189716281085,11.514513483215326,60.08876284079832,834.7143493371444,5.276718996865298,1
97.88437970811476,3.5301930550708187,91.73817965290075,115.43263618791757,7.078256201512654,0
54.796915485362334,5.17574033349285,93.42183200515947,1593.4561351567584,6.308833680496941,0
38.19722531752845,3.9314762893444577,37.31956581900992,1568.730183659927,3.824988708035845,1
91.2240904229746,11.949082475654,52.75283356776087,28.948663470647848,6.440931203252533,0
65.05453404293782,11.308419808870786,44.092132815207954,73.32306502644857,5.092448859574054,1
66.190389363015,8.239892747140368,52.6389753149752,59.96753102949483,5.08075787419864,1
85.6419859128525,5.603193138230758,30.22191358643352,421.4061348886696,5.103359225374517,1
58.88016388363064,11.795443204298426,86.6062682990609,1287.619053111827,6.776748451302809,0
57.733107861184585,0.0922402786743353,31.140761661068737,737.5338254632161,3.621538104878487,1
62.64534111440226,6.273008405421472,66.35217747089433,276.0423669869028,5.261700992738519,1
87.91846365576401,12.970357241333751,71.85982637077213,1130.9067349533705,7.535022428963785,0
76.73567262040936,0.6031095396711889,34.999451302726285,121.06851014328292,4.240255652936924,1
72.54726807465129,6.92138230650107,92.1998233362252,52.70470174329833,6.386376004594563,0
61.06536009888804,11.831097668254891,96.99162094702382,1281.4069573721606,7.176176277877806,0
58.1277976682198,11.83956688817564,52.01238496673125,167.66427892227804,5.153272284009432,1
74.33637865530147,3.493537069521201,67.22176380311484,145.97121746690536,5.412447375991078,1
71.51312041427076,8.928546162676396,72.3905916947107,752.4149159762246,6.301304641667903,0
63.08929949481595,4.2748383832153305,20.77012740452204,3411.3303142239565,5.279824797361811,1
73.73752420801529,11.053261609047382,54.34932777770782,2434.085021181943,6.902349473147556,0
40.81253339403688,2.54461707161926,71.82407370420624,60.80634373103163,4.072088425915104,1
40.65311669711994,5.449709075852447,65.68024187554643,132.99759486189032,4.208001629167381,1
67.06834804198915,13.849830516561132,77.37078447752627,4692.150636982507,8.734915826152722,0
82.79110510253824,10.180990708223682,43.255973710009386,255.5716809680175,5.755208326708188,0
65.24333468379456,0.877405296420245,60.333311944194335,2339.096552439832,5.6770215515395535,0
54.36211152283865,13.078170322586134,73.08112050639161,2812.366487039496,7.080918351883656,0
84.05616963427848,8.021160992977963,88.63231133605791,216.937055336794,6.931800752419069,0
63.82617739608488,5.401355663048627,23.826932528190213,554.7341748961467,4.085357725442038,1
44.785023768545,0.919526116262796,25.224464681894645,347.6761067462276,2.8139255561980328,1
64.78253495486788,2.7512358644472803,51.35887989910415,7292.561951068701,8.05347235714692,0
94.65470345185098,6.54007873059544,31.6543082655246,25.79403570641933,5.40272227695253,1
61.94111331923881,14.103041783726708,21.17797956644681,969.3277525242174,5.007951974397736,1
96.34445118111104,2.21467004500417,61.67846228819525,22.11269586471931,5.936655268323076,0
91.54355488608785,6.272569910105148,46.569848063195096,15.21725628881366,5.693703256494288,0
34.205702444806285,5.022864711880344,80.0276354098951,16.985421705970573,4.279836342130124,1
68.4423040505246,14.121183859437526,37.719552265498216,206.46874879038512,5.384631490324876,1
85.03429005404342,13.847415160801662,66.87742240052468,1335.4452361193687,7.460158408317328,0
42.61613612423403,10.82960777003588,78.57805865777175,31.14785676591464,5.1605219100890585,1
32.39992454285846,2.8627109094361938,94.83924251091514,143.9103422437865,4.499400519107305,1
75.22543391923625,7.521921829813147,82.28941912850311,136.15557927740554,6.297969903244561,0
65.44201307739698,9.162748911034042,66.84397902078626,2638.87087946569,6.8587102245557166,0
41.50858684172688,1.886512158554632,30.885611247796028,359.6644271580923,2.9553952405374653,1
36.97736588935216,9.811598236280478,72.48223367672313,415.0306995968253,4.84223681930224,1
58.03631184187467,0.1618109025555292,46.73947702377404,885.1015244605233,4.182368636874023,1
56.25111768266795,11.89731540066789,67.71395734215857,694.050653654943,5.818220294465735,0
69.89831394513632,0.8455237800815024,35.01572915206016,733.9950859042597,4.297954353327538,1
93.51086504319431,4.279366607630552,28.94375872336288,21.04949299192918,5.047208770687679,1
85.7380472079609,1.7433403134509406,60.26054426400573,457.3851656756565,5.640364830421531,0
57.520321589557,8.920044734271086,74.97760712416557,91.90987922673438,5.488100490347724,0
54.01444446470192,2.526653685230713,87.7897339995522,6554.635836669573,8.3242530854325,0
60.65320040295521,14.42745907556436,92.044129328755,781.8826475345212,7.021139127304555,0
31.43781373379303,14.036119251344848,83.07706679988658,24589.727766005693,17.44830036148565,0
77.63548361477733,4.971208115056055,25.67657231676028,7029.231895635313,7.887453273417163,0
76.46991254193239,14.883048800431274,53.31201037900328,710.0500721460218,6.501486729163533,0
41.76927964647919,12.189558914360036,77.33900137767577,24.403721861218944,5.222098979556054,1
43.41291016846043,13.909404336264204,75.71639182485305,40.15494140557899,5.4190260658132186,1
50.0809644136148,0.1096909764788239,55.51066288086626,92.1900172428851,3.725622569239905,1
50.12816266044914,6.449587055667131,58.6241589591494,177.16051091436873,4.497390236216345,1
89.97256941888412,1.1928022257605146,51.070302958478926,16.046059625879025,5.258315117898723,1
59.37468205000684,2.3662314610678017,65.80658023439557,842.3287200157166,5.006972195146779,1
85.02674860408644,5.597289810735578,93.6949464192354,2892.2493975033776,8.217772016565766,0
38.086171470841634,5.552823755831136,75.65170994194469,5504.986458383351,7.100773761866795,0
77.58286136596453,0.0288511657221962,72.04414163880013,33.823484849943824,5.284435562799777,1
75.94720081354099,12.367262200708163,45.30185107953742,36067.01907789869,23.667179323947924,0
37.14987708354428,8.579919160549743,97.29629059515172,65.10268335064387,5.295427058926619,1
54.36024691510065,2.980582265452475,63.79862317601525,106.8985350858484,4.439876065972656,1
61.09668377185912,5.377894425228311,26.815715233075156,51.45803179898731,3.811857266288945,1
69.92370765956626,3.9138619086562136,72.20441866421072,365.4091236958228,5.537171619022505,0
44.23895140342724,3.798208138814815,27.565512281937483,16.829445259828006,2.984758961106609,1
92.0628099825158,9.26691104506338,44.53312088657067,378.66318663332646,6.134528723720753,0
88.75537389323179,3.5984007227499544,51.726393809248094,1022.0794845929493,5.972886584578184,0
53.83768390412499,8.08504587719987,34.04215282318539,78.21454010548803,4.022383798633292,1
46.51062378585371,11.04324667467764,61.01308601356563,388.4506676892751,4.989367533153518,1
43.920985789451,7.183659164114672,65.6309719812285,905.5532087266092,4.896911111789667,1
92.91913790204808,0.7115189129081578,41.39005676955112,131.26616749822043,5.095252194208383,1
49.22071802007032,10.818370091085905,90.165393756546,1794.4153321187212,6.652835208667144,0
40.059376175144486,1.6003887765248737,82.82040502549899,366.73863029325895,4.430395390569866,1
46.89528961586221,14.872749783463616,39.07118026659156,246.1848547556619,4.658314398356428,1
33.83623554694327,7.414478367452077,98.70626907584624,127.85192694082036,5.120011294368736,1
68.19779838283685,10.312210433063898,70.49633251447251,220.73309133771016,5.984389499722894,0
40.97273903149484,6.093600288740179,33.977379917413025,179.71855731038423,3.3574502663113943,1
49.160353689136414,9.000578070693296,52.92383556025676,8.333917104324277,4.4583539799946506,1
53.562221050447846,5.379941905147715,73.16324138221051,6049.371635348941,7.900066091673471,0
81.03255139527701,11.539126936476396,61.878484836008354,10.124350782639416,6.256631469930291,0
58.114637377606144,1.3308708199938213,55.99312398583472,262.5835927054222,4.26875809303138,1
89.61121542815272,11.929962209056551,42.12641986112834,18.291543731643547,6.050383205731436,0
79.54358716025882,8.133883987764785,67.13103107725885,873.3754860812969,6.445750560545245,0
37.0350052672349,8.732506559380454,81.25643563071753,60.342235937826985,4.822515053517881,1
95.43363755980546,3.233043760700307,70.49786509877575,81.6512228382727,6.296411442844659,0
99.29545339031456,11.883924190464407,87.58368272581995,1968.882977595761,8.772162525231503,0
47.70577527321485,3.939293660160228,68.12854304579567,3.797245754516426,4.347915291195744,1
43.67927267575436,10.273064754675032,45.4561366327066,27.37901032839922,4.151850986643075,1
99.75370671609892,12.074698139132115,99.50953137409913,17.179135936325437,8.191493591748305,0
83.84657917304675,3.8419281179256606,92.35127867366684,673.4874657263914,6.845338071787637,0
97.43297877219702,9.493091007059183,91.8592442090045,127.72180948670152,7.666266482607284,0
81.42586750444038,14.991202341154528,41.61378181294338,1036.863225639791,6.5230000015012655,0
42.289289276139456,6.00000580776365,84.42571630779823,558.5349193048318,5.103611100708306,1
80.71559313844287,0.4253801820930353,70.78160239811925,48.75380164405284,5.418986716512622,1
63.92167948009351,12.616907537973804,85.82255075303921,554.8041716336897,6.670636541409142,0
99.60099739139268,11.702601409825636,26.774074819973528,211.0351029124958,6.063039832693724,0
54.026253589266666,2.9763354292526807,59.998073358280266,78.36322130449214,4.297807497896589,1
51.4135930665279,5.721193802875747,67.61124312070268,46.60582501821912,4.68030330907888,1
32.56796344062272,9.817261513814008,54.83899087748213,166.07894067313393,4.012653885667341,1
82.92319237065898,8.65203059221085,72.32694965479054,861.9714441183986,6.782924965750359,0
37.63445542024607,8.984953397749614,25.78455880707759,48.783910138185966,3.201802275866225,1
76.42817204252292,5.067560921525398,29.772151016576736,698.478990372994,4.806286999537256,1
31.266282870096635,7.975540805133908,87.85254655268074,653.132249910936,5.010347916853146,1
51.40358786934094,8.879789219361017,23.675015348392527,148.59116517808584,3.728668479750558,1
42.14131477394281,11.96799668274748,67.95872261611274,8.688457516396234,4.92555816647404,1
46.35862397880532,13.36637922238617,31.536217119476504,80.07533715508383,4.177107063552667,1
66.71362637579122,7.917892576247817,72.47487873920912,28.004837904292145,5.6485830937848505,0
57.80910533861456,0.3524407014812991,44.04918201771304,8.00697273799515,3.673087230593101,1
56.98213289925858,9.41873621936138,47.9372663617682,187.5561101237504,4.753054983821403,1
84.50042777870074,8.13414507231438,96.33982025111482,26091.45891057199,20.129355681198906,0
51.87016460387285,3.619343594851092,29.991493761622312,1377.967742474952,4.025469627726169,1
93.90576760399966,12.496923500302678,70.94395343725166,6.326092996706614,7.137404703806158,0
84.60366065057991,10.965957768007453,29.29512313930029,279.824646802215,5.499508220404058,0
74.06730363888396,3.0374757184604646,79.31681112684484,14.571218170053502,5.653229660291776,0
81.28160186511579,10.480748152079082,96.28420480110172,5.318433741321162,7.190524250716251,0
31.861545379631703,8.19299749970578,88.13966043265492,298.66276147151314,4.88728275887125,1
42.8684152604202,0.6985423712582384,31.215885548908968,13.399933293361643,2.7277673806565814,1
38.50238933197404,13.675281686036367,65.77536585195539,40.169640397334334,4.900969537639926,1
81.81467346550045,0.6457420588955465,48.9707994109653,1679.7370890439845,5.646153671360524,0
95.10796954211578,7.082151392203306,73.90808871191254,2051.8477530179057,7.755700458771292,0
47.60357497598957,3.0119588810113704,32.14101351501838,1.5187340972400585,3.170328659639892,1
82.50167117015155,0.0997656127487761,87.38556204506216,295.16842717936413,6.079194483022486,0
49.27476877777829,4.152738917088382,53.2887921762363,70.00010832572342,4.01992846226992,1
36.39118187208782,4.500959891979073,40.61538543958405,4323.377223137129,5.2858934388375065,1
87.34386120873981,8.877817469961297,98.83799947307077,9.503129315595736,7.351427744195642,0
50.56380426654388,9.740549657046492,51.579924072239294,46.33389352515197,4.56717180529616,1
77.0799998452801,10.958314851053016,43.1482066567323,2922.1125123389743,6.934533934787961,0
30.43237246437872,8.384613199214252,21.14853492226489,2154.693185175962,3.767558858752502,1
55.356887478037,12.664331301499285,24.88860132698442,75.35552435228725,4.265044431257085,1
77.16106890316169,3.973772514757252,49.11569828098634,1646.6617644333423,5.780621838248454,0
55.165149350193104,6.4496685167110375,60.53258040925875,420.8035429255783,4.87795200941938,1
37.52454567083122,10.12036926400878,46.898691581090006,65.00133199198484,3.95248016666282,1
83.7505514687226,4.628176916653445,50.432946957645306,913.5294011673508,5.782592859727283,0
81.72731843658615,3.632330545785901,64.85137916789077,466.87124326416097,5.811302788710839,0
40.04499893953102,13.643310745710895,94.96009084874868,893.7525688236515,6.261810042026617,0
45.449246537196586,4.781427287910001,99.23670612734428,149.29396306848167,5.347860755633433,1
55.9346133142402,2.2276535351788103,25.16715169545091,592.2830643811532,3.511305969141593,1
98.96791590002036,10.172933503818118,55.31303315124431,15.73839756966314,6.643270179704787,0
30.97440165241176,2.404221579849562,67.90940997778817,113.19484530123866,3.573277946065691,1
73.04501422711797,1.6613573291123729,40.45832084552426,716.8133336996482,4.660092594211508,1
94.74156480306743,10.697745844322894,29.07996023684708,18.902541584749716,5.741287254452774,0
76.68504470832693,8.197234811576829,97.37428084881152,1137.2965041693417,7.377001947039776,0
51.62596228574276,3.493199831402154,49.21176328408294,810.8971389345238,4.296159942559676,1
94.9400903403109,12.99994934934856,41.90256644590939,85.46118518974896,6.397406134519449,0
63.277592129117735,11.840113483953346,39.92418149356172,166.08859723320447,4.995884776983498,1
45.13421769774442,13.250067908863333,67.07022034516723,1.0848728153519904,5.143024545558802,1
88.24602848000877,1.9155329180593967,22.808613752673025,90.0807715371563,4.45069322935506,1
60.07045396594754,1.0061658582017268,27.93417550802304,24.018019357124786,3.353469019377328,1
60.08057081498716,4.497309545738311,89.54257420447416,39.48166489055901,5.558971845752822,0
31.07142376066616,10.345426838544988,74.02008769615969,397.73355761209353,4.696869043971982,1
40.3614500403322,4.783770940641685,37.18583990772822,554.941294510448,3.4858809401645274,1
81.52667499294829,9.715763242902357,58.22466263234722,411.32910515113497,6.185047755554151,0
97.90348557340266,9.901455434500054,69.55180596461037,5.081448710939486,6.995379869679892,0
52.98008677621229,8.145948493739178,73.33712895298154,184.34193147311603,5.226083154748413,1
47.11344973707739,10.479668161606034,74.77239600154275,1074.450603370556,5.712901987375259,0
36.03772554163176,4.3149843981647855,93.72123802580715,188.83072862562923,4.779059966568778,1
59.34314404233773,2.017480550612417,78.65498685253105,15235.936537266947,12.553091690964155,0
43.80086249800934,0.0246639704332951,97.66595997226774,10825.116224668016,10.097037808465744,0
77.11091899356622,9.71079542630394,76.30486206749643,297.0590108466403,6.493191669821256,0
66.48226687115155,9.786472880225164,22.75535562401455,203.9447662669877,4.422571014722509,1
73.038570525024,5.508184803597677,26.44082554660813,89.40951647141934,4.310290825994682,1
60.48234797446384,2.569526734944565,80.31361287044741,35.33781898804389,5.103323888080455,1
52.91736141684145,14.293766429017722,96.78748480131486,429.8757932914933,6.664633540260623,0
51.50651083023641,7.451436441334325,99.80361970734008,705.6228443961082,6.152324090761145,0
62.859583065687694,5.688035836355663,38.02222559382977,1.8483604910847904,4.22477785432351,1
68.95065922540007,10.254746024122245,95.8674405045682,3643.95181921777,8.481500096174159,0
72.8324407154449,2.384194598969434,80.60109129195962,1.4315126168528645,5.570465583581954,0
73.73394248957338,7.972292392020877,58.58121381164949,54.27609417418478,5.5311614002216,0
83.61544127132102,6.073293815657353,81.19780990679803,645.5025711090358,6.710632615177035,0
95.93635559293826,8.450438809933932,41.53423942385007,62.86275762532249,5.959956666239087,0
47.1420976880978,10.888793304081368,87.16078606962638,54.26979149943568,5.616521715770558,0
94.66841249383424,0.9953149730110884,57.08030160156571,69.98911400664834,5.633671602104775,0
41.855826819318665,4.133436234633472,52.84980976746332,12.702800013855349,3.679422389266921,1
31.09542119810198,6.137135465899417,81.22629067856926,274.3946128681985,4.431516421305197,1
44.68872481979179,0.1805968235455279,40.55677630226465,2.2656092933739007,3.0234447688608506,1
38.14672493295295,0.7003722375688531,32.6808850377447,89.90355424226475,2.621284549328477,1
59.71530683827281,3.622265211784283,43.39986079121263,604.675919824828,4.355172578358134,1
43.49905328794472,13.716313665084368,31.22554852872877,96.39285982186394,4.09655638379902,1
49.03103409324953,8.0116871584496,33.01992613280661,1645.7938224450777,4.575904774781678,1
68.98681626860122,8.737315142822677,20.237857864360016,530.620880054782,4.505650340984508,1
36.61503378051401,6.530757445283582,91.48960957735704,74.49467420037925,4.899612720169819,1
74.22249110665015,5.439828319806566,83.5979193552544,824.7649006927254,6.433202507250658,0
88.3362597410587,12.2205477560897,46.79599175504777,1824.2191717118903,7.071494503758696,0
43.22876539962997,6.230595927257825,84.79355060457709,380.9192192470882,5.086476336471838,1
55.46216533948335,9.05848944005206,62.14345052234189,205.0847003438811,5.091181423426738,1
40.21504551704296,13.076166736358072,42.41962442381337,4627.440412988202,6.502527433526028,0
84.35640707203544,13.273660141723068,58.363255779049325,24.31474057614715,6.464677340713277,0
89.2717666291214,14.003869890445754,56.31081637312194,202.01932446844623,6.761591807637314,0
41.77768626836385,3.4061101594031657,21.518868156662904,88.00669702363534,2.701287859886575,1
58.56053380700128,4.733257975960454,61.31641194859122,172.95653383668636,4.741717775252176,1
43.06996702719748,8.272979420968364,56.220873662676816,890.0021619603247,4.681723914045203,1
36.44553018445136,9.438582653415342,96.775660238994,834.1195840875888,5.722009071933202,0
54.55332373678647,2.680665511221108,83.9443149870982,131.14970054713882,5.034103800480085,1
32.751499286281195,6.372827168945943,71.04346027960247,312.5027180595209,4.234897855763677,1
35.819355147705586,8.32165085665815,34.11249964005533,90.51412361538006,3.3335713425833884,1
96.46795490276617,12.818507247835258,91.66700592471952,147.94414688407238,7.964551172077793,0
42.07311918047151,14.05732538613682,91.44945152758336,114.57013010353546,5.889425916711811,0
30.101592052047444,14.861132738450774,21.167981828317583,347.8331320933014,3.4991329768231534,1
83.45711519941169,14.846605627584736,46.04458964269104,168.98323549589134,6.288774477763618,0
43.575456581962285,13.313413114987224,22.869264826924205,225.2772704184116,3.8730761547941457,1
33.54113364149192,2.97432515677818,44.55911514383644,22.09428646732834,2.986898458886252,1
53.94787820738361,4.496246099702786,35.38358513873311,4600.857722839516,5.969476153847374,0
82.1334543328926,4.359760287016197,29.809437577576485,12.793184724387666,4.621993921706812,1
46.55478795605923,13.798348576050085,82.94787954329752,703.7879596233746,6.08235674195799,0
63.254331001452,0.59243045085483,95.2613270459767,139.50589847371282,5.51700904575972,0
76.77208146909618,10.37286249791883,89.60114549682915,42.12591157758407,6.817266829249396,0
59.42976692615071,11.849434784303169,90.47013735493204,5.882630785839147,6.2791795915172255,0
33.89528199906316,7.833929727620001,61.44990154310069,432.6029715977189,4.199002784816407,1
90.17682548104906,3.177992235797274,28.7522149076037,380.955321968329,4.977916351033966,1
34.43718918215447,5.329298589931396,74.62364139280083,243.77474060753636,4.271014038367111,1
56.68399949930129,14.136089718585502,46.38396881062179,120.71118129999718,5.132843606799255,1
56.01802541138586,6.220952749546113,35.728099005797034,1784.2833184617475,4.826800920814831,1
36.44595986119935,8.930405654357225,57.79612265545646,2186.0028470121697,5.177764063053475,1
34.92645699533031,0.724566784064905,90.63779239502584,155.0200897811566,4.266158774961057,1
61.43626777436727,11.939945340658698,44.171683383137776,6.201640466792483,4.97969656676809,1
51.11793161590004,8.53901836324379,44.957120671818245,0.8779685389885862,4.247771705384422,1
64.76598067113403,9.401453202963236,85.20907923718758,161.7781529044868,6.167946000709557,0
76.0230244261973,8.736946211961861,98.80989811928262,832.0819863058915,7.294953534975502,0
64.15723985415264,3.0295339164103448,33.69050265424371,13.512494196577132,3.88671431253274,1
50.33618053402871,4.002327142973961,40.6153478514849,4.323712049400321,3.634302227227792,1
96.21724987772424,7.659627241316232,40.32289704316152,458.684565033749,6.053681913052313,0
87.77858965005413,2.8635859894266984,60.11772318269696,74.1951436426641,5.638131452247076,0
96.39389197096482,5.572382237114059,82.12351211925017,57.84725306087897,6.905622892657943,0
59.1807264760718,0.2244574352431561,62.12499798909938,96.41563547048442,4.301632559975411,1
74.72359257744645,5.289508674522103,55.31785231916572,733.8922778167708,5.5443762790334254,0
40.63063674610027,3.5716662430743646,45.790165714563706,104.78254429187388,3.408488337734296,1
47.83342586803356,10.723111221052823,77.41719611474753,2173.540006665042,6.394934043601571,0
62.53816366264497,14.940347034775195,59.45100534501208,3558.704496325819,7.558443658496591,0
60.94024147709046,0.7318907550310383,98.51901681247094,243.78539105787755,5.58826193448979,0
66.45183244775403,0.3427483102915274,33.53616437966542,304.97846445109,3.8509222925548223,1
88.64056201617038,6.3220982212689165,33.83197241460834,54.963541056011984,5.220273245739962,1
67.7923383488598,0.6789217010084414,36.492634285050045,1145.9733875182023,4.447351426365839,1
72.02521430224037,11.046002613069854,93.19871011847331,202.16156397683264,6.882650918939216,0
87.00974568055676,13.917427886663775,31.33429865628281,26.751854647006443,5.825537502900636,0
94.19874512252242,7.353762383752167,92.37155400103994,16.235313504279585,7.282590320059453,0
53.82250497698618,13.372259918970595,57.35164962468353,2992.970811105985,6.707161085270006,0
42.71842809323204,7.740908221849297,34.050527672785094,264.01579829037576,3.636351675242952,1
54.01254382982491,13.014456111084614,50.31675218380919,97.1377788595268,5.020018819245497,1
32.702303460773535,14.95268975163042,79.35577788308711,1524.7789912043324,5.946423945688763,0
43.1628609657824,10.137745028582849,75.57745649863344,187.6849205764036,5.101455096736786,1
42.352815223948525,13.22171839428983,77.51988908044419,543.7847478449213,5.61377349472271,0
45.66772009177956,13.78116298312595,20.63939265839471,1552.0675594019287,4.600040661436583,1
81.73106413649509,7.6239902841944,43.00362662076705,176.65330515652485,5.4100770450805165,1
47.48755351022906,12.726293389081055,87.01623359691612,137.88452579624175,5.851560750122872,0
74.80369156331702,12.773653415199185,63.11934483506021,270.4920758177028,6.298339387013257,0
92.2983100582191,6.663003743572572,24.42350638291723,110.44098546356368,5.14615846090532,1
57.58351309353881,0.4984289889643134,48.979005225040055,11.15529014457181,3.828131224461472,1
74.00746683436546,7.082557795133955,53.07105212694309,434.5107224693852,5.477941377930999,0
79.99254126497135,7.000657884974776,92.56549582569096,988.5044265236444,7.170984527128882,0
80.53839301709135,2.00878946410354,58.871393125742856,1609.288417850673,5.99320066979163,0
99.1654265090684,13.550256359387982,22.510545030799936,76.29334278142352,6.0351057186162445,0
99.88768016071737,4.574863511930418,83.37183799524246,31.68277171054101,6.96999008333428,0
81.16616367701432,9.086189769303177,29.123098370526115,496.023779576814,5.276970364915082,1
89.44870412076193,11.651087121021412,73.98748228211552,8.806203291271839,6.967084447041719,0
53.46066259772864,0.8739168776881984,92.80165056144251,203.90722351804345,5.111821320280264,1
30.5063275350249,6.638609496906994,63.975302362890304,110.96270589016568,3.858854474923488,1
68.3174320033026,2.944703679683212,62.97032503447312,554.3035228305722,5.193429160549905,1
38.84214464425689,5.234513156947894,98.79969219442404,116.10653638645296,5.099181135491013,1
70.44402091669274,11.498945716326356,56.27682275436101,0.5949367951732341,5.656257559328762,0
57.41973684625822,13.408558097002423,31.962711100787796,1731.279397939055,5.462166315543732,0
70.55183110449016,6.2831439811357095,53.8924332761654,10.508069320155895,5.0724146752382175,1
74.33630385876384,10.70686543146561,62.88365117486791,124.89069679632053,5.993093581141312,0
45.06964927334285,5.968922510631857,48.68388759697211,178.1558529130824,3.949272776362604,1
39.38175379812803,5.929166147914971,55.65258319998745,41.70040859008124,3.8586144670112814,1
54.3538406156738,0.9517627788798976,75.18151939635754,409.56641942225895,4.729558694116798,1
71.47598014848215,9.704532904324068,23.1104012193196,262.3032655255469,4.653956165714055,1
34.19369136825687,3.11651728208431,43.55494338052153,139.98049655487523,3.056037932631789,1
59.44452398419408,12.229802977044654,92.33478188588956,2816.145943714825,7.778877685506329,0
34.0576784508067,12.31438036882524,66.02533664976946,282.1634297172102,4.715586989266481,1
62.0181475443878,2.23400066288576,82.171231578499,701.037477729008,5.519781654283562,0
31.937376848117967,1.981353932609344,83.68123946917515,199.9076899980577,4.086021496259937,1
54.25382275255455,9.157582703358052,52.93416166262419,878.1076389100799,5.112989849771753,1
50.97927445596805,11.72551261716313,87.44752939100121,36.8595787468706,5.853577911058506,0
70.22723793529786,1.6498285126358925,39.7505776182726,89670.87284711884,49.0020261207831,0
56.75328599329673,9.380795998427669,84.69782501355118,7.897710845122511,5.753094645403733,0
70.6078420172666,1.3930860372927734,96.10072175316232,13.8207659589937,5.853554319994307,0
86.22226423640373,8.507212416599133,99.93437136328004,451.950805733449,7.523618354881188,0
66.52363812984876,3.6739230508167866,93.33344404286072,64.9373008805655,5.860809802001734,0
98.71169134140652,3.330462849869371,46.72473311859,1314.409752404306,6.3404608084030505,0
68.46868137299981,6.201011886984935,36.274971392278594,1465.7728002123524,5.1799839854930205,1
38.62854053633201,12.570911967244742,29.984988619147963,85.29148235267083,3.744428217928529,1
38.23250587456735,12.474635365417914,35.19749569556375,67.21703109869732,3.866297157940746,1
99.76780226897942,14.604755472281555,57.95978484064862,198.898040623319,7.28943020351845,0
41.55512329026089,4.232902373863141,26.94634395653821,66469.41392246536,36.12859244892558,0
50.58756608219274,4.896749812331401,35.305192495625164,1013.965695181334,4.079316246980271,1
70.5393308755103,3.786445930282028,86.12222556677358,98.28920965717202,5.833029199880409,0
56.627471988849976,14.84108230004621,24.77848790597827,81.43009359287674,4.533276793534407,1
45.06220116967502,8.98820413518222,24.56353753189509,139.56054683872546,3.5079948596814385,1
80.36979206062793,7.118039674572005,23.639760459263588,10.581219607560415,4.641079073464006,1
80.73438825049743,9.257939054802668,98.81796432485646,20.74235639468615,7.130079543443202,0
48.53540942994787,12.663529435078935,60.876260044292806,568.9003252747262,5.318507284671956,1
38.224287465173845,2.008338771476045,53.32540989919053,136.5421914162661,3.3978387684384077,1
86.70403016177801,2.873442067799956,70.49285621999105,1233.2986608739316,6.486940430287813,0
88.13305338185904,7.530278872274561,55.33194407598706,8.058273023318428,5.942337481293088,0
36.72772750524378,4.420390608379306,49.75437637075333,565.095560801664,3.6863272325711134,1
35.62307909204105,7.152122039064367,48.23609349214472,61.56084189641039,3.6179985933006256,1
47.935649309367854,2.6304265445985022,79.88774530854835,11750.157813063295,10.452179892622665,0
92.8605656728412,10.83920090621715,46.52988339942348,18.325771135954017,6.203402105086044,0
82.12102166818212,13.563255108715516,79.73290848429431,12.862747421178698,7.039585005838256,0
48.80239289290574,3.404636941777619,87.56091100181698,3.5446127959512954,4.921159046346475,1
54.90508368322776,9.014153942109914,76.27486340088922,71.45813502202489,5.421593711077791,1
84.52623176473138,9.671037533483156,33.6141534978377,911.2517153125868,5.812203486528994,0
30.01637698665033,14.85972465835143,35.77098676620337,637.7646419399349,4.078639469257225,1
48.4539964070797,8.126957250603926,61.446234997254265,2250.87298617054,5.719679124346479,0
40.5168455501726,5.344264821650185,27.165046154954677,6364.166396908045,6.152134887274585,0
62.41445004167233,1.1719505934065677,43.002915429525146,1881.021382456076,4.844371215121343,1
38.81329070189786,6.224138647953122,79.82776234698008,26.09689248595835,4.582826809523608,1
53.32558193568573,13.658890557811892,92.8737778049571,61.85355800225997,6.316052446358461,0
67.68406838575484,13.36244952046551,92.49985187610972,21.366088639438075,6.829286288079756,0
89.01179596263137,10.216117035113346,75.90714578091081,1.3284485443616243,6.859962139716093,0
84.19801880754669,1.777712883428969,41.72394841473385,21.035679846328367,4.807928333009944,1
54.4830113171868,9.224990346740906,83.84425927104037,698.0145651281729,5.96615454805686,0
81.12052263187934,0.2619173196945723,48.17543707898072,1357.881720223124,5.395216609725615,1
32.351450558440526,0.7808905270525085,79.24046194536851,446.4466181877893,3.972584242497822,1
45.04782557519004,3.865877466045524,51.41272178559198,556.2655139680542,4.00901518016394,1
37.35008763326955,7.812107677623349,90.5057502700449,0.8484393732864233,4.990811000881107,1
39.72880892635265,8.307157882539263,45.24968199991976,6327.634642898129,6.94117592675469,0
85.97361824818415,7.23022209840673,92.9882653361312,10.37376689354815,6.956801783298749,0
61.51536137097558,10.067687392270033,73.14769224851902,924.8948287852712,6.124261375914233,0
49.107914314846006,10.621573671205915,47.04188733656643,4.815938587939262,4.440138529105394,1
31.90632767794724,9.365638453463893,97.9585246369278,86.51123437927244,5.19482830876175,1
40.97031722790907,12.896755411268508,57.71297211931703,4.252123126539513,4.662003455385994,1
92.43429506940382,8.004894094466998,39.66825680985462,2052.293747905152,6.714055790471067,0
37.14865219480053,4.110592383855261,20.049538823511533,26.74315013044033,2.5118630659481136,1
64.29500796185447,0.6346662643972684,94.52010536910495,10.662825246278173,5.476201518610193,0
85.3276980943296,6.990034970978358,77.42616759682923,208.88952966538932,6.539341213608592,0
88.2918581581545,13.092000963004072,89.04117327967862,38.02328944956228,7.531121265741727,0
55.4997560643894,13.047959533503535,24.599112724548743,228.96956430903023,4.377244359816907,1
53.94863778483275,9.767886323700626,77.33610649703095,9.225103865267172,5.459429890606935,0
40.9696693568551,9.34300690332788,71.97658328853905,79.27518637369599,4.772022556450011,1
40.24761543673675,11.204121091785792,30.373877184975235,562.1002557981344,3.922583170096374,1
58.13228115835865,8.829616531330608,91.2323397461125,612.6774107053694,6.2515617972034665,0
77.75625731663311,14.484345873523027,47.637499713814094,46.29294308025384,6.010956342972177,0
31.82565975143668,8.602490508607982,79.18578125625945,161.95693210033406,4.589827344656216,1
88.14344818367637,9.850058681322968,82.06539936611273,573.6700680249184,7.259540810475193,0
51.44373453898463,12.62659990134438,69.42087225327501,296.38300955879487,5.551227044071471,0
82.60834737719492,5.157050944270663,83.44841616760769,170.1730800268278,6.408578014556507,0
58.1922979202775,1.402313542591021,47.25829354138311,125.32535709017873,3.9483347558567847,1
78.92379098425609,2.346624474788288,93.90123703650902,64.2570137226881,6.240779704805688,0
46.6348929604389,12.225439282199275,89.93183761049657,1.2322815203011623,5.7865109157125305,0
75.00225435355767,5.548222288514054,92.24066293672315,104.5087276086852,6.37438665489975,0
71.95753129385437,11.721441863472982,80.8231990505938,1058.680443697047,7.00448163146781,0
48.27867365268995,7.594128548870981,99.45463034724756,139.5115111094686,5.743954466966858,0
70.34375274979936,0.4404978195413694,27.34927712888221,278.7998913094937,3.817678151467325,1
35.22487075625823,11.244612666273904,60.24626996851923,15.61387591727683,4.348651133891934,1
48.80577503741589,1.7518607751329984,28.363277757363825,8.464862513026679,2.982547842987364,1
69.59872744038702,11.997858016810511,61.60033642543931,46.86596633453441,5.855177975226979,0
36.27300978156519,13.45274301365212,50.95890332905537,6855.797446725151,7.752860515862055,0
82.49311307155112,12.990471024450049,37.08901316872635,225.25453415901524,5.824069287448348,0
42.9041483537642,6.548824988620597,92.6759405508512,3928.05786277848,7.115355580927403,0
83.7938843780224,9.2028684580813,50.19818761048839,26.71531266684864,5.791345505577102,0
99.3676218155774,11.299371003342523,39.30890749728718,580.8542900580135,6.574336342904972,0
65.55208261739207,14.550004473861357,34.838295217099635,53.63114883748137,5.149048183013549,1
31.64784066057717,8.966822656195326,83.90995256867964,9.038571708537829,4.684413754957277,1
65.73686798087971,0.937345780596346,96.06338248217509,48.44511526133893,5.629333329390746,0
39.93690383143718,8.253863726875412,35.50858778136523,72.48389518897157,3.524362106980471,1
68.87990196515923,2.966900233254473,51.74626052136513,94.1732102689728,4.651360522707257,1
63.29227272373006,5.962561833293846,96.54933892620284,53.88202298517536,6.051368271557261,0
66.5593364032065,3.782458588835538,56.24187393876526,810.714500577578,5.133232783463561,1
58.10218070741898,9.764191313972654,47.47327470065056,508.653964322453,4.979031582874769,1
73.20598618971817,14.15451058721926,47.65864586640713,254.82802992656931,5.900863897266151,0
30.90950115254761,2.179308077279354,68.59164301768008,579.7011717789112,3.801910730249698,1
41.95237703154932,8.426511748457468,74.31203085060376,6.09565350760676,4.753155008379636,1
35.049009269016985,1.940145983967334,26.62890513946854,5.143960240178609,2.3974141034615584,1
94.06409567093444,10.465838077175086,47.203247599237855,33.790014167483065,6.242140069615763,0
63.76980667972271,4.515239102753656,31.60381784063416,31.837903805598703,3.9663496645860974,1
97.66283513596396,2.309980355916742,39.87683291911629,502.4501851719097,5.585041521189677,0
43.73489897478622,4.561658761798906,56.643738783425725,79.9041976871949,3.944826097517709,1
51.97219809359412,0.6280910925700062,28.685075340265005,5.765898263135269,3.005132242340283,1
69.32028471657907,6.7080094540039,34.06609143114884,1005.7380484637372,4.968464101229887,1
75.82969381961861,11.538633369821294,83.12855201474169,7809.702609396511,10.58575895490738,0
59.30206731827289,13.7592613440457,95.70766527093224,176.3700613161396,6.707423815921524,0
85.92192340725978,1.0083081446994877,25.609292824929337,204.20871413689392,4.408090892576666,1
54.17667056134702,9.510391564827774,66.62275396181025,214.67875527208025,5.224127975427006,1
64.74529826212446,2.858292014410759,53.10153425481247,7.3850933623701085,4.472379706251614,1
42.443769824352245,4.356093528905455,24.451327483404803,10005.46558578406,7.869632763258809,0
75.77848472009819,4.4694134785790745,40.6925911166377,3.560317517027466,4.700638628919481,1
63.588903833227626,1.5167518291001807,50.11683276531347,1169.1809823084034,4.7833268103527296,1
87.16091905484556,8.546619062764998,87.48644879715528,49.0378549425314,6.990211059856246,0
49.01197691141426,1.6679102941992068,84.13083221906786,2315.486239027044,5.808938191962049,0
74.3940949760121,4.472003448783471,36.24861618707656,3001.011969730108,6.010928614396182,0
31.1396625548651,10.675538533617162,61.258377611792014,160.80285141403957,4.2312931096171,1
42.94552918108819,1.411076945623334,96.16548840426243,23.021665748717066,4.755404346808092,1
64.98327614540798,12.826902809777463,94.5101184914177,670.064545292635,7.052357154182914,0
48.569198918390974,14.797032134591095,62.55691652518585,439.7574192985728,5.51905737559961,0
58.94733922828658,6.046025298845653,74.72736314784896,378.6426838529312,5.393638335377963,1
95.2704407885294,5.584936976071104,67.57871857573465,109.07842741665895,6.451212100128656,0
53.69126394319456,2.715391514691325,21.864036046021447,3903.516150008005,5.0268688655815605,1
58.13517635710656,7.951368121394426,41.223924735794114,2.6812161324215285,4.358602216563739,1
62.5949022042749,9.664628758892148,96.86854935312952,124.41640444396094,6.438523646876077,0
60.05675763642397,3.4195675752901264,55.52349528997074,505.7550006180485,4.662809421994117,1
79.62676902941635,3.57168146930345,88.9540722449115,626.004675126834,6.523863413017762,0
64.91015883955976,8.032120996481776,87.49562920027596,20.89514454432585,6.03493490151101,0
55.864193826290574,11.727722396396135,92.55667658513023,3645.297552250384,8.006689066370335,0
69.47858988853821,7.304142784120876,38.55717680142678,4104.834689609514,6.718690522801177,0
35.4256406659697,10.615225757309483,88.28138575924825,681.9595180849956,5.467969534189682,0
33.35522872919681,11.234654485941393,60.74740458766741,1470.2921036800224,5.0152427872320455,1
81.20637584037104,12.441068050824605,59.80739898087593,128.9618764887236,6.351064746367941,0
75.57705590557879,9.69677081734487,50.61035511879255,19714.735969394183,15.368437956218507,0
52.44833104384526,12.595560883116065,40.48962934316209,219.36335947665413,4.681859890098607,1
65.47688030221974,13.502401002487517,93.37906785041235,1217.3561643016008,7.379365430000712,0
43.91802404563045,6.054641155468282,97.00721341469756,34.59842519412816,5.289700692410037,1
40.43822765125649,4.176209663138815,94.64862519471308,808.6102752005096,5.278913965805788,1
59.19131160315139,3.4463228980496634,93.51048475635166,1186.2479278873277,6.110723260565236,0
75.33321038096506,12.35169723427851,45.72277131884511,23.055548163601863,5.631709052313607,0
40.67550433737637,14.556085804800794,80.47475616125753,49.27850875273557,5.521510693189228,0
80.66688552852267,11.848662128050876,43.6696766539278,331.6404339837151,5.887452150555685,0
79.96492768463618,8.723408713115129,66.85831998372197,71.13255116305753,6.112253853790147,0
36.641878890882296,1.1758922170791053,32.682885572722434,2471.5972655900846,3.799549577319917,1
79.31146936376999,8.962039223157557,67.43207192753457,663.7355748653304,6.423492642125257,0
62.40585332261361,14.19676836831996,76.1117243708587,13.029025037041489,6.205777213380823,0
30.253706736213434,4.413343135594635,46.15864728057381,2831.575114067801,4.452029558459116,1
75.95939887494461,10.9256360694758,28.967432237767827,1060.942610535604,5.530433834346201,0
70.59292115701254,14.314010426613017,55.98153947009357,2944.0238762073177,7.40657601114827,0
57.21041179691683,8.488255442060634,75.56452032761574,3.477989189416201,5.405916620505916,1
51.37290635277853,5.816351004429954,72.72332823015971,48.43455145622389,4.842468477187039,1
89.96674006327106,13.118220877297976,28.416099268601023,43.59629908394513,5.784772817860643,0
36.98248974753791,10.31234648339213,95.7580144949326,6.654906764192615,5.386602126470803,1
49.5609941246797,11.27023274082244,66.1191835946407,76.19253146343016,5.131134812640369,1
41.927952837738665,0.430265166600961,76.75195331529319,266.95901555710265,4.15618273740699,1
41.76076626193544,6.071880446388328,76.93139432773629,39.68605481257051,4.605403552354623,1
52.700620210129486,9.377207418138852,57.342490851723824,1852.7819181547063,5.692411234848133,0
81.48612250720635,10.34828937139054,96.75627466897136,602.407417142962,7.49816578606793,0
63.10427685949249,4.949912585490846,36.2515551087355,81.71567600489162,4.147566824193295,1
68.53341867977947,12.255757742572476,65.76665024239756,174.038623611568,6.026931340526137,0
66.36247995703654,11.165997277017444,64.44147952651659,76.65442462666357,5.742670524092036,0
50.778943430132514,2.813752783084456,70.5010896004368,95.7888460074038,4.475460126530552,1
82.27117426354532,1.5652075518443187,28.160218322100327,61.90211505789761,4.323125332918203,1
62.93760933134693,7.744283706906757,54.94507332512577,2.5605273566001285,4.941565207376626,1
73.76514985225089,0.7394114664210055,47.141234365456526,4143.884459584747,6.510726401488205,0
90.63646247246776,1.7266159568250463,29.49557907026977,5.366680680797634,4.685670807029707,1
94.13802356736552,6.90379500168566,94.92114059684684,72.03169180463665,7.33955050667091,0
55.28837150805745,2.9847531791730644,50.205262188810245,401.66340973694827,4.216999748772386,1
88.36374904323262,11.02036802609175,81.83438917965846,90.37650224373338,7.136806690850101,0
64.41664289946402,4.868688991464874,62.6705526181012,518.9990052399382,5.203150696288054,1
54.97092545445187,4.8969448758376535,86.60642376272976,825.3543454581217,5.699401391372794,0
31.63577128555657,9.724307697596192,65.11431905249,1442.9947469228969,4.912788566218032,1
80.17730664900262,10.906197965034291,80.47938836786226,22.89302275194596,6.723540224875374,0
75.95939218817273,10.12271744934944,68.85200198163386,1357.7162330604604,6.7950656084410985,0
88.11898498226685,4.668118249880881,28.949722149842398,226.48430119178963,4.9733050393699285,1
63.39648836487768,10.653197143498415,39.24478262442758,141.9484567924642,4.849496956074009,1
61.81160240644839,0.7756543196680954,21.57058500135949,103.07682125306802,3.248685488892064,1
91.53289679354764,11.03938932050539,96.2278174288722,4805.089801634579,10.0546342274759,0
95.3514665764503,13.21083961520431,37.799212964860686,2822.996751715672,7.680617389382101,0
81.03467061826052,0.5723633495689912,63.6478775131912,862.9868092718584,5.639552889718985,0
46.89264035319448,8.804389757069947,60.19080376128195,100.77973942470202,4.612258572385583,1
84.33216181952699,2.357853488154741,34.27775388861511,115.30278883021629,4.695055832670115,1
72.08864158453987,5.779317478566544,20.54479188686427,1697.8409208086084,4.9267416282484815,1
83.24600109735402,6.084413942146416,71.0867051980128,31.898103136552503,6.086831645617462,0
64.87134800993385,11.62731871856218,95.27343445722366,226.31313701366284,6.728945394477114,0
57.53657288804142,6.344672049922847,20.039338971562195,93.56333785394534,3.58389195858778,1
76.56300926086843,13.988753726878349,61.345448980219,3821.658379196532,8.212588402127407,0
32.302955954366105,0.4152535097508358,42.15854612376467,219.74105169717745,2.708270498711257,1
57.78276436410788,5.2856046826201535,70.21547527450068,302.79760973369423,5.097734105928199,1
81.98306057936477,11.802706325897946,71.95236515993341,65.0108404947466,6.650669430809762,0
92.58731963487148,13.415407976780545,27.665318788129944,1583.5970049016048,6.666791649167615,0
38.4108540295606,5.167808192264026,67.69319053310241,4076.150190721545,6.122085791762672,0
35.505543617712576,11.86165373430878,58.88339750978997,1122.798208975726,4.934288147920944,1
67.601143815748,9.949364683648264,49.91904787572346,79.19354664206297,5.2361504305874815,1
60.92197149360896,12.26997635538622,55.56073716622493,94.34322844899516,5.377870224494226,1
32.26730420099064,1.1317898174340986,71.98984535559144,503.197169564624,3.81516509523309,1
85.05960442392366,14.85565212817829,55.13203798897096,399.5741893343523,6.74169762411108,0
31.286478748206523,9.621697208705474,72.16336370874002,90.39826095625872,4.423728912539138,1
52.40763117639439,12.497173250957154,87.24237912589741,6940.625100992686,9.433606496424757,0
74.57410232054214,12.89276451197645,76.12945077704575,357.1950419209311,6.734721588291169,0
59.38701085194303,7.654015872030159,46.451125077230806,25.90875183481799,4.547370149515071,1
35.690150429844536,1.5344489873683238,34.401224489057086,24.646485518642205,2.625410893361648,1
81.48083259640882,6.017676556071991,22.120216933717643,16.733525365256753,4.53297423015771,1
96.61194392571323,12.13523036399023,88.30736506793313,94525.93424058516,54.99018886575813,0
87.63838032262834,3.20573351147092,91.6347245170885,140.2920149273185,6.64529630702854,0
92.83725129672412,0.0383828274254177,87.43445534888326,516.4093073947846,6.598566648775398,0
32.229084958864384,10.67359027602138,85.99038670227313,130.33788514118848,5.001402969595501,1
37.02151788643324,1.0905001067479902,37.13429318509249,365.451490575232,2.886665266972519,1
31.490713720390307,6.488831558901333,84.97841314977991,465.9575086985676,4.690842853548427,1
31.5662011663038,12.252495776821124,37.916934663659625,554.9202016285594,3.902865765058333,1
33.33762970889301,3.941378474447202,34.20551866356975,317.9548142018717,2.912786002808469,1
52.7018574465329,1.3600673219550423,89.37994968912538,1708.2933344447404,5.779626187952951,0
70.06355718133821,9.51353408498111,61.60953580870518,67.14311998290299,5.635753330004246,0
58.05487242973796,0.8709745266395846,57.59119808303601,5.14297608123022,4.139599780385171,1
54.84977130591535,4.298917022069388,49.268024152729694,794.024708668576,4.498935633359732,1
76.84837076166586,9.83961770046428,35.64349777131553,4.040346837720802,5.129221707071389,1
86.58308503060917,3.9317410582931274,97.20820154818146,492.3895285277953,7.018938317763021,0
53.89920118603682,13.935413216558723,26.174935070689685,556.3255796228372,4.612920211029454,1
66.02068378546721,14.586880242394663,38.998588190265465,63.58914645451907,5.301267594593378,1
89.8205126962354,13.91067332047832,20.113717807239205,36.20442497415021,5.605401586601499,0
34.06824956294938,2.76878476421286,68.48398170170883,5.162897504543348,3.6967093587427975,1
52.9122103364553,4.467981486439143,74.60393563723655,588.0154241845827,5.095412343311514,1
93.64766082871128,1.736397472024061,69.91251783674014,99.79400553547302,6.066818718220799,0
60.47068630412041,6.500870673342407,22.574527234542128,42.00761677399448,3.767154144922319,1
45.77765372794515,12.66522789137904,32.71411236926233,1556.039385989084,4.857072002328122,1
49.39468619580042,10.20719821786694,26.68321599963822,7.292786382292501,3.8006501427990034,1
78.82963893615086,2.2249210935995976,52.37934810104874,875.9503850497255,5.385033302362319,1
79.35247900815088,0.2983243397501495,81.85488556877844,27.716840972501707,5.673436581850655,0
71.21562361869579,14.364498172566591,39.430761048860376,84.78469610194139,5.510389941521273,0
31.29994955643467,14.436682637713265,94.42985366536968,454.97368542711376,5.75604869870336,0
35.240067058356246,0.6737384826589615,45.226785696616375,599.2950560699293,3.133427629533601,1
84.12704060128502,2.7099752052182757,88.94657908312942,69.5731644427897,6.339263099288505,0
82.77981729631453,6.633967499142272,65.10544807609475,179.75055530223162,6.017628161700767,0
72.18351553257025,0.0594411587759302,76.04812660981364,5.983049130055356,5.1777200600398405,1
45.364558610526,13.59221414512259,76.90757888146712,489.71764940896696,5.725889950081795,0
96.67521686686428,10.96975365441394,78.7368911582248,101.80766895846791,7.376994609341944,0
43.060581771665056,6.2197310453376895,89.15938095961741,31.92475520135722,5.035140181789573,1
69.63831555200039,3.342073660880703,82.76227709583178,39.73980036431219,5.622478201225196,0
46.26143921761896,7.70876561685675,89.25652658001945,36.87568592753889,5.317467770754787,1
84.5315183211313,12.587073368734014,90.63725876683544,42.999395682598646,7.380585530565015,0
32.45872675856608,14.107623113085973,42.273316695675256,3.2963841298555567,3.9789590745864256,1
37.19263849393872,1.968479791625268,46.24660810512108,172.2345456804133,3.158069034913914,1
41.26461221886598,5.27631327440908,29.62428121534545,900.2187731985514,3.517053639255186,1
80.41193323745487,11.46998594927724,45.40113812774302,198.2431337311023,5.824631635123761,0
99.37867273338068,3.632624276581604,77.74400896057413,254.1790044851443,6.797819108053183,0
56.92556659649358,10.79243731802407,90.64643205516953,1472.6567919095637,6.811987753272017,0
49.73848303441254,10.484711531350351,77.79779662445691,17.44527984624737,5.380667013168368,1
51.96080892967424,10.526243500409848,81.48910139959841,1821.8235910970573,6.486641544764435,0
62.63309316354776,6.100496136878683,64.83415086441282,495.3082244216338,5.308051978372981,1
94.98454851580512,12.984318610324724,21.990396244669963,110.8569818387739,5.812954179924164,0
76.88481230338229,11.922517611345576,67.4622114055548,440.5445140187134,6.51178285244585,0
46.41310394821047,9.148814835351,98.76699168436002,333.0132352928141,5.900922009640727,0
51.858264003774266,12.886840456481677,61.92625565439391,15.867126655632608,5.228735838758772,1
53.95775834955646,10.473219780702612,66.01897534779964,1132.7225489593995,5.7525628469662085,0
76.16393366305476,5.781913244226244,74.0173117666449,21.260983379446348,5.855898515633885,0
62.82174400016978,8.180344781364857,37.61541105670973,1010.998026175391,4.964865582932265,1
65.92271184235992,9.645272939579296,85.6489950948628,95.08458022620349,6.218447910611312,0
88.92120511940008,4.971297486688647,85.27427838445759,53.14118569904181,6.638776897828117,0
97.11891761929952,5.784477378306731,79.3350596471422,300.085649660542,6.99329905684719,0
62.549194835342334,7.207910404509477,73.24819327949604,195.2515110881099,5.517830387793577,0
78.56636645621086,2.254225309786215,64.48420557332918,67.62348214621473,5.336415097500039,1
72.18901642962513,4.631189249998567,49.10693711306931,189.3337190407953,4.918554555097338,1
44.27115789755072,8.589780188523134,78.8386394922391,49.054703860558384,5.019510871451795,1
30.49124785564065,6.393462552796449,37.08252923934624,29.225697054530407,2.986084895212924,1
91.1107757896078,3.308574711243179,29.864411946255245,518.0838011472293,5.1302627616699015,1
55.87962004533507,9.40614508443386,84.91460126975228,185.43485689635207,5.8159547767975335,0
62.8669749793855,8.555574167040051,53.28826320005401,411.79882084125,5.174783722301671,1
83.25479802322354,3.452912542712764,83.29072669128465,22.029708223335497,6.185219830050425,0
52.91862606389823,12.161435544674775,93.41521167894514,316.64132222119804,6.29366560850236,0
92.30385413615292,2.7086102561865304,91.75703691147636,417.3121689900168,6.924382382904069,0
80.36675657042892,14.588792628481851,96.92701067212042,296.0629933725628,7.729391342515235,0
46.65698083071519,9.154982086224402,86.23124039793117,1453.9218158005224,6.095675561689244,0
60.98367541341384,8.222440315010129,71.27666641296518,119.25398988286862,5.459518035367957,0
99.33914412091072,1.412356783994531,66.69343427530865,9.168966332787893,6.120188954661536,0
84.47438369499613,11.6427877103891,66.95835194883813,2014.867291738382,7.559438323173091,0
50.01302031541602,1.6837887753389058,93.3533245491439,290.59079715707816,5.114794825203387,1
78.04427027863728,10.084406295560072,21.51673101490986,259.3670538232703,4.905396898060429,1
47.98637506300136,0.6156103982575462,44.409843329469794,6917.642968780718,6.772132826620261,0
87.65404313210345,10.410080465766196,88.08416937670762,94.60798332346724,7.23699884482372,0
78.2408043466638,4.610861817847943,41.389353779746,1827.488680515185,5.746143309301319,0
52.497716762955065,4.723755491192322,28.489372921237653,8.502432341260297,3.431216623445195,1
31.88261254005069,6.66372268459892,87.00039577680462,29.09680480451877,4.566237045768317,1
90.12001835289313,12.719090545415458,44.02560056767974,503.2346453220521,6.44909512834869,0
43.103742811643954,0.8366186973526263,72.99337713241403,246.8415173696305,4.121033654858256,1
84.3643154420632,10.436735176990355,36.3531756187401,31.226683194283748,5.5244547455409085,0
93.61997650553376,11.004330878185792,89.92107621854944,347.6566291102455,7.716692749151536,0
35.10132347227863,0.7802120315338262,54.92329446660523,74.26006340580727,3.1669030077455886,1
53.29686036669884,9.43573826279374,25.214016484972568,519.1639240604613,4.091450697526735,1
84.41103119189692,7.774534460108252,50.95523769491376,146.95808749818477,5.756030868283207,0
78.71446698563403,3.551722375385373,27.551025695373845,1424.639678953194,5.042601527301711,1
66.94598511855415,13.267037440829895,60.650559540995886,679.4399015647268,6.163779885837396,0
52.66375844300606,7.685820185044195,46.56451339970232,2429.4552541668586,5.486795385299161,0
90.28773992738547,6.235913857402526,53.17290558343803,345.0986772591652,6.002837488968395,0
51.13186767280583,14.26496153758137,44.21258148938765,1697.3339805055734,5.646815295604787,0
52.769174480988895,4.783826117106113,69.88362910483463,206.3202128565091,4.7888185705234605,1
72.52919623362692,14.642120636589992,78.55323558370478,345.6280558913427,6.894791008460891,0
44.96474897743549,10.33646374490884,54.49023245041474,2235.714877308597,5.584800745755044,0
66.31570966966977,6.010733848054322,31.358468624336304,1492.7571370808143,4.94083439886272,1
72.69922087912664,8.690699481615617,92.75941080488649,1638.0859043380833,7.378864059642264,0
72.63042420948436,2.788611805677867,55.58903029820015,84.70735196234583,4.894102733874338,1
95.88915239735933,7.718210804153341,64.01786729088428,830.2830475159142,6.943064718794192,0
30.844172985549918,14.356290050332207,76.34898653499631,764.2417138067368,5.341986377408476,1
45.8626421858032,7.357490382795378,58.00204144669864,13.870775802519251,4.317251357013886,1
68.11572559354374,4.337903302192218,41.50870480964083,2776.146079029246,5.791753537764819,0
76.53373471039998,3.331349333885287,25.7726131407196,436.2367410973428,4.385781086574787,1
78.25841369605628,5.1647601088273545,98.94626807014212,141.7609581176088,6.686081079888055,0
91.0936538005977,4.183123315287668,82.63072855245454,763.8104693520245,6.922885574802323,0
65.22265241241595,7.303324087047244,25.40583072079994,557.9477071439495,4.380387280397335,1
57.42513955553382,11.016462520699344,79.88090199417928,8795.155820273108,10.19265680425322,0
39.522431378642345,11.317860528677814,77.58471611780301,3055.3065237191327,6.567878053407132,0
94.17083160638376,8.188538860810775,54.4179462829916,39.66487984955867,6.238057978750956,0
53.5043454361037,2.580492269658655,39.76019471028106,1565.8325568404196,4.373945164138655,1
48.30044089781248,13.08701221325206,67.1930960512662,331.1473669300829,5.422085422240732,1
69.74978865711026,4.772770478652273,76.37453458927212,169.41850331592698,5.643213883485764,0
49.62312093702163,14.57620755840602,48.47466314519573,13.13712453182202,4.903354049943251,1
88.48123957479166,13.789655561413651,62.853773659309546,204.9512933317542,6.906303995578196,0
61.94537172542276,1.0684872496863107,37.70592618701717,79.16530686856626,3.75542403303034,1
91.34830890748364,7.69511456867691,91.46025177783622,688.6463582917297,7.511574545647988,0
49.87874481729486,2.6684154652445304,66.49187288040173,17.580792905390698,4.265537922080994,1
60.184645766786005,13.284454122303526,43.29625052744503,4.311429400683851,5.0368744734254856,1
30.138872402527184,9.964717397046774,94.56893245900208,135.81583257419933,5.107002525862926,1
81.68309045339531,5.519250765791797,58.1225248762576,104.38043844128428,5.615114660223362,0
30.917184823137248,7.239666175432668,58.7984274365881,362.3927743201791,3.905803220726489,1
69.69150119782296,9.783743148247162,90.14600108554204,70.61914934187344,6.505723969974833,0
45.870111765955,7.8009792053077085,30.407539234346395,1.8321099779747003,3.5280446231883498,1
49.92955577355768,14.856617941809748,67.83921792240929,42.03573154808252,5.539038428569603,0
60.996992430407886,12.271469201146974,30.02495134953556,347.22405927087084,4.741387187452515,1
81.07470161003525,14.027046791449848,21.262496454602516,53.72017434969212,5.310427724359316,1
48.50645903849299,8.257004567604987,55.08051910666935,47.92678168855809,4.442337782344578,1
53.46995302914225,1.1476077783105247,63.920854516573314,14.44366671854322,4.178406367853214,1
48.83789651177366,11.509715692996329,66.64574925466917,506.8660990680303,5.357292956944669,1
50.290200835101935,9.094940183245171,87.08496753609913,69.89221080432165,5.568597183213729,0
72.45206273854139,11.271603026373723,55.90811454658768,1311.57056239148,6.3582715297724,0
62.32402832768753,0.5796469711176672,75.69678152992222,4430.086274976551,7.03687241360521,0
81.77626435960761,3.441666082870955,94.01544622178405,595.2291939881784,6.73329516631901,0
56.60500733255165,10.486324618620486,49.85979609670319,55.69537670466616,4.836474326417543,1
72.34418227425434,1.0956336115610943,62.69197149044605,186.2440613976688,4.9772118275385,1
31.065810200323615,10.294914608632254,87.92419323662396,877.2456781798145,5.348472505064796,1
70.10236809635276,7.680081002007487,57.38749912889639,162.88583458798297,5.375170715215742,1
99.98730754436608,9.637823593544628,83.86674464739714,1.4038637333389097,7.47997893241769,0
41.92336610030712,5.722767850296873,79.53379698581824,350.590820111264,4.810520748672151,1
75.57247369833209,0.4214641932806873,56.78134684767106,57.17570261273384,4.797073623997851,1
85.69948494668445,2.403032756062576,21.48096758144293,344.28987586115693,4.484856638847503,1
40.40964022320642,7.30273653370134,51.96662627016546,1122.567059276144,4.466941580041427,1
90.52347914005377,9.654968873893816,97.17472097529208,652.8416591547721,7.82809851182768,0
71.78017974616446,2.1221291570278304,51.64191882500902,149.7721230970487,4.707563731848157,1
54.44196841697081,10.434320298483645,80.02260724677524,368.39239386834544,5.805985180864627,0
57.08190101540502,7.907101214557204,91.70950312959584,2053.122548887621,6.851832530403607,0
89.23999982702446,8.047242333366112,23.9445286544119,99.7851670604852,5.14255266958019,1
87.61853213624059,2.670901103571496,53.77918543801604,75.62211272076603,5.423018015307637,1
44.494372527764725,1.521649756690271,57.34223036828345,359.556626109306,3.8319851008827728,1
62.66172107445016,7.007324128902191,63.79207339482177,612.0161852337812,5.426971550329769,1
97.21099275700266,12.520832403149612,61.8003778780579,925.8898212458696,7.457479197559739,0
42.21398927907933,10.30101447985261,22.309891971320795,64.86139829187705,3.4203884774339963,1
66.01601387416973,7.903453520950713,22.066198899352685,129.49319179861303,4.157718469941747,1
96.77390426678176,0.0754617515694472,43.93182290392666,84.54142616936575,5.2387277460306985,1
84.32787447817877,10.78180515621986,84.3687811292702,65.50819969842512,7.015113028476455,0
30.852233481014263,13.340622098371568,88.11251975612953,289.1434801172103,5.356098881820219,1
85.3482048315071,10.63669587291386,84.92738419497474,477.1642459408101,7.264001429371316,0
63.95047315254212,8.677258972305765,80.29700576627987,6.091194236290709,5.837700593438802,0
82.38821282131825,3.023994083774764,46.60642810538136,14.946818380727112,5.003594173582011,1
88.47727559851705,14.51298879819628,67.7982518660362,3.8405001016504743,7.026257709792222,0
40.49835394424064,13.21808403000986,73.11160727654061,2241.2770437366503,6.255729300935155,0
77.24966357710812,2.217100809754931,62.17614149023605,152.2200350876514,5.2530908863107255,1
64.9825096492118,13.475383154574002,70.06326491642133,345.2555817939433,6.221364439815484,0
98.70861789151054,1.7184889101008132,90.53850951849962,880.9202230398545,7.276809003745418,0
89.48356890865969,8.941705259396883,68.07254182909708,800.0483872149231,6.915713730766449,0
49.98612615428695,11.553204269666196,98.6009397276345,131.7228572569286,6.178655093595597,0
56.9751998948034,11.05806035867907,70.11461852318583,375.4993220490924,5.676002248380164,0
32.72394602829774,4.995491697963588,85.90225968426483,150.91242313433415,4.461031013023381,1
93.73081179112071,2.8111926792310253,25.25271251558909,129.42196652580358,4.852644098298506,1
88.33819599793804,4.363311463707201,27.86583916049484,10.483759787441867,4.811076040996808,1
88.46667978260855,14.580954321170672,95.05807612297347,3514.847113781704,9.605928464001463,0
90.32280396521406,3.909809213592936,75.12470676891525,1679.7529377885376,7.097510751929582,0
66.25724703567184,5.675189120058998,82.30370862178765,5118.3898238021,8.246114963987454,0
49.32499802813088,4.247796705121671,34.87184554895892,38.06693642426806,3.462968426318304,1
70.24556925917196,8.121165863922725,24.704905328301496,503.13513797992834,4.61465408559816,1
85.95790604161382,11.934745960190371,74.9493315197564,7017.671786908341,10.389106676730451,0
92.13266847381158,4.927384618260629,75.13984068378522,2314.7603991510296,7.589620620867597,0
70.0919570967016,7.532242232264956,88.40388277191582,11050.013463507692,11.734025722005882,0
82.25627515633789,5.210696173716169,98.83690088380888,334.4609287763571,6.943658114527578,0
56.93148427425175,6.445528808201103,81.11679426101693,88.34934605897438,5.399490752650176,1
77.16070839877807,12.897798135199176,53.89116592597653,86.72290704223084,6.036304580771452,0
32.14364495130767,14.60597809618216,87.08355429453879,40.4679383177084,5.37908420566554,1
65.07223858612855,11.204988545143516,68.85612899628528,212.7228202382884,5.895433677967197,0
74.66385216699496,14.364022458046732,79.99593485051949,492.6312870357333,7.069150021517923,0
89.29581644264204,9.214139677254284,66.01429816858912,93.75094539262444,6.520551043185097,0
88.9310968743437,11.329865050357409,39.75813631837026,2597.32202617904,7.181635482650117,0
64.62329011495157,10.143643801791654,38.45232338076811,38.38477294110047,4.772058072670822,1
30.84759284293347,10.353548455975565,28.961450646400408,275.48960866185325,3.2758468830378336,1
64.68477010799724,13.5492550172556,98.12238874200705,2213.193104559228,7.9925845205852735,0
74.72522500761758,9.896273824191873,56.6883697065261,257.14402343124044,5.807859485635294,0
66.18049642311085,6.934661354171697,60.16256237052573,353.6604364881085,5.32239308170143,1
58.2739630038579,3.770942820454768,45.20234072304206,3.44971635500553,4.0658478820685575,1
44.2297011327132,8.279687123193305,62.468147238694776,48.31953394997553,4.495360941763689,1
53.5536124932456,4.228900758960577,78.50723545354828,72.02012912392058,4.95626170379429,1
74.60738429432374,0.8907098987897977,68.81432946759534,70.7864790927498,5.173189485226164,1
82.69367899686546,4.920251890787008,89.82727069436476,49.88222463860039,6.519531582103562,0
64.64482238505158,11.34931720602792,22.22454883586531,79.38646227436126,4.427154312217995,1
79.26794700807775,13.911240914108776,85.34397889525377,347.1751035086912,7.295748890345947,0
61.53926705334428,11.627512557126764,25.82830921438244,2334.0272465362227,5.566184837546032,0
88.24253404836443,1.8884203770973973,77.77460892931303,40.419450324411365,6.071991392685913,0
55.96628430389326,14.89033179094434,20.387500716619225,686.7539512694408,4.682686548383462,1
58.02459068290428,10.132960172165886,94.16620168033285,14.516226747221673,6.166523808316356,0
50.86666821460637,6.151913003609202,90.49921359958444,158.13956145025867,5.443904217657838,1
92.28014753116014,9.393179478385608,72.42473395414034,1171.4380583065818,7.388984896862467,0
70.85993765429853,1.6583344583949733,96.19937288470987,3.786773403435825,5.888105525254453,0
68.98267659048243,6.514785406636874,92.98841968875954,14.224779218762135,6.207550584555152,0
44.3354553601561,10.926100046839371,27.14152183961504,12.572720938012516,3.686560234747639,1
51.05398712760467,1.043797977614473,57.92839254921081,51.84132245662698,3.910311720570272,1
69.71267588274402,1.382428039743241,96.14806085744836,164.34943609260426,5.893366383053838,0
94.64233585255684,5.461487044271533,25.25205395727476,997.7012760189666,5.588254395257152,0
60.82265647949306,10.979344784424732,78.36417402764728,399.5989596499452,6.081565438276587,0
89.26209652366664,2.1093142922740222,45.28553719991629,453.09446204296535,5.366528637193039,1
81.41082670990602,9.369638161168393,61.34897286651962,120.1802687585852,6.093956204887961,0
30.028458108380985,5.999993659940358,67.63785109675945,374.5944843900531,4.017570465427085,1
58.42620207486311,10.714774276762023,85.42980416089922,149.2928829089324,6.04606607695217,0
82.20633547242203,10.16678702598448,59.782579351569225,12670.596581188474,12.433707792636644,0
86.64266736092372,6.362962422069026,80.70144138047986,54.47946187806366,6.55028590899728,0
34.724665866184345,14.628660704268054,74.77789956888967,54.6241450577773,5.122501764669758,1
47.85516933865024,7.383064628479436,77.61017309598955,1254.207736845441,5.60792229769636,0
37.89622563593061,11.345589529604124,34.49766229209719,18.336146612380094,3.694505920466743,1
56.20712070294154,1.1854690426743564,49.57703024514511,120.01701392190743,3.914151146700404,1
50.30625701394827,1.8021777522935676,89.59928927829976,488.31735265339097,5.124605410462976,1
69.939581840398,13.898824421221862,83.59889855382173,10.551724040676348,6.7007085343730965,0
71.74049374443459,5.684624965393442,77.55478488092194,677.594802014434,6.103523193751603,0
54.4174108363056,7.6925211093240655,95.33674550172536,341.98627367266414,5.977044046272724,0
96.16341248914048,4.048267548445318,23.788743150939226,281.133071440519,5.105592084658587,1
82.76656834516443,6.087602599250391,44.921712202052575,411.90045452602095,5.473024587056204,0
79.18045939824202,9.022355011894502,34.33981173686896,69.84186832996538,5.134569163390182,1
83.42573960703916,12.72193650930022,73.16180696675077,508.7613238836771,7.058458106155951,0
64.73444123421011,8.232190966792716,90.43789402906891,502.7747140142556,6.377120923926872,0
85.02422240041909,6.221897514548086,24.079216890918094,18.47108764412925,4.75477069802118,1
49.93050403116074,13.795068653730938,80.69879995558162,195.2621564045379,5.895322103489241,0
91.10090738260983,5.346538397954472,65.5264641821682,162.13161764696062,6.225549869388366,0
87.1760675347629,9.277124041359832,57.15293383972279,729.1099680462278,6.493898104741296,0
55.13319039443617,0.2472779728514978,81.42997063985709,594.9012788798282,4.970405171698223,1
81.48600683630065,4.422738540450394,93.86126813546753,1218.3221131204473,7.126713228121314,0
93.19575470188828,2.897588525041761,43.43270099102682,554.0605774494584,5.5976003590352414,0
79.81583789012984,4.845485954531105,72.71958992460704,10.503875389166376,5.864021746491098,0
42.36024346105649,6.83372950811003,97.1459301928997,50.311889422043066,5.317316539751275,1
31.593757122996475,1.6618864908447466,38.36309952418639,1879.8229223982169,3.520743380929033,1
49.09367060456779,8.635138589613037,89.88917922271779,18.819270669682048,5.53334569516039,0
96.4956798337711,2.6401248596788287,80.15176974687691,12.773192809090936,6.53477936812958,0
99.65030049726911,12.954570457819823,68.04085919980152,1415.050087238354,8.03021988528597,0
89.56016025276661,2.831900795641072,59.96991109997654,36.583930430180125,5.682985787889157,0
89.56126630841264,4.699024171018456,90.2389751464168,1088.3959717824755,7.303720309722092,0
43.18797784001259,2.1958771370872245,68.81105271635275,46.80144299192819,4.034839130295772,1
97.22863597119684,8.491438454800724,71.43841526781911,4.276514814471081,6.883579999769754,0
85.94369389681542,5.129556225491972,92.60693474400466,729.5072434144417,7.093665042449175,0
78.00862344478722,9.992998586404758,83.5095754565515,8.042758166422953,6.628953439211721,0
94.85152614572092,1.8390634359895288,89.98331204909158,1300.256288265723,7.327594895033399,0
87.59245580396478,14.483354194792897,81.87954060393422,27.15644103512514,7.421998090273471,0
95.20697146527844,5.658646362440482,81.08287121597863,8.64512075793958,6.810952191713515,0
97.0198865520557,3.49223381339945,50.6169666692206,143.5615980860632,5.820308642541822,0
65.09977122432937,14.074342892435116,91.04645055986464,227.1472888138075,6.85639229941953,0
55.01934891742686,14.847909174892084,40.04465016776731,33.41491641415137,4.903611837426378,1
62.37312531023611,6.333009181343484,81.8938195367579,264.64378428480586,5.717362408788932,0
45.796740879379854,6.75210376153019,55.76825226462038,13753.641300014251,11.05694822927395,0
69.68149213873698,4.706790411967049,26.47565578018593,557.2573311236214,4.330837065713573,1
93.57450234003558,5.324435277705133,73.33506942216933,15.694315878049451,6.483322861976041,0
31.645819125810487,1.2729707815406843,79.04155187813046,309.1506544115816,3.918951726736192,1
84.45800715909334,1.4469469283719183,62.56455674576728,8.727568860788853,5.404315466004338,1
37.85299566039974,8.40710822948872,41.22150493814823,120.07889401412857,3.6515152445163728,1
61.29170165787384,14.555895904524002,71.04311658491875,14.642938858137237,6.045872623743985,0
32.403082528454846,4.745423171890026,43.38807562624079,31.56761323177984,3.0880916937303104,1
90.9898232928122,10.104856751445745,24.37283919520155,18.401984410242893,5.39046477491823,1
66.65656684925038,13.433144181856033,91.36457381028669,13.899307164778794,6.757463960046608,0
91.18204029459164,2.363425228737035,92.93500093451,90.01474703204609,6.716681536208693,0
30.772862686893284,10.864807380901764,83.74604142324468,51.67313149702012,4.855613054011758,1
62.24321723700323,7.243783702277109,24.35572095246308,53.644204870711846,3.971600790717088,1
49.79022121170152,8.960533926861766,75.16446422212042,13.403913895933082,5.149298124765816,1
37.33387404577292,5.180399721493186,90.6412832191616,76.34423032507772,4.768805545717622,1
94.02623968975784,3.754733968544956,35.12702504000893,26.915654377117807,5.203791562833636,1
81.73474147174412,10.033021378008511,98.68625052912569,9.65983308720696,7.23810922908799,0
44.75602973384977,4.116140924939336,44.05889171057585,828.9948566816093,3.938119461506005,1
43.13088161030169,10.11841149547299,86.64007549002014,90.87044534567876,5.381713901332811,1
49.86878258998678,10.298595949934043,64.53663946459022,1271.143472757378,5.596281818909271,0
88.16335680363883,3.5668369458460445,33.071227039480526,59.823549360346114,4.905266552594746,1
48.55999613217796,1.7757595782460922,65.68163995247778,74.82817642266107,4.127839089897392,1
85.07247881054697,8.038184645635841,87.1019637041039,367.22551515812313,7.003389285687642,0
75.26467975933059,4.763470267392663,69.43960629794601,38.90451922023357,5.589574665660988,0
44.25056657442799,13.08478734333375,36.90319762967056,97.7528969187217,4.234473774659973,1
83.51878508461209,7.982739336269808,29.993351463119524,13.072959835342594,5.045362360822721,1
66.06420430221043,7.416580417182798,98.4340779324581,9.86897205012132,6.3421830378055,0
38.58146137853395,7.849756279032291,69.8269396890085,1674.0175583063772,5.260051052868031,1
68.99736709888734,3.502712705216526,35.4506073994461,30.60702241029569,4.188987687665677,1
94.17428040119108,0.290481810017491,82.07585535022582,269.4205361432003,6.393005325627768,0
95.25307334593542,14.017824624528812,25.182159850050336,1901.5906931530235,6.91816553836832,0
81.89845452685611,7.74488823324936,42.78953957731029,8.210081616271896,5.338218232526625,1
94.72002122726002,8.221892800369337,54.82346684955722,229.62673152155,6.370507500374827,0
53.58131304247105,10.965261743796871,86.06239012662084,3307.573056291101,7.475436928022705,0
35.474282463880385,2.259710595916688,35.81410261327414,80.79720909855752,2.759764041094387,1
87.412689855796,12.357632471583075,50.97722693482412,3913.783384256452,8.218479341563096,0
47.58483789012717,7.162336565526739,46.70841885377815,2.958885580442308,4.022359180561326,1
44.01601424234764,7.190085631933705,34.56031814145875,60.79360554961957,3.5468554799058483,1
58.86030139264677,1.953977629713936,99.3817604286914,412.43867869282303,5.737481970884418,0
82.89249151125637,9.012756006303128,98.42780096029072,23055.56048229286,18.69758953103572,0
86.95980956568098,0.2844532650956088,49.07200818308054,751.376292757074,5.354686101007753,1
82.83550966006311,13.32520965951102,78.31090837217062,27.559184955490124,7.00904819599649,0
46.11852545709152,4.93541429711825,54.43560531745937,384.6813889193388,4.163691301978936,1
47.99313695261238,5.51762228248908,58.77296755827135,114.3534450976127,4.29185345565035,1
93.82946041881584,6.1577370343118,33.86750940551895,495.17908205432553,5.6325669433765455,0
42.58560206247136,11.623173757707049,33.090123720069215,84.50615429516877,3.90069824701922,1
37.723805702523535,1.866053635727684,35.47416163473932,42.79665829995258,2.7811807698658657,1
48.04827990380299,7.476528367508558,32.80466173230667,11.810920493745718,3.659629345119048,1
36.206339450560094,6.9826596308694295,52.65675397719225,1751.6023342341114,4.602023327542169,1
34.584366145230376,7.862293314824524,46.80325100554809,281.2602278618648,3.7143316213890425,1
61.02096594791331,10.5882869778165,45.34112094370997,1006.6406370862364,5.3632212825526,1
67.43417145102467,13.081950239410466,44.31873559734824,128.48724256481017,5.399367571184886,1
43.75128865801861,4.037923414082792,81.9195871235302,1773.339450957711,5.498101226913786,0
32.145036648811875,4.556045240293203,58.318090146242525,145.69604069639823,3.56379671471727,1
50.50216100538813,1.8588704005429573,45.730931403901565,11.177699606254688,3.5834902721899957,1
32.79167716004646,2.525887845027542,38.35415461602682,14.253787213289275,2.722007402992062,1
48.119836104791744,11.236602299937042,40.57863594959101,61.061870267940606,4.296343687807075,1
44.8734171164394,7.3499979563406015,78.99781005924277,490.2204258845388,5.144980995011188,1
46.8224712073809,10.973226743041748,48.6526411662592,37.42959214190473,4.448515553658139,1
40.97913787477319,10.377831468589426,22.410397629657027,228.9281060900246,3.463724643784593,1
98.17453483994105,12.960409855592996,67.96245041575838,9.422836447770091,7.266607309853579,0
51.30985093077306,8.92059727130645,89.55065174237237,6735.603201078284,8.99877491717188,0
85.93427531701023,1.065083375296378,20.216563859527284,2421.776061446127,5.36126429671893,1
81.185216325091,6.81551227571891,85.9792978589577,3197.842849170672,8.107260240929598,0
36.33272776186715,11.697733089763677,90.846440386135,242.12307940504564,5.469537170737627,0
86.0292955041115,11.033369364123244,68.10546110682132,75.91517041208706,6.625630174987468,0
67.2830238300539,3.899334113714231,54.66257066961855,167.8177811080515,4.805040375216162,1
48.35147871776445,4.82534470114696,25.879637075639693,2.324457271714113,3.1941449597303224,1
34.81445155598545,14.07433532622323,61.602032180209335,57.44783291728297,4.676796476726663,1
65.89018242711312,11.800805966027085,64.53068794065558,71.16042756859542,5.787188745691198,0
61.7632409754451,5.915119443646002,31.01247985599093,263.3398197897466,4.124085888957006,1
90.01678797832648,9.356977512833655,50.33575662298706,0.6518950934007229,6.046767916652738,0
60.27893580925357,6.991272507329478,43.81175096005136,3103.18860813788,5.976231515973572,0
91.93200008154298,7.119896452029512,91.52338230616712,137.37905328271248,7.20366064429104,0
70.03421997943602,6.794469883427422,43.32235048484003,168.82166227206676,4.864897133201417,1
34.07263276911442,14.488402599487628,56.49559490516803,31.568945638015048,4.5223978906873885,1
54.5239453975083,10.802685684085402,62.67949536997185,15.849282009904648,5.1495358864129805,1
85.81837757595261,2.2872238457528837,57.49417155707215,588.1780566326215,5.680371662641868,0
54.06157314391963,1.8146204669434856,67.39264937476912,93.99721906387371,4.412703063226144,1
50.92022029422179,12.26008703873937,97.62505033151416,50.33655522481536,6.216737303200642,0
65.39846886050853,14.42395933988837,87.36530414377809,144.76720380020893,6.751677414622625,0
75.65690603295273,7.240410960782193,98.81349404029426,18.945763500994264,6.724195040355653,0
36.37458256821721,2.0138451330995397,36.38335948041604,6034.623028986023,5.765180114944135,0
74.26068602334651,8.214703718138413,95.39902357511932,5.699333680560391,6.6567181868415615,0
79.75819554396028,3.456919986478029,51.27114989110211,146.7523089133096,5.147530471595933,1
58.52441350682911,0.1022986998707764,48.95989366796152,3358.505633819806,5.499256037208991,0
63.780398023384784,14.136780709976469,86.0433955764457,154.00146755649482,6.623196593004657,0
69.81987874217421,2.47485219595184,55.184596823796575,92.63348920065808,4.742135018596379,1
42.8380440274978,8.901331371768274,52.02914024778793,15.153143843240702,4.172105677631998,1
76.87151264675762,3.920065774545618,21.648201774477887,86.5419042809995,4.159584088699702,1
88.21306935291605,11.456453735330316,55.853741794611615,476.4489237320876,6.588004863354066,0
48.44732081940485,10.865654831580494,42.15009102168143,81.20413450335282,4.329563113836363,1
58.70828949598666,12.756693332676472,79.35158930619788,138.08643084294076,6.073591807714521,0
32.36032966802494,12.805477440916988,83.12714699232683,67.87134621624797,5.102711013690626,1
63.40855790939869,5.916790253293877,46.42789234239429,294.6122861504399,4.668164255052384,1
88.1106772866045,7.16108671057624,43.11103443440871,31.054131753277996,5.549393861430704,0
85.19329809710484,14.165218039170163,98.8694372351863,5.382528866818338,7.793028109290208,0
57.106213805794,1.2035902959164697,21.06691327584577,2911.718294094035,4.4924741271457975,1
45.79391650886305,4.627367301289793,33.13376040854915,5.201794259122063,3.291107099869537,1
91.33765130158658,7.412706224395716,87.72529509604416,2.6175687455769707,7.027844311757148,0
54.033199474419504,9.57800021359016,52.04390759575738,44.4440067977571,4.702667231607396,1
36.008434819529924,13.97002794596908,21.629217217890748,675.0510993654217,3.8237422535975374,1
64.60839600627816,8.380312080620602,84.96886478997064,406.6816103497005,6.174773797187156,0
56.22232618028272,2.9000451899363866,64.01895975354032,43.04688827071204,4.480989802946513,1
90.81852226329042,7.738756489464882,90.75969305336676,56.3412628316256,7.157577962494921,0
91.58196775335314,14.357455624738147,95.5524854168032,1152.084225136485,8.541640947680278,0
57.88898430992269,1.740847043840315,60.88070329558783,523.7786296090304,4.57795449045309,1
40.88326470925036,12.529430086041208,90.80022491522884,21.908569495241377,5.62323462917862,0
61.93553771148605,7.067726317160022,95.55212429119702,16.066230157957307,6.058790983990333,0
49.420630544067805,4.199750912279828,47.694156687709,80.81571970242163,3.868032873473176,1
91.78202511114236,10.25195450263385,30.97251881925525,31.312147500547805,5.641308093037011,0
32.4130499749831,4.33230576333554,30.60110525973995,2513.305110263794,3.9044382882569737,1
73.00082973452126,9.440623561972462,59.06523304252677,981.9281340762808,6.12701660389204,0
53.28507096851702,8.024833636654336,26.57707169929937,324.964875316944,3.8936807910435673,1
58.03278398104991,12.5234097735716,59.32927618322498,92.58781207351488,5.399824528132663,1
99.33161996010485,1.2050044210010058,22.02064881502616,28.22561928197968,4.768497514596069,1
80.0245081443331,2.168079564144004,95.18794273550787,17085.308545277596,14.816080836891755,0
92.14334642275358,10.163945885286196,68.94587576788172,195.518522028839,6.868263979489634,0
79.8018872529473,11.150704153262176,99.6527471978444,1000.215140348672,7.796835891553777,0
82.15786777834279,5.640429188883339,79.66265494170037,250.0493757447179,6.365261966145416,0
87.50083933460613,13.859483363560912,56.07999775334172,13.624024556626807,6.5751938546189015,0
75.2887794189628,4.445035661921489,54.248279179949776,59.32757076174171,5.113166903730025,1
51.0546076977724,5.208889071238557,85.4837507359057,1014.7207013411156,5.634946087782481,0
45.11169400292884,8.534055097922831,64.15609672888647,132.31017666422576,4.648711260108144,1
75.19902445583656,3.9352041946195575,84.660652822223,71.56231786209477,5.977082141293155,0
52.613366641185365,5.44850658286525,62.47245664664322,2904.464799784286,5.975791423225379,0
42.272528109319005,8.706025101631047,65.65038828667308,145.86674999178743,4.603948658131951,1
48.53757929804097,0.1360268844619983,20.039873472607795,56.62324755125209,2.5846136883216984,1
53.34593069775056,7.422698475793123,69.91637141984084,415.1778404354326,5.181187138302277,1
77.16663928503831,8.257399636327165,39.26060573831328,50.73032635920836,5.115588870363252,1
56.92293767057818,0.3988698275150365,58.917456577579976,47.54035134687911,4.108098362575469,1
88.49122868660865,10.10373901977926,91.08238669868638,4.615234621713742,7.28480226771372,0
69.30706723069574,3.1968000352656283,34.012459966126016,760.4940648466812,4.492583524161513,1
44.34898017811237,1.4200249688914228,38.904072663408655,10.07733572718501,3.088122551779489,1
70.71826737330346,5.901232231105093,65.55973452186838,44.09005817652295,5.407690982786961,1
92.12230573859796,14.383366810846056,29.96239177485072,665.0960098351038,6.354648668791598,0
54.92219637519247,8.016712761856814,24.9964249636364,491.769542686944,3.994336651445944,1
39.31182132124441,12.911375087209404,41.69082385562775,36881.83101209658,22.55525058328784,0
96.1764115916027,8.72980318016114,38.25624191912273,32.07360641763788,5.883760842462723,0
99.70182190731556,10.763323553417578,72.97109609536759,88.74819266278779,7.2979122108268015,0
83.39977057063015,6.612096831469286,68.61861576760516,1501.3923006395366,6.806455129320058,0
86.27899736340542,13.017610049600446,76.0179438565419,747.0920928436025,7.407005261614319,0
31.08210670379025,13.97008097292138,71.69871524430616,475.1729218691132,5.02884028370749,1
40.16734829085149,4.980382313044999,71.01320665156446,660.9004591966391,4.565578592083813,1
36.20525373510736,3.011139031183088,23.82002575441649,1310.337127700077,3.119093389005136,1
36.486875252494976,7.650350422407628,82.77895917410981,70.32212460145367,4.743039889864583,1
44.01401184125479,7.10614147497793,84.0183312608276,29.51792277167504,5.00648352035865,1
95.14540394851092,13.457769540879282,58.42970091986373,35.90808721781987,6.9224381832331865,0
54.492250916495856,13.203049550645956,91.88173970250791,459.8621456994054,6.486378255649369,0
71.57035404402315,8.900790540574482,40.79085625544767,1283.9310661749005,5.618584436569255,0
39.54943047990815,8.925292614356527,70.19109700453797,116.22847174073908,4.638353626638486,1
50.65910288578191,11.13891053302605,23.82648492117447,234.2143371118708,3.97215688492505,1
32.52420228647146,14.67044683718439,36.03218285209256,169.99780814972806,3.9339771648149378,1
66.58601293335249,8.238164304566869,73.10211540098305,5.001346072748502,5.682821082856653,0
56.9621896057527,12.918625324428008,47.18243882720873,1437.702862429458,5.704674712703899,0
89.77514477814424,14.291919101635914,33.958923213816384,1096.2085393314217,6.587069667369564,0
71.06075338535382,14.494925287740005,96.96561038970316,8.75935192930742,7.2052706518439,0
33.15925191858178,5.263599143376226,23.69185174210713,161.11388852252946,2.6440424876053723,1
89.05700032882439,9.882195323446192,26.059390376947174,227.16108993843093,5.445861801775226,0
47.62744388850554,12.85261583573967,23.445871598174143,18.928594320943454,3.903199784219885,1
86.47489292472885,13.406676606651184,49.38987360096021,96.52372282208796,6.329621447094123,0
61.13996859067534,14.00305234716282,23.47334515943059,482.5899083453007,4.791399287298864,1
67.37220677876535,12.468470009816013,24.2513351013828,399.5364920243719,4.869043571185885,1
34.94512164655888,2.69291236248076,57.0122377141568,1432.1455986510896,4.09353603286068,1
64.5166096278174,0.1307191370492638,20.574880072454043,89.64799255492046,3.255806697268704,1
50.32379972314948,10.4197355153102,51.61387142959225,179.09429713637385,4.692888831912953,1
48.14803697996291,8.782433093052317,83.50494577960976,90.76998660639016,5.354698155195235,1
97.08639896814756,11.114357993113169,85.90030121629353,233.61528323517445,7.688708436143612,0
74.0374920226478,5.620159360037368,27.09088364361279,34.42609448379003,4.353455173459928,1
38.7606405082836,5.78963741700143,53.69228656600217,112.14514422478744,3.7962305311239457,1
92.08413442578583,12.076765294216004,55.72281536169846,44.70172758733988,6.5850772310976575,0
95.09795099698584,4.823151030948299,48.10641417281956,464.2768053741703,5.961563970845936,0
37.89627657822095,2.505188931508592,78.66657292873171,51.70187001787475,4.152218079150585,1
43.24634293443948,14.770482576352313,91.41767600611352,589.5940030056155,6.244229256699024,0
35.218374879077714,10.87216895627484,42.47734336234424,90.54682008156776,3.815545601701704,1
36.6596999390957,3.903293695330037,37.67731432541376,706.1159352585466,3.340094764488518,1
86.08123390082953,9.799692394210354,30.299850308939035,25.4583581397223,5.344943283792249,1
31.68362565366283,0.2911962350267327,78.93860273693471,69.32681935850944,3.6992861414364815,1
33.3552019012733,3.346708348086508,63.42405730931537,241.97047591526407,3.692585868096676,1
72.55522256431055,13.250938645841584,20.429210686137864,562.4097943816623,5.121383984931548,1
53.6391574518145,1.2693334505194382,58.7821178688699,4246.010199491948,6.1589682789365945,0
56.01706270104248,5.814740497638313,43.38132348249629,944.0942584757736,4.595643391518307,1
69.40485099137899,9.989224948528104,47.4472843916932,75.16621961176864,5.23611817606465,1
57.51998448943901,6.677696397979194,77.71366924894393,198.7143870136304,5.399336290350613,1
69.35331460258506,4.671885976908838,35.80122373566184,48.29400042943142,4.339504894078857,1
82.09607732595413,2.870610340259629,22.23898381114993,20.951609592846133,4.248549446195049,1
95.240593326428,2.044223907834801,88.56890945394407,298.3048821506094,6.820265848534228,0
86.70065325142244,9.241628596826976,30.54256237540759,639.6097891608774,5.628270755582261,0
74.77364942903412,1.872345977501324,74.49976865059094,43.03440960914346,5.434690839233797,1
85.07696054162281,3.24359145751772,85.15287608383987,4599.391657877875,8.581719678870819,0
70.26191968484972,13.52133363370255,69.39321641674897,1035.162812699244,6.761988049616335,0
45.1199347148103,9.080476797111078,53.04170512143457,362.5462328898716,4.485369338391492,1
76.42813092226439,11.362322218971514,49.667303592302034,157.45394364418544,5.762103538378881,0
47.8592816779085,3.3291570826130283,90.59759560489591,1537.5910205619816,5.734010353805512,0
43.091802336419406,12.52711752361863,66.15547967795763,9.23964077754762,4.965668056546142,1
44.99234750872584,13.290511333471146,42.41604538864912,127.73036277272384,4.465091576741984,1
63.986415355084574,10.098075962758717,33.611439131359575,14.400437687019226,4.584807603263552,1
32.03027705217362,5.508433893372341,74.41365179186297,7127.891101309638,7.628409575834888,0
31.201466588537496,9.23943541085652,53.06665659850043,97.46473891787026,3.8127342720411,1
40.18772523126776,2.2186131629629857,33.97674089925724,66.4755561749866,2.88191033061222,1
32.769414058111806,13.516023120980975,71.70835149076436,18.57243750134759,4.822915637896175,1
79.77431139272957,10.527482308448931,39.41389405305714,89.72630984992992,5.471000663070754,0
48.55113313295057,5.708937007972608,80.40470204975074,2393.993123300954,6.1220766492582825,0
98.82147217468123,11.500471962933055,54.64029333698839,92.63242295135431,6.788431094865884,0
96.66118939154585,10.511762477196868,57.03866816625447,135.3078250597085,6.696437780899009,0
93.77850403538264,7.6510021097226595,61.52143833021079,64.22003945282457,6.393993542020307,0
37.02698917354112,11.542487017737844,56.71620391619474,22.993424941896432,4.34831109867222,1
33.39245599463319,1.4632706776775324,60.61946466117752,20.69128696835196,3.310954890872582,1
59.555888321850574,10.147876068299196,33.685249661938066,42.95042118711508,4.429055840155642,1
52.50459219186861,1.0963371629798195,45.60313668941728,150.29603924117671,3.653059524275833,1
62.89226953132107,12.963045276137873,35.07548316110729,359.67956424328816,5.044099585821493,1
86.36551760170737,2.848188695888509,34.03176786130939,131.49373875734892,4.826139478875102,1
53.27189105630961,10.397325854139847,94.9686253867368,64.2144112880383,6.051774194912492,0
49.6545658911775,7.611756735856056,64.58890172069962,382.0370368259879,4.876043879266688,1
87.62183609975523,12.02138887464474,87.14862211877316,19.56333434937845,7.331252662192567,0
54.39955142566569,14.527615367907222,26.978940289930676,63.58845770381332,4.469906031367177,1
82.08296062582765,0.7493024140510168,68.16246931290205,6.991445340407557,5.4066184684954735,1
90.4733349798109,10.82540043988216,65.82243091130238,82.54894649788172,6.717420843768664,0
76.39537926565592,12.397080900830096,86.82248830941411,633.2108842339225,7.216803352108631,0
77.3368385705698,2.736959413059693,34.59882202335378,674.9675157002217,4.742617902679486,1
92.54828093140723,4.672906781869772,61.00392395960665,52.41278021767792,6.025546024340305,0
39.03324009924263,5.010793269360282,62.32634319074464,23.954349421363187,3.944176401338754,1
97.70764445560911,7.526738129172126,36.341453329050864,49.74670473891403,5.77609654338256,0
62.36511016824611,6.282924220398167,89.73410230364249,327.88630026486885,5.9788630480113705,0
36.62726599304102,8.146203719962216,45.64154375652307,4.042917725418791,3.650978783276264,1
73.50262614455798,2.272710589266951,72.44546957118922,7.244430221173226,5.344362406955278,1
34.66021083255537,0.9148253612714624,60.97749471792514,264.0879429986847,3.439259782466457,1
57.57889139467575,10.020626240930984,62.8211090670696,22.46789044514412,5.201085497114788,1
79.55727922047583,1.6299572397829514,94.83501668858102,1616.473792932028,6.998574289920774,0
57.69932624073312,4.953255773847972,32.72481492646435,244.40221074075308,3.907244180178429,1
76.49824827270929,10.997711557193355,54.95019909378449,2958.783293265283,7.287598706073884,0
84.87332788896128,13.44148513051892,86.95232505684538,56.17698705631597,7.375739873843863,0
67.47051875936936,5.914884578470744,87.39529372916117,273.3728088645389,6.048854424528953,0
54.89100395851281,2.6539281458758768,71.03015703989814,112.16395768595642,4.648019662968022,1
49.105318184679945,0.4951158529869093,40.713370850813,7.590648382281098,3.238920762401419,1
50.28545095745187,7.278471000766427,58.97719878578727,21.79352169838238,4.519477862797527,1
72.37691627714827,14.314160065721882,59.55057342326843,1045.176132124143,6.635597926418243,0
61.458927458906246,2.954998255080772,37.371887252668,153.27293601349237,3.9516500094511136,1
61.32158955083595,9.870925939268863,57.21681571164517,49.58626284000472,5.181253778729682,1
67.50994014423485,10.284522518196836,63.618554833029805,161.89196791005105,5.7183524865349975,0
61.552589748094576,14.50819343691032,36.71718060801695,16.140383181888417,5.022508543446268,1
50.7437202282811,1.3030719942121216,21.809244620146977,74.14917989265804,2.851407937103194,1
44.075980741206806,9.098627050418433,78.83267586046415,578.3887149469697,5.3270765679775245,1
91.5249881561794,6.386534167991256,67.18442919227422,129.47465489074608,6.379923146259902,0
95.45891263981068,0.8186433106448943,73.97806525637492,1.3290988607577043,6.120227343778543,0
86.6574700195634,7.654427413479215,39.34043700894313,35.82277041194366,5.429866037604723,1
85.30706146544921,2.1876968811980584,91.7779892839412,68.76029065336606,6.418771970582693,0
35.82917595329894,0.5741595568457059,90.76586758558088,108.26519622281042,4.267691619495359,1
70.90877049640264,10.722087155730732,74.68890655409918,49.54104331008635,6.173997253707197,0
41.37981520411395,3.477285388435139,93.5415601564745,567.7811679458621,5.093058535675238,1
89.15679318945568,10.6888944982633,58.642119353218746,13.385204051742866,6.401117360026992,0
78.37742996071199,11.732012447921326,83.20204176048449,44.44878947372808,6.826584090772012,0
64.9394804762684,7.799874577161815,87.4891484581464,30.82908628688364,6.017655673654752,0
56.25996284495757,4.161222769115975,42.880594950645104,17.908692988602827,3.961892985723555,1
76.80640251132301,14.629229228508269,66.23741797040414,198.05981944772563,6.621331472139735,0
53.12472925468119,11.430432561651104,76.68815742839828,179.2805036259402,5.6583174010172765,0
95.19815011254092,14.596453298603484,31.07709646875538,157.59933421864633,6.2786838955339705,0
40.404381704002766,13.304705217350888,40.5269000195208,298.6003864017353,4.311752983681692,1
31.25835645697364,6.22522925988356,29.512550739624544,139.37003739146758,2.8279187251517715,1
66.91401331240019,9.16458236742081,33.517702879265414,20.0498491185681,4.608574780175335,1
74.999938443215,13.71705344797524,30.163046964997548,1202.286623375232,5.877737603163666,0
46.81086902343562,5.705961959016909,35.882189465767915,61.87918060098203,3.550436231112644,1
92.80008456245278,7.663991049392805,51.437998140112384,127.60993317896435,6.085347398230246,0
77.73466929952149,8.243278839773112,58.95396877510443,606.4201654440133,6.00554380193331,0
35.43224451976107,12.85443862037601,51.61702335845949,109.49837304080206,4.30599353010223,1
88.45301539547529,2.6669023542731187,90.486980551355,280.45247332894706,6.659646504451446,0
32.91612985345357,8.677661906417766,52.26127183101266,337.5961430076187,3.921047611214109,1
49.22955086292386,2.906983641540346,69.01931438607694,67.59798700981189,4.3642588237582025,1
61.33853525688156,3.336482398132532,87.79712665102261,702.2513775673036,5.772229138402846,0
61.58867562937834,11.480692325629583,54.84843998731729,180.54565099755845,5.34734228285639,1
92.53292192052808,4.645864583022567,89.39796212542443,7.525961218287657,6.851605179495257,0
76.36948384819362,14.38458020763032,50.319456784713125,26200.73604722384,19.10318910184409,0
76.96511120532924,7.696890860716089,44.53796074865247,32.54946215857088,5.200707087823638,1
68.27803413733895,4.77965222639005,97.718884158101,81.73995094652626,6.181523088348856,0
42.31561690056373,14.462718147315822,87.1017713269521,42.25193888244641,5.773075600003918,0
56.97822641428124,5.265585812839055,44.62657186592905,6814.461408753844,7.551715498209948,0
87.95218434949075,11.76988096374322,42.00369101847973,60.016234406890376,5.985194318111788,0
58.66666108383511,14.68077966684054,25.001980835447377,635.6406293989215,4.88262414980034,1
96.1008891021302,10.517544139166878,64.90718277249589,555.1230526606953,7.120566987507121,0
70.10247721347511,3.8763270995992993,54.04453796141479,14.32411902393934,4.820229996853348,1
49.49945180126679,0.6172852391133743,97.18623169137304,236.1932824085762,5.075390187907488,1
77.77189134228603,2.463687737214024,21.636626810724103,54.926999615041545,4.033806731542088,1
45.266396149382125,9.824899041352715,98.65200921007782,18.27037472225819,5.76184121377402,0
74.72544513801144,0.9489364252885568,98.73174447859934,16.41009269849246,6.05406882875654,0
97.0964022842774,4.203919315023857,53.25353835174397,66.34763451423755,5.93502799068292,0
41.38118098280236,13.91246801558332,59.425050410076864,120.38398996157498,4.88943754815352,1
58.49196083404499,12.774837732680652,65.7009779692234,8.894403009085185,5.592638747211109,0
57.6559985705092,10.546386456423754,50.56029777230518,94.04775516453776,4.924711399214168,1
62.580483593895,5.512690156325223,76.15513625753086,939.6000845974622,5.80894248941298,0
63.44828442112706,2.777131709720884,47.0417676222428,103.40848390351246,4.278601818436211,1
96.88205630998284,5.70699421235016,40.84801698820664,4.394286697020922,5.673619326629039,0
62.62569471174688,3.2733985515608817,48.21808555190201,160.31973356242258,4.359070076964234,1
82.32002342783339,5.420573766849408,21.789552675700705,1990.3404448419035,5.48371511649025,0
81.05709092840083,7.580760438105588,75.75102609851328,211.9358307958657,6.378858379299924,0
73.04127933695807,7.861224254133784,69.2915413977349,194.50673702687303,5.8837732093371855,0
44.27867955967639,1.385187521924058,95.20230391396112,711.0527501421019,5.121261427069347,1
34.019674495529586,9.7494456710258,54.99134995067794,1812.369995688328,4.891657043288266,1
82.24089420071226,5.00918490942189,88.19347080728191,19.48559490067544,6.446101180639476,0
55.64641680952833,4.940206864055872,94.90345941124755,926.731424201966,6.03034685322513,0
70.406019082916,8.357245884961277,58.86362629796654,326.884124763646,5.581316203133588,0
53.23938928045604,9.678614667280376,26.61386993776859,1021.4958123339336,4.406601042246304,1
71.18188846348389,4.239346783936386,55.79301405247793,20.70535149734257,4.955353314256003,1
46.32827825925294,12.749886532299842,59.92362008851706,155.996137953877,5.003826455232552,1
68.77584173471887,8.269385354465703,23.01371395860948,46.70901715195311,4.291738132169586,1
62.8383025513216,5.105209723841539,80.11511132911684,269.369610798579,5.5621912197098125,0
78.75621967802826,2.276142370409619,98.5366629400777,235.7457991129367,6.451835811920892,0
70.79250037169352,11.030861588067468,38.88252799517496,30.179883303344496,5.1163519551814085,1
51.4168565586821,10.417872138074893,50.37122088549461,16.969674937453835,4.618082940188337,1
80.53185877117407,13.890791919875824,22.674605823828863,544.0358216321175,5.56260962836547,0
52.400757443003066,7.253484731240908,35.121623400049764,7.659631196337237,3.878857288443875,1
73.60104501182862,1.156540112642019,39.62357400649557,983.9537921839708,4.740379928024199,1
86.05678009379541,1.4572469921906628,35.92656002743358,345.7816279696406,4.838683517778711,1
58.128692530434165,11.996988500265148,24.69383223109396,274.1836475535843,4.402753341953493,1
52.454669032994666,1.7236102689677169,89.91820874617159,1685.323014187543,5.810755557695478,0
42.96286942657348,12.422230596110465,21.25844562994743,130.66074404425018,3.6638215775945335,1
56.79709460401406,1.241499734330267,31.77637219964587,7.391952245226783,3.353020899705579,1
67.1522735769552,10.716334644734912,25.05632075982362,123.94829756510586,4.571388179128961,1
86.6207122536298,8.190098025953937,36.80919137875193,190.24400358798084,5.483236035897134,0
71.04621068191513,7.4113604791727665,46.45188852454959,7.258422837562558,4.980170342349151,1
32.07748456495388,1.028941996239895,79.17585126630513,29.1417374333618,3.77583998892798,1
66.96107871615371,13.125207016021536,45.86605197130102,1.0735674769865424,5.367482193125825,1
36.10475875141609,2.517962074205033,76.17275688911658,20.64649187134449,3.991492510086317,1
67.03805761462013,7.3776888729911505,35.96795327369426,83.2930124332228,4.53997629631136,1
92.60793845900896,7.050509669983733,31.816003554216078,101.9062868488654,5.414801755409647,1
77.2976243912016,1.167152118654669,48.3106305552206,324.0810500459489,4.819979629193123,1
82.16993205600107,8.874439047893961,85.29820230819597,550.9469866633654,7.008660749607001,0
92.84351156222944,1.4182269338353786,77.85620084332318,5289.0194515337935,8.835758906939308,0
78.55735656206969,13.968577771100245,77.95658222506178,150.26843355846017,6.952983723123896,0
66.75461634025362,6.118089190902211,37.0022229323932,62.62902563420364,4.423374773489264,1
63.32763511716101,9.759825805481247,72.81726268962083,71.59709422202162,5.7294044130342,0
57.16366940590572,4.26282395242562,59.489871866637294,203.4123801874812,4.599231517571651,1
50.35490738777927,4.611457112250748,63.399470804452605,153.36863010846866,4.454010445924058,1
75.5588207421922,1.6706981299934476,55.1824029891986,633.1176136026078,5.161453539164294,1
59.063994032495,12.730285679284083,98.04915084973392,26.91980795948173,6.590522758699968,0
30.57608718833378,1.5914054776791824,23.538641454775014,2530.5814844294327,3.3536340211592366,1
98.46149518190676,12.06825058228772,94.5577484721664,70.28761986821543,8.017161129604142,0
82.88889744151118,3.643331254603313,71.13778081895956,16.727638884427154,5.822386267131779,0
63.04958121511942,12.861636260418,37.57827110548476,4.630950325777778,4.937810482974008,1
94.78158664872936,10.834334623683985,22.23633681344857,248.30864765365223,5.665941356547856,0
51.03630871535532,10.835822073063811,47.66219202677208,4.468608149801266,4.557134620798657,1
45.35079996566684,8.727302385406478,42.70534226388915,15.090673523084762,3.975467841845538,1
88.40279710923704,3.953947811965768,51.57673648330439,5.375666003239001,5.48149659306681,0
98.89404712644232,11.847772358774996,77.96391609818386,584.316500770073,7.771614854265745,0
70.6788225511838,4.97239773516524,29.324121838662972,85.41037195297747,4.246821516700255,1
58.79431321468226,11.24870921161618,65.77564641768546,39.419634369943104,5.469622659464444,0
80.97494113770398,8.744510656864769,76.16882663240244,123.6941007025928,6.460360560518007,0
56.63382584514244,11.474685281236097,76.03413245252469,26.99393128857782,5.707342501149337,0
77.02461039219307,3.609579783753493,53.12759803577559,60.03488897010806,5.0657877796213935,1
30.489817681491047,6.14666751372988,56.71233954486095,51.02883337210389,3.5611440616645105,1
54.7630125884432,8.29850294241915,62.554894108152496,1031.990106707834,5.413012674378135,1
94.10308111286004,6.837875398556807,66.59819142704266,132.68228199323875,6.512197668177981,0
67.53512402772043,8.915331038285029,27.901596797113044,12.2533731450925,4.4361126554232575,1
56.05703384281368,2.3864294778184822,63.31173100636264,960.0468841635948,4.860299673767071,1
48.84872395418012,9.32554650872104,79.10121663676857,4016.051719008842,7.267565967646787,0
66.46744440714849,6.855451326415871,89.7284635332449,14.07417381291596,6.043133901831331,0
51.78462999755401,5.374541367629668,93.35169777866616,43.89329322300319,5.431336916636614,1
47.22002500423942,13.459849514971104,68.20822940239222,419.0109126073783,5.490538290042143,0
59.98555238239928,4.118932454975476,84.67967375415245,141.62171231460084,5.422516409575393,1
74.23623338480371,9.102037253883564,60.412029467891,11.304402432571065,5.69766614603352,0
50.77630858687418,6.836312637489229,68.88517900261752,56.02079886005633,4.809249376732443,1
40.178914718817786,7.197191100756946,95.06716603205932,443.83188729059833,5.400806623435485,1
43.30651901603122,10.865957743514834,91.35846654150087,31.18547808238489,5.575203270278951,0
75.34814345440154,13.360195130283742,36.1009495525057,715.8521654895404,5.790899820524377,0
81.03510589165619,12.564160611038012,90.29215487733651,33.75452958302762,7.223462207881658,0
62.43370138776599,10.202454765308628,68.72671301064364,189.36078754934493,5.674075316135483,0
92.12213212508205,3.837276553786373,34.349546739978145,47.45386481615147,5.12282627498934,1
70.09075454549483,3.735653748613764,69.40696944050164,112.62746476123802,5.315718372276838,1
40.79752813787977,1.7428859261113343,52.682908888980165,20.21671582774233,3.3967853427096006,1
48.003317654509566,2.6449250551069,93.06663626089627,2.4929029248011347,4.977870750980363,1
66.60088824751493,1.1444114990736316,80.85301557871125,215.2842670921994,5.311709280715397,1
76.19332369646988,4.441333661917628,34.11155110671432,30.348332750819697,4.530387013627397,1
61.29897412518964,1.841517582956243,99.75608451011,703.4240796494837,5.980505298431251,0
55.4644643569293,7.533124634686025,38.65261467048046,544.4467293536703,4.403692842537023,1
72.72064777375614,7.918927340879931,53.85371988510076,217.92634866092325,5.425293415921723,1
47.68265372455417,12.210235062291751,46.95033383233553,1147.4828140790466,5.110581077220931,1
61.92673305378182,9.024723057269116,39.15553375532845,732.6296818832735,4.920522481479674,1
36.48397280192189,12.186452037508252,72.91192930867328,129.3599112225978,4.930041950699198,1
58.847222183648505,4.353358995800514,78.60188859736311,21.826730195316983,5.158194809944543,1
95.45081464395938,13.846872106139063,35.87927072872088,923.6324231512128,6.740914129809515,0
84.35379522967918,11.815967126570042,77.96647195173247,67.24753721207209,6.928366449002182,0
50.61873135416389,14.11202950528526,59.36308968495637,4.796371558616567,5.219243081023081,1
44.41816668867721,1.966090124907502,26.56327037277166,63.93016652976589,2.8021988744858715,1
96.93313180582976,13.712881832401395,26.58913894741233,281.4885998536067,6.187031923822504,0
38.82156944971416,1.5185601021922208,52.698612735559394,132.77178686375214,3.352063063706446,1
49.36804445651467,2.108856021648112,51.45118058272517,10632.667641290132,9.04547661855222,0
48.34151516198154,3.585335772261483,61.80474615779444,6205.576263057974,7.24912469996823,0
77.23840920940634,6.748507550502308,66.72120264082366,4815.373608630775,8.173710006966582,0
98.01689002439797,7.2054490165212455,53.178394575376544,12.491372952933364,6.242818026365807,0
58.1531282276016,0.6819725004743482,98.53715294491488,14.758820942041922,5.357816377969966,1
83.713356944235,9.624961458120175,71.85644721875954,11.555380315369318,6.472501530301889,0
41.527792025685706,11.940790553784932,47.6346236706953,37.28707316944091,4.3028729831115005,1
81.37683810538908,14.09999916119378,60.87202451985366,37.42715680434348,6.509947754332723,0
61.61086077921115,3.332908434108317,86.46341819272914,44.37703156621175,5.413816336144257,1
81.99676452457162,8.875140557686574,95.22735484582424,0.9193035795971144,7.024664933916048,0
59.16838243241739,11.506493490933602,32.29981982075964,23.369473246455605,4.498063977636073,1
69.44365401528846,8.655808198222758,88.56022378171525,249.0128635092103,6.424640125639876,0
82.45683792418292,9.417776501223267,80.60031135440806,27.632896818126454,6.671876956130948,0
42.40551359699563,14.745343655974658,42.14222224577984,188.1075780800669,4.529075365890719,1
78.50638850953732,5.546175370992258,79.15749494170603,1121.093164803186,6.630144508133493,0
85.77530349508645,3.0784820262958505,72.41122685218059,338.4225705361337,6.080408433266528,0
75.29680298640227,6.212860809520372,45.39025125412408,2.248271815856885,4.995989873939778,1
39.948381195762686,2.177714168297263,48.936981312407326,335.7740610926252,3.451703134578766,1
41.03433739240622,3.629996049093789,83.65909866208561,877.8437505808845,4.953067935758639,1
79.79504548559107,9.206796086809543,69.70634970101227,1.6355992350840465,6.204489718752507,0
38.203095517250695,6.98607463081146,91.58763960894568,18.13000774080192,4.983425475909945,1
40.135942792670456,0.5713313413305698,70.47995348200527,4115.760485567042,5.834849693083554,0
88.56987361830048,10.115133675546728,86.58473629560758,71.34376484326425,7.187522283576551,0
56.47211806237664,9.434062496217283,79.99257456937286,218.74156182222632,5.711438990109092,0
36.71655856003095,7.689743533724661,86.46050898651993,271.8703323300536,4.967387131534329,1
85.67546478137682,7.536015291858579,23.5155943027054,2007.9010973297952,5.890038498186991,0
65.08606459924134,14.968365700483217,43.04027064875166,3740.630256788193,7.261802401874622,0
40.41303923262991,1.5705308741856232,62.804304393460725,720.926468391161,4.018167022723161,1
55.13482270662362,1.2252825380912031,51.731878864826285,33.71400757608292,3.8967345318068953,1
68.79931595501918,10.248043377893335,67.62814850873225,8.035986828809657,5.809639424666474,0
70.86301465219684,1.9635744931559689,40.93211085480847,2.9161128434924564,4.260299417469471,1
84.85356675057346,14.077676672456354,50.49987811023965,3391.8086189581204,8.012810990054822,0
47.87962777977299,0.8383569318267176,30.440639140001416,309.4874739098097,3.0669837155285387,1
76.72791998271435,8.415326221966229,71.90040441271704,66.08656520767227,6.100704836490545,0
64.44470894980628,9.912791659828311,93.47477195979742,72.53863089998092,6.409579998218996,0
62.51968142368254,2.5007504026419043,51.52527652370387,123.83040303301388,4.358535794439114,1
87.93919944042399,1.05780484699191,88.17587806269262,160.27004927803105,6.348759828835944,0
76.53161496576688,5.924108166349181,48.98471009954952,174.239883662645,5.210336660083402,1
34.08151205629852,1.119732387344326,60.58012781833462,114479.93526188737,60.53260518648009,0
35.26761173727503,11.186393524144044,47.27475928086814,57.71504031117223,3.976444120487036,1
83.20174049956641,8.223882509889185,27.38063973073566,23.581250660494405,4.983667688223893,1
72.52474149918731,10.54231321511397,40.878593366639336,6459.947210878251,8.411552387917196,0
88.51759605151403,0.6182505091900836,98.59081265122924,221.83944516619465,6.671172995099544,0
72.06474232983582,4.640470375330561,43.81985655272715,14.225471214533318,4.668345162915571,1
66.92239331950924,10.692471233446614,99.86198015484968,467.2885625421194,6.975646542041581,0
87.1380754714736,3.9904204322612458,67.08276333104614,169.69423382101292,5.981895078926959,0
68.23849523534733,8.286741315666905,20.134650768250264,35.09990191725035,4.179803414986717,1
87.20640953194498,5.063055690197242,95.85795957627276,30.064388134996133,6.885332931653204,0
90.04158837566553,12.64222814290822,75.45621798173971,909.7664150113436,7.584456096275306,0
77.4351599758039,3.11125357304721,95.83794509327232,240.2547052732617,6.403797461771678,0
85.52711132474766,1.5161466031457893,64.6025750946441,3.368864184855291,5.512460798236236,0
67.19287700282723,10.122399486007938,55.4832292894866,133.66880703536845,5.431286310916165,1
55.20069360880613,11.809728455062222,68.31708679533321,41.15593570536293,5.459091161571146,0
32.38282422604848,5.853939445317272,59.67953245645364,18.224942439544986,3.680205358487048,1
51.72145759128122,13.046766296896733,72.36346104961586,2317.456027514037,6.703166778586416,0
62.12822008145947,13.828945036258686,89.61590923885792,18.779159331146275,6.565890163715558,0
61.89153439589377,1.1506554560294455,20.525643589443227,20.483732835921536,3.216738095539953,1
65.82773053449057,4.822392755627299,93.18484895023929,3032.4887575669786,7.427138344233021,0
79.88462052769131,8.184182703810274,21.71453339415485,597.2431798055815,4.963860683216116,1
96.14065642027788,9.924191731617556,57.27130137757305,1489.2972062124595,7.300833074406292,0
42.194353290934906,0.1535385919077858,85.16220360666071,189.1569292781716,4.352572563667082,1
45.22742761816609,5.637766139196165,92.94910000689856,4300.228265170868,7.311460851438651,0
49.35967515116969,14.576927812073029,96.61603581606772,30.486490301404476,6.345804106886825,0
89.62479419479521,8.567997786923513,74.46545352954661,28.64153101203057,6.690075917876574,0
64.98129294845712,6.001488296800797,55.63813812429566,39.98990361799788,4.888539643156234,1
88.53274157485987,0.0465257380989536,61.90204490935314,163.2330435520332,5.484640105860901,0
82.07352746102467,11.373028731314925,67.63173821952569,10.459482833349604,6.454425859574924,0
77.01693562470666,9.518787163316526,54.61345978404968,44.45658578174784,5.693188227732284,0
73.89606191851794,3.621321044434338,58.44966684280784,125.48057016491676,5.134204871550845,1
93.57015117711192,1.3478841712647216,78.52285125515303,610.5546389935012,6.53855732136229,0
69.55435272926192,2.6275167564682467,94.33984623407254,2748.1268577812093,7.249184600730082,0
94.0896484389545,3.0214171141111343,35.24353168177485,265.9172104584555,5.255992204651767,1
78.61477987579055,11.82571687752584,72.04641275097208,493.4629686462925,6.735286749636515,0
61.87906181608778,2.0913058782269967,56.47216394595009,220.4449616821321,4.48868045968578,1
93.18557803101623,0.0139923786301082,94.73842515868124,470.0718391468165,6.806011033437506,0
79.41231947789055,1.4308423925063778,58.10842459169094,24.2035126987359,5.074931512466357,1
37.15423260207278,7.269685631522115,88.08908991202564,23.05861647183799,4.867339872831811,1
50.29440502471874,10.211550714712502,33.79782746766398,68.23128945872458,4.080981741219282,1
51.09436664668179,14.00580929971521,68.98695073620775,46.72897864634789,5.537328607248198,0
46.62955138250756,7.087433023836024,44.95047551393336,2155.3486146200903,5.000113930411951,1
96.00842953968912,0.2392925027181736,75.39156343615704,77.26162454093847,6.164644147214562,0
45.41609082132498,3.7954585071575946,97.5917407860981,414.3385463114005,5.331110980307401,1
53.100216637978434,2.156610301547448,65.33978727907758,2584.841531451661,5.592284079772041,0
82.56782564028472,1.3419795126154932,40.0942967471121,57.8597363566461,4.668669747464625,1
94.82675037920104,4.622288562682463,64.55554417599924,1949.5297058681,7.166730049650314,0
60.626706282749744,14.000414887671525,67.66676456004255,2869.929860398867,7.290077607077851,0
85.30867762923505,14.932103663723035,30.627910759264125,23.6543154711554,5.836221952055207,0
75.21249408044312,2.670976162615193,45.28682189967618,422.52957626249065,4.845466824600775,1
59.52179982085353,3.1245110242664538,98.98449049168052,360.2433381665473,5.842979479094476,0
98.83770378995652,11.375184298782532,33.31902465547138,16.57273335339666,6.098883687817354,0
34.72606605451792,12.493506355156375,88.65534289835995,2381.6471197278192,6.488877124511063,0
79.5987463417199,0.2097642413512035,96.06011454903566,1691.648073428915,6.932553750989444,0
64.55145820372293,14.868185851974626,91.27785270027098,33.9253417657117,6.824175165237365,0
93.60792755970084,7.72773681859628,84.70461474791355,118.86472799831392,7.117661590684225,0
47.29077375025528,10.534696325128088,53.0236192487688,25.862263919457533,4.548740291945813,1
57.225694240574086,2.272062216167256,63.99782228930091,1649.297863999177,5.260817591918305,1
72.92196614747398,2.2898174841226844,81.97118732446607,1775.079805010428,6.492535916550423,0
45.1569264540459,13.372780140529557,89.53015608158626,175.23411243053877,5.917076810877648,0
57.214821535141255,7.682729140686483,68.33854531840583,3354.3877186108275,6.784215994331888,0
75.71510290417918,11.758973858085994,66.55870134067086,3548.5803480910517,7.975552716241419,0
67.17326683220676,4.698128407930289,24.13476664556589,12.14076255236682,3.88685689472446,1
34.0038807291533,11.068528308490247,83.83352859472168,167.59637288158217,5.065812104297599,1
55.140824674615374,1.0103236657470376,66.10796575077211,449.0276215518625,4.5144181368584135,1
86.90493532764239,7.48681898071227,32.44157970340674,178.3123417772609,5.287282873167755,1
53.90079154852266,14.106149245538322,27.99229208808437,670.7454081571397,4.74178805321584,1
67.70278428937347,7.1678266836004445,20.595037876820008,2331.0731889811777,5.2082817707301725,1
83.06234213835668,14.97774737786463,38.01600121844115,40.65004047185039,5.98107348010989,0
88.1903122518899,0.6113898429553516,22.37054931972449,46.36966299667753,4.283052785461205,1
47.825937914962594,7.043337163256028,60.799813336752194,22.09437784674116,4.452412821950044,1
50.51628179999513,11.926645566754974,57.9239193919156,363.4538438058156,5.132760332335679,1
89.67904492812139,12.907109542764225,71.14062223172955,203.9199617242928,7.114051399215311,0
98.13573482851936,6.811802511049593,65.78967506188907,15202.284153446892,14.181441972825851,0
42.90404652573779,6.893921053256836,48.79395560103837,16990.309490446332,12.364527379609513,0
69.27342629618357,9.730953489974503,87.41693262448433,23.345350020484645,6.378213054589565,0
39.3603974096825,1.937413615855429,24.540455370923944,25.313304269717904,2.51702757123542,1
79.67248640158726,14.587045342536866,51.62072755560917,2338.948983502239,7.363700308736572,0
98.47307910633032,12.319438238308106,87.08440431064231,12.100906444845505,7.789449570625716,0
84.39741965326783,14.432881202468517,74.11749505284547,2320.7030602910954,8.203061288108476,0
30.45893446013447,13.882605637383277,83.65172710651197,1053.8429576572755,5.643091234167703,0
99.11833348181386,7.277274781000318,85.38783915602363,57.97210639479403,7.283082045250692,0
85.10908934625976,2.3106598895935253,39.37431902138385,331.12811992870564,4.982223193415611,1
54.21857089271502,12.196198651502687,42.98807129285873,20.067001813655157,4.688038340551459,1
97.35193052750016,7.430690484131606,94.92266970880016,231.72706383237497,7.60068989269336,0
55.757484955352936,10.532990290955048,90.2611032006876,12.520086181904702,5.997691566421203,0
63.237797798791945,9.748855636889454,77.6407416346273,722.1334316684151,6.1946864405136495,0
39.285108264309336,3.6730414934597633,54.63610034534953,152.22079418486132,3.6539018873712665,1
76.11066309965994,10.32964212396785,56.70701555189312,339.63100471970563,5.94841670529983,0
84.21223785465142,6.082117423633607,82.29475136198107,76.96973365332329,6.484028664235511,0
92.25852015465432,0.8856244437592914,43.6157848244861,10.361265704916322,5.092557428149142,1
34.39042354286028,13.520219412348006,86.47696235322927,93.84523077055589,5.368870368931368,1
77.52807294844212,1.8363488193549733,94.45368058928422,44.68989114131359,6.140713163122365,0
50.07642689447264,7.661230958597752,71.99821266556054,149.46174870827733,5.0038574259596365,1
30.46577095055554,0.7663981802284664,54.40560273670526,2253.6018699993406,4.054239673145897,1
95.61120997353945,3.145462684319674,34.07819107874084,265.1308852720844,5.293905842371813,1
92.73482827578168,8.716826165006232,21.316570075558616,2698.7669817105225,6.56995634065391,0
45.04594416026983,6.075703253155462,83.41615426361626,3.482713494591506,4.913634076382123,1
85.6452855470284,6.555142987408906,82.35089246811998,3094.362692134172,8.099033840732712,0
59.60933528771679,7.602342449802125,74.35975829074759,1039.6038735786651,5.895202342000645,0
65.81747314591696,5.407373675669357,59.76556131493807,982.9647867851844,5.457885526244348,0
52.90508237903921,5.479911068006103,71.17295027682155,739.5364194685219,5.169151120001086,1
81.22518098190798,4.336990445411816,38.04010001561933,48.063659731718005,4.84794111415194,1
85.05286821288027,10.802394145853723,29.72223968565574,421.6700468333368,5.584856357086924,0
99.78087783299188,6.679736265877192,78.07767033309298,1252.588992696844,7.627833346248606,0
38.50464442622862,3.192585548172892,36.32178240772815,453.2587085782389,3.175727158387398,1
69.61895868877136,3.1534827784776143,71.92155974710244,183.88054942333716,5.349693692523357,1
53.19140711270036,11.815603930951688,60.78885128391215,19.3612143373208,5.142562823289208,1
78.57547414650764,7.849089905152818,99.83028251406763,1953.8451376056512,7.899759000600443,0
67.85619497615656,2.423908757635576,63.364273694856266,5914.795585555404,7.81496467843321,0
45.6406611703127,4.506383401536439,35.2337475015456,37.43355669908031,3.35199399036206,1
63.053732187643234,10.976048542407185,50.24838360645754,31.184611492707933,5.142797955686528,1
67.68351541381384,9.094342092559277,99.11788981320848,173.72623689935736,6.677174638654414,0
73.99133137398513,8.921956039897697,22.73506576905114,177.2276586681377,4.622514661354778,1
46.80467006181175,9.961025066632043,70.8385620786128,90.49547393943244,5.038693908463775,1
96.14442202040148,1.652191351013309,89.29655573969265,99.23698866393944,6.73951118244014,0
82.93536569242622,10.243816163894538,60.3679808003716,72.16095236284418,6.188916144279073,0
38.692846092959705,11.79425741146956,50.307832634440985,926.969378271548,4.699859253034347,1
89.10885041525893,0.6689055560564672,29.39245578629464,25.33091647548124,4.525683704042583,1
79.07759635531133,12.706658240232464,89.74890073272321,26.530534165331225,7.1395019673000615,0
50.125875069736686,14.72217604775776,46.09212314552593,40.27689897705216,4.880154751419547,1
99.99929977001698,2.5187375083067307,23.63654174002805,135.65846183445245,5.02877122474942,1
60.939680141304905,14.332861664903668,35.60155678457174,918.8883612156864,5.398364256287558,1
37.03665392356097,4.657062684026433,24.10264914874028,1900.749529363132,3.620626664488856,1
31.657521625925742,9.349334934830235,66.56392079072788,118.0485532782562,4.257176258881018,1
53.475442929179295,10.637213780030091,44.78157988796653,387.0328346811951,4.739702909149774,1
67.75109195606323,7.527357166100701,36.26426520419096,97.71316149265532,4.599563931724656,1
93.08494433319142,12.42202615841104,82.55026779080015,76.02103261073653,7.480118939198133,0
88.04508828817673,2.2096640401313965,53.95703300584288,538.7064589070807,5.630834155169035,0
40.15434704820552,11.567386543462074,20.869104662877437,72.79125577218073,3.4253813040468417,1
96.71555938349138,1.5383781344421688,57.23004083310279,170.690584236296,5.824706705895103,0
33.07361036031698,0.1508344567346042,67.23913438730183,54.060917324256486,3.3822323503673224,1
60.78797369550523,2.421749468406552,98.15776373480922,894.7373236362247,6.065795468523254,0
39.905629491942506,1.2183876743349098,90.85229890516926,5.415516945131319,4.446340672738835,1
37.88839425267084,0.2003643377006986,59.59182644583322,156.90393862629094,3.401778966565045,1
88.03693708649539,0.1555027263792435,34.08723752752414,117.18459245726032,4.618237178152094,1
58.5183766259165,4.051837371989878,92.10837941889322,68.54337028943165,5.54344186994716,0
62.68034928459551,11.40076974946734,29.14096103509312,170.25636406400616,4.60664795941535,1
84.00289130421883,3.70680317773282,66.53445544122957,62.14584844175798,5.757902557399802,0
55.689238152534855,6.691828886891292,91.0641843516319,3240.728219921289,7.249042055300125,0
91.24932192320745,6.332070506982895,60.13590433597116,11.585672106563711,6.093049893759003,0
36.69998429508245,4.331728898640471,38.59218425640462,187.3951962927755,3.1526353875058715,1
43.17783092476296,1.6233381446794295,67.98415659537869,65.92538806727616,3.96193444335346,1
59.34408862094087,4.2205327170279565,51.414741768189685,1407.8376670668313,5.042177903119536,1
99.05674268352384,7.656449566511378,42.198086375157146,1813.466528238481,6.900590519366046,0
37.55809525283318,11.663081436026747,72.36764291327346,23.95844153410076,4.851640461881256,1
84.0808783148791,10.20247852288637,37.21630733946362,1391.5374378663123,6.195740924000866,0
35.43673057804874,8.102449299245643,46.63764950467807,57.39535220056122,3.6555413142871367,1
58.40310465778148,7.220972185804671,84.1131383860419,88.21273937103678,5.625721926158501,0
71.38346037389164,9.730018419847816,70.2063902789346,1285.0536908174108,6.57705881071719,0
99.294854304313,3.374256487252365,86.29733965903037,1410.455149802215,7.603367585569774,0
30.25639120819321,11.331335021166383,77.27410746435677,6603.755950773259,7.963490349761701,0
71.03092925886664,11.64175311455708,76.37283928959165,2159.851788059595,7.376523554527921,0
91.80828725175591,6.549869996043843,73.07495624576457,0.987586648249026,6.520060970371683,0
83.1511862478277,2.114294805169768,53.06307451770709,4.469634008023183,5.131603982965309,1
94.2785764219351,6.614429871001681,28.511306942990835,21.64335409221072,5.298746929313403,1
72.79891458004178,10.526341122734742,76.74827701296346,137.10038350853864,6.335589197618319,0
58.62737364118556,8.791094883932757,36.30096613033322,797.259414750143,4.711863125325767,1
80.88871747161726,14.814301649803769,34.51289732912358,8.119063593096314,5.756425315515322,0
30.42103257648221,5.003591398054896,98.99293825665472,351.7012602565063,4.862839220692673,1
63.88933047176926,13.00411985480125,74.18153208699036,788.3626144137949,6.475612474167504,0
42.09075446097009,12.4753165742985,99.12051575115544,14.079661899957648,5.911817139353296,0
93.09299286721124,14.643973675667691,23.56401063129969,16147.674714134864,13.968874758261643,0
54.56529623365779,13.541136924851928,94.20998340360522,131.3866588956468,6.428718373387484,0
95.10302759532716,10.613651496398235,92.12156424073788,549.5011674640194,7.903883764407055,0
84.73060307955186,13.10931925466208,23.83670923124016,9.54721308038151,5.420030932125678,1
58.341277494963954,2.9909321066176373,98.56618631946544,961.3408875202704,6.07040034380442,0
49.61666228809289,13.136266808590577,99.47754699783538,1145.8878365536982,6.855563500594683,0
69.91035818328888,4.985381791839927,46.515960388857465,11.825349388534104,4.696343992875539,1
74.45305054223397,1.535912678504761,91.88856309922996,245.5426810392549,6.011141523036361,0
32.13034642756764,4.439739447029871,92.02754863021902,4.08176576314346,4.492055143593834,1
85.5098676345836,5.846689490698356,43.23420411257258,411.69303592333614,5.5079362957920255,0
95.37860576769276,12.271724900869282,35.422391194988386,11.039109196362576,6.11050801124247,0
66.15271296357581,12.694315732509285,80.30168312475996,103.12789677353273,6.3761545339235255,0
64.30026053158105,9.773905505217934,75.62800923901602,4461.379435473134,8.048930966692083,0
91.61640384079443,13.44003982455845,87.4490355786786,654.3390556901,7.959300731293031,0
32.734979074409615,3.433937543643793,87.20058791606053,342.5010255136226,4.44006106757939,1
75.65569724184809,7.529237354851362,95.80024882114049,39.37162925838147,6.6728449044224645,0
73.76647010324322,8.681857959682603,24.231085511004785,212.3012150472453,4.651927772951756,1
80.01677481017026,7.507325369073153,96.8946796027482,152.80141287398553,6.934644623833565,0
87.14256108484416,9.380906107799031,95.0793578147315,104.07062793902972,7.328209102585129,0
30.85778494433777,13.02270630110965,95.05340418486328,212.9418330221266,5.494655069941438,0
44.31335956358309,5.668146134771474,37.72147263045565,762.5764033644404,3.852281376616361,1
63.02598427120817,12.876769462944305,31.134560727512685,1353.0209343792162,5.419263606157747,1
37.30315539183084,0.5807704052179347,45.881778162734406,677.4629284958346,3.2653880653249763,1
44.38201136568768,12.929009650198958,26.918205548298516,86.69580385561908,3.919075488024168,1
57.22378200059608,13.669772123373422,93.59023553134972,104.29885880807302,6.515784987705714,0
50.98809931497081,0.4869712997881026,80.56753024523218,82.48788081861858,4.546490950343918,1
46.8755965244743,11.220175691088356,34.72098158288241,8.021066487988977,4.0426814108182745,1
48.33937248855913,6.957251651420983,69.23532557987917,284.0418585576358,4.848380761359657,1
83.35693973334338,12.173212883275951,32.52663499842974,17.441421415529224,5.536118638321987,0
33.75558562249325,6.479311074022122,20.650803535347052,336.0549567909216,2.7857061167578148,1
53.28959024258569,7.426592318449085,22.730830476858017,145.676329295869,3.6290059205020113,1
47.546015429307246,3.4548569880570943,25.629375462237427,1103.2846682887543,3.5678499139894995,1
56.22879226121113,5.307106407240273,95.33277100068896,69.01825153416435,5.674354586960224,0
32.26018884309689,8.092214093176507,31.86213361370376,102.24262983701723,3.106614286371148,1
43.92202842943753,14.52307662961934,30.743604223172063,9043.088193221198,8.653041023445196,0
40.1655451116902,1.099689519479397,91.90553797612289,47.01525178756952,4.497264521593019,1
37.04677222945964,5.249067476123201,30.862218329621072,174.4412744538837,3.0198648239062797,1
60.64332368808597,13.298349357071018,31.558476835423114,18.611496996412814,4.71162793679144,1
72.69677707480167,6.341504127801183,68.16779451094638,148.72334121060064,5.661417001705878,0
88.6740378634818,9.92259210806028,69.37745154002357,580.9273455878719,6.911007944339944,0
72.44598460156769,13.320268535321782,69.65759029674224,157.81274040601636,6.398500316700161,0
56.8955439643344,1.2051579712600202,39.08288146533481,0.2403989589580513,3.568944199138901,1
78.43478909683917,7.595238095585264,40.79534714160992,1098.5725748582263,5.670062075109504,0
80.15735178587312,2.3125340470516647,83.8823167911853,81.06720553594282,5.994550582643622,0
85.81473684327109,7.484614954625941,33.90151446783012,5910.028831618392,8.153110819037536,0
46.8580238538861,1.4800220280999694,70.46341292181334,190.4137049889356,4.231432397114309,1
57.88238587834171,6.618160760667552,41.99173210598691,117.92613179052044,4.295826540275291,1
87.91333760760367,10.917072680500976,70.49928842620918,55.68363758691949,6.7510612439339805,0
55.81951520516261,10.897240965990305,86.34920477983407,233.67013914310365,6.029815917772108,0
30.942519068475335,12.992599931968396,51.877144099856665,94.83041967943998,4.140690288771273,1
96.25511123759064,1.1413110813558258,34.05230386365851,9.274084335085751,4.990541715716507,1
39.36148680419784,0.434773756935381,96.42172219858668,64.01095686515491,4.542593992251629,1
44.84310630093346,11.687346561415374,56.34867433060481,799.7398448742475,5.052789060534144,1
81.58685438684017,7.204365992134011,85.60693556147888,180.7510194233393,6.6424943512430445,0
93.49286538501262,12.078744509178993,72.02704708314297,3161.149810832313,8.68897538422885,0
64.26810544450991,13.13835817240862,82.86572420786366,70.73285395004241,6.4058981882321895,0
35.72235511653989,12.034388110509466,76.48126862652038,334.91137993477736,5.0942267644755415,1
69.48340971080106,6.633197637815557,60.74068563582449,2433.712432934259,6.481732937755463,0
85.18553113302863,10.53154437387353,66.32462787803281,11.924458325844016,6.456276748212404,0
43.8824893992508,13.315831269129603,45.85699605761204,4266.56445975895,6.595874814490829,0
52.04558933178846,14.496307216829807,85.57108169725096,29.146437227262005,6.113159964485678,0
46.296604210020185,0.0630834990959205,21.097498704175106,958.9915472883793,2.9705932530798425,1
99.9703240655025,6.773532354627252,58.38640017915484,112.63654013652322,6.484076473525732,0
73.24636533261823,7.551371459730728,99.28829609688285,796.2625742286465,7.061771929298611,0
36.85297800763227,5.0948008255962485,93.28464413085698,3219.7480288949,6.392012541238075,0
87.91916424439984,7.4633319169999455,46.06174328244332,88.9434838075225,5.689423801853049,0
63.32027319004867,10.465738734629747,66.30840950321677,48.036725709612426,5.592655449016231,0
47.563418032229634,1.6216151399856256,48.58236373450453,818.1171630161317,3.931227728830949,1
38.86817772106215,7.052345278895123,54.671026917547216,54.86692089702661,3.927525904706928,1
46.716937516853285,11.856109819913964,33.30930569950071,62.13026781255958,4.084632787556829,1
67.1453632570672,4.193098538972134,34.92085800185967,2864.194602133268,5.584847425302325,0
70.45611045521538,4.993083083746891,55.27775992367624,2.7255377370311016,4.977248293162107,1
72.77031493735112,8.693997676948442,72.87649925449061,30.38327472955537,5.981698980188385,0
54.267120798179896,2.2797407446832225,30.1463809316991,137.17225856154693,3.3716364636272647,1
79.20811667995801,12.22587224741608,47.96397448573063,173.4875704521875,5.916574911737942,0
61.28833892658625,12.440495248580689,31.782491004862923,114.68604242186764,4.70640083327834,1
95.32081566188252,2.647793414197079,31.20598994893654,100.43406863835196,5.0640087006822805,1
32.037549830567485,4.546256389311037,80.48867570779171,23.661010463458748,4.1626184086192834,1
43.21918945198741,11.438364331354933,78.72672282128848,27.32600134608954,5.248068696526689,1
94.77423062950574,10.25551942123798,43.114022830052,27.68516628216456,6.1237844353466695,0
34.23273368343173,4.130555166896469,57.33810493080342,23.719554399379213,3.5143677891507084,1
80.90599645029044,5.111349361047974,74.47701289501704,312.5701494487347,6.137970255691294,0
44.96638091649222,6.353202353762603,84.56172224725458,5.886262631041678,4.973770270769108,1
48.95713412099244,7.834454451439968,94.5458003857396,76.14646087241096,5.6161780519920885,0
61.752461595687215,13.62263938157618,69.72784086300257,24.92828072908141,5.936661768239724,0
50.08465676607453,11.025701681842698,76.57470334052584,78.47010161619592,5.442432589851124,1
83.01457070561806,8.64737690510333,73.05955457799209,1804.0511726035795,7.279132742376608,0
64.09431661912734,5.694505954617057,20.81364086262628,4.714623687941534,3.7599897979495593,1
40.94665755170391,6.720540501076395,60.42136079343332,649.7103481539536,4.447416350055772,1
76.12373793953753,13.773455215692852,97.88915755648566,4100.189933637527,9.40906473266412,0
56.82888775375634,11.395291994471991,98.76676883962348,1.157419870385269,6.3762664847213495,0
40.87474012500222,5.185116321161864,80.87780675336997,55.48189065353549,4.607576385044142,1
93.0522603513621,6.565184697118286,20.274998452516712,33091.4955278113,21.532606601247466,0
31.54946888605668,1.0527099557365087,63.44372118450298,237.6331543469726,3.3893779637244936,1
88.11281894544072,10.599822906776424,31.571541187605057,1144.084520586048,6.103683544416447,0
72.91419605379289,3.500203892535221,32.490772261942,83.49121411512029,4.283057006321058,1
87.13911053293751,5.870762064736596,88.62510501820172,127.07485532543753,6.794931205999931,0
62.80927491053929,4.847481149225799,91.78880385046742,33.230212612762706,5.767398333164556,0
59.762846129081225,13.51608931485474,50.12682002162956,629.6977248841742,5.560776239739697,0
71.80753791086033,1.065350640499595,23.030336857059304,168.36888206456135,3.753931127228432,1
47.730646424113615,9.540608698317383,56.15701141266327,1751.382731162688,5.423688434757526,1
60.92089805772244,1.2221478621740252,55.1801338270754,83.87819223711955,4.256393819457122,1
77.4408285197934,1.211789521432593,40.87425289042922,222.3033362465573,4.556191347771151,1
45.69927303281031,2.9539845295011258,73.16206012148771,23.20513566309886,4.329833745738706,1
41.58200072681035,3.79706450032896,62.25334625910622,745.8438521162391,4.283508792936616,1
97.46838928759952,6.940774452197468,75.32608534337062,569.804902812336,7.137498028431015,0
91.17751330704796,9.574833911609742,60.83888749481649,5.111569493847666,6.432306333034311,0
94.65478807068936,13.70119794721661,91.60707040913933,9801.707528785582,12.805377194216206,0
67.03856389427399,0.8709274312780807,88.02198696917284,1748.1917232133385,6.283390769580622,0
92.07032094851075,6.174750070425132,44.24496251376073,1047.0019363171466,6.151137688554338,0
90.22761349581091,0.2725714284905972,76.28640831718513,264.1263467772164,6.0570171055856585,0
93.91866816370734,5.168633147804835,51.804126654473166,1556.819818461645,6.6061437501937945,0
64.77242224467687,4.980094539729395,80.08784725943866,427.1882687381697,5.705135895912259,0
70.66375211780768,0.4702155288885379,82.7163252738061,1548.0973341609872,6.129110062895838,0
94.63444862514952,14.228943047109764,72.86145699102664,152.09926933740945,7.470165594116462,0
73.18932111075591,4.783360248864527,78.33411231940795,22.209931485046432,5.76703720464145,0
47.58144621101884,11.307770209583325,52.50752680958173,5393.734775942216,7.306128061657645,0
99.6193308414609,3.6196185559323526,50.547628687087126,684.0234112753687,6.205175655501969,0
92.5294421116452,7.755516588922023,77.20732314957985,10641.593082932182,12.113745579311498,0
39.82347372934783,4.464329700681529,46.629101395886906,211.9883218453962,3.544239122041372,1
95.52976473339082,12.864249681372469,39.633748318840986,90.71236302250396,6.341984188549361,0
55.83936142744518,6.558392473565212,60.39798498093578,640.2942062045702,5.021500356984688,1
62.10053487975748,0.9814791598811428,62.12797299709096,38.60069973423769,4.4653088509582615,1
50.69256738817188,5.040715016765579,87.85781167634221,615.5041397018553,5.475260617344627,0
77.967411589455,9.941405222289244,60.44611361317759,32.2502833779064,5.9423455358914055,0
74.21432211703069,3.456654957668832,71.4021064625585,180.85052121013092,5.546726834929931,0
56.91627872648549,1.384553205419088,35.66651762707964,21.95361934090954,3.496078808084172,1
36.264090675308815,10.71685699158884,41.830109679878326,20.94092472907377,3.787623078932123,1
43.13043160380461,8.5898141546919,78.76392165662222,176.8920364575518,5.035562347548817,1
65.7901528439281,3.1344139226850185,92.20727737569872,2123.688183222885,6.77310991890803,0
57.61595262809942,9.316386407645696,29.815952963267527,34.89275491589028,4.148201712244518,1
33.292723308562095,4.135820139834063,94.49472106569276,147.71075122176276,4.653987953907555,1
72.9788867034677,1.5800440798242414,54.59294027073496,34.077415068058095,4.73198679177721,1
58.79057190481676,14.943974284278264,85.88304739327876,2589.6384567986142,7.717330954818166,0
51.99156002628698,10.822703037100162,93.55797074143976,1068.7460050079296,6.503044829508654,0
51.90366602102442,8.228436703610086,27.17588554474572,7410.553154503116,7.419543454795916,0
56.910653061395365,0.8056764071049249,71.57978751485435,6731.568803106353,7.870171790165115,0
41.4757736592201,7.805220682252885,55.18830351912293,1179.5364420116598,4.68497034117361,1
45.120645167869306,10.270892898461447,38.35172407198986,82.62908949205116,4.023781363466639,1
89.63713962669034,6.095382515013751,76.97193097777796,1684.838697723986,7.34660111476432,0
49.97084073822364,13.115684675734803,93.05243670041928,25.399173225906225,6.114674784727958,0
38.40765243485508,1.8951964840821072,88.91623648890068,71.22981153713545,4.428927746238002,1
44.81604337761314,5.748994723543206,69.92068840867307,287.3615416501478,4.608842630544112,1
57.37099212088339,8.594324846849108,48.47889032338297,68.39666807846824,4.64283721326097,1
53.73298519435919,12.285804963108385,85.11764995103336,28.65691339482424,5.945757859313619,0
56.15108524749148,0.431229442951091,54.97690640761089,53.656103335978,3.965301598091085,1
38.66504905591158,6.397841040288893,83.70701749703244,1927.567226728068,5.661380204540359,0
52.424534137502455,6.496907612476742,74.53933500512483,1327.1632091734748,5.646433781488255,0
79.39490524797333,4.089688470835441,84.41453777355903,39.16855328261767,6.136785466850557,0
40.39942246536207,13.283336097269306,40.35875690467462,24.01285388718543,4.167079642425245,1
86.92103520091047,12.9753810146465,92.39034596074008,342.59507310400926,7.717387424875276,0
63.709817801868105,4.780918626466075,69.18868149250798,989.4406647692574,5.5968653518812,0
37.38434337896376,0.1297258463908795,45.75600699555263,496.7775824885579,3.1294153209084965,1
91.03299238197997,5.55060621263771,28.58437618818992,69.20955636600242,5.0885163803716695,1
48.48453411572383,9.146973115243783,50.81415844318063,130.31501215017084,4.443660935523836,1
68.09982165697153,10.196670491533368,76.55225616837743,55.9527196538958,6.068203960310468,0
77.34295248319195,10.092214705340416,52.55127554666021,10.281110047300176,5.684618391285176,0
99.38834818855652,0.6392461183389603,62.23394535325287,200.5247382892537,6.00673926911837,0
45.94982933973584,0.1599387252953538,68.20806784299464,151.08599655397887,3.9757720796857976,1
63.26801840564937,1.0393442206141346,49.341387000615136,10.630867588099472,4.120212202099893,1
33.80073713269199,7.440332207922783,61.21851659965276,37.774340902326735,3.951505374540704,1
66.34273792032603,6.398441255266965,81.07719493863101,260.77808414238774,5.856258532569862,0
71.6996673244418,6.691252578459935,35.77095066921193,113.1717764488608,4.666826359124454,1
35.89132829560984,13.493547884280275,66.17255604991763,2521.088936902679,6.030729070201289,0
73.69569681561978,7.907486041459736,26.77702466515997,24.15783871024495,4.553966136080687,1
78.17624799985084,14.732265977522951,59.70735599291625,54.20367226231568,6.418599033664974,0
99.241128323607,14.370107688138908,64.0442631939294,1.1208720929767066,7.328544233622541,0
65.30837714559179,3.740528591889915,63.0405165397097,137.91395467572954,4.946560418541819,1
46.41569051439223,5.410665295040068,67.36698316007647,325.649749465339,4.58152851961466,1
39.94142242666602,14.809562069658906,50.85632638717372,0.5794578762748815,4.604592624585881,1
41.84684595750734,9.552045797234666,36.111097081992,48.7689434287092,3.736795802197874,1
42.426773498841136,14.000962979158228,98.33428816791186,292.3958365393919,6.193393801176519,0
38.40020897739669,11.4678205356718,72.32653494979267,11.623934844935109,4.858398428579295,1
56.743898853681216,14.8159501793357,68.51301384095771,45.724011264135534,5.829603392941618,0
46.75421650489466,6.221265156421259,48.67854351838078,353.36439294950856,4.12933367786409,1
37.77860917192892,6.830139156907774,73.56759752925626,1135.8526136407168,4.969112515265981,1
68.57402987536136,1.2549130337113013,98.03022428469272,245.95500955162996,5.932336731702181,0
42.40834358874392,12.045946108604348,36.93291907231809,535.660996463815,4.276746424811641,1
94.17140878078496,2.6480190691404863,40.75093834197986,201.18060395102952,5.354776710380357,1
71.30501787261836,10.165973311722052,33.98377425628038,17.4753304173703,4.897048938974037,1
81.5342035964225,1.703828413235805,40.27059448788553,68.8274644415985,4.674282552037846,1
54.30621948688549,8.117286405113308,50.15520447904936,12.332692958518022,4.49479990083749,1
86.11410828065422,6.714571315616664,45.39812987344583,367.0090808303559,5.661469899406388,0
53.98361747688317,6.500373911689949,50.336653213443945,54.33092088031075,4.346647147087795,1
34.069211006510955,6.113129950467666,29.277424418336945,2069.8872190749967,3.8873477773948113,1
60.46011779140167,7.489711058093057,83.60282204950363,23.29330344377545,5.687107130672369,0
57.47470693706515,11.451728927065016,24.246386069385903,29.18577616192054,4.186145640351645,1
94.00760602336152,8.497041020494951,46.284779476666,7168.637093295843,9.582870273931858,0
82.4906787663408,8.265584367571444,20.92104905896264,66.90425407920524,4.787269186219258,1
52.148267829091296,7.19592485666117,20.84624309381717,102.28314956822,3.4820520664283943,1
76.56735857760478,14.833260386810103,75.35069982034622,3139.7970125345146,8.376439882662845,0
55.20168350989447,10.562921647868606,86.99034078823937,2.6719648726018868,5.875405711266121,0
45.13411679417724,2.3156728117709244,87.42482331085904,13.11435168634779,4.666233828113127,1
66.29491698850819,6.913810200559169,49.02546272803826,2857.5655375125493,6.242724350193667,0
47.70965734630249,13.15415782985212,55.74143274041824,19.64917126738484,4.905869644683552,1
50.75153831432692,8.939656317782456,29.42822512279487,57.05933640889833,3.835403586239618,1
47.157884280543264,10.15454420261689,96.05958629153812,79.74406581218288,5.823429413135655,0
95.1240960321428,1.517540936983128,94.51250326181122,339.9294353681481,6.962057750522435,0
51.81464603578486,10.903642940393777,40.4204204934439,2084.599669674113,5.417862585111145,1
50.35436412676903,9.346139118735037,59.56313838063576,13.84329094049104,4.742604273833583,1
56.96987869617193,4.286956531036196,83.41904765865777,100.0967787110878,5.260110620065774,1
33.76619881899078,2.775081183002681,44.42224190944152,16.0293874009001,2.9688380220435957,1
78.36944858668514,7.902962397449152,89.44784050970888,361.8883936896551,6.789453595348415,0
73.09179328102786,2.2535308239237684,73.19513525157349,27.29970880491569,5.358528725583153,1
62.03814487330303,3.632448455432459,21.78883757649781,56.80540613430318,3.5268384708374527,1
47.58125173697242,14.070406402574497,92.31856807888326,27.11604758448114,6.093405775895085,0
64.9182097348425,14.072372663815694,40.82553568877497,626.028851536486,5.541746152206762,0
33.84967915593572,9.376292407816834,39.11292852795672,26.14199666619233,3.4780752611909094,1
45.06199052677685,12.727599754184316,76.7171194021494,17.043265971969408,5.385274811539972,1
67.82849688967406,1.776685974992978,46.93657049714211,1109.9371193164566,4.853874147658752,1
53.862758994897774,1.2778521534842324,89.92661140660765,308.9268289497734,5.134557331817451,1
91.5621243759689,12.449711205750557,64.09760985924297,16.267194201235924,6.838517988491718,0
32.46724543910386,14.425042280673605,55.66567873349879,76.30732601603574,4.449318070644496,1
76.0488540085806,4.374603406272445,74.92300597773166,53.66795959343457,5.753938660099135,0
47.26799994650421,3.869820681585423,60.107163971058846,223.50454334882383,4.192669256824888,1
62.67420360053058,9.36243438628116,22.25159692407217,757.2197704182456,4.489369375580627,1
99.24847146752536,0.2816817856080755,82.36819380466676,2017.5526275635125,7.47792916518358,0
68.68154617678736,3.581897967400707,81.03162941309938,1392.1969819224762,6.232499017165785,0
46.84101417019117,1.4834416530067895,36.13647748393844,1202.1191645731087,3.707138638913033,1
78.81265935316789,11.0014326934506,68.93789303729905,176.63787427609287,6.409105371728793,0
45.47696890198351,13.31937534290104,62.2414133804778,12.40380190398994,5.024460592735773,1
32.04437846000077,3.364342190636682,80.33818378345072,17.460376886595718,4.037085059410519,1
35.08440830952017,14.848412283552568,95.85922695273628,123.64256609572251,5.825815652366012,0
92.83195746950004,8.496923187739648,54.65148242078087,13.895760340577134,6.209462970347681,0
34.95397521634746,12.658317971938612,96.15920136726275,150.11976531505888,5.623826729523172,0
78.76594712804948,9.603505186075346,62.44314363339684,2201.5281236185992,7.085046774540719,0
66.10386729779341,9.492628245253194,50.24956121717786,544.8957934664749,5.37335224968563,1
30.56212288351473,0.0264937450641777,36.18059659930823,26.37936588957416,2.3237418707710407,1
70.81475092344581,7.155321947352865,67.47294373809399,555.9567290872743,5.850288908359576,0
98.41948652655736,0.0992271507577358,52.924444779895055,16.80329514144354,5.542837167105642,0
50.77227642733517,12.815124446745488,54.36998961518143,63.02727019414933,4.975016825320473,1
59.95444127370266,4.945329108425412,70.53557832199978,604.913078785005,5.311234450843144,1
95.81733698632516,14.897435733798709,82.33273085123022,392.7900578779885,7.988814007308779,0
82.78604603592753,7.466709078155221,28.01536304203914,509.5039776143185,5.153325629320957,1
50.56607065765284,1.8104085403075176,37.27046647073894,35.408126892100846,3.339501737905084,1
91.98494702300523,13.673739784924413,76.88775353674812,3491.392413870053,9.09910067245012,0
94.95609445779364,12.549730150272165,67.48795614455629,5765.1677384767545,9.960439346914027,0
76.55002488656149,10.940899113582558,52.148804206603366,118.80859465088449,5.7799593303442585,0
60.703022699709535,10.777214706211796,62.79708188096441,15147.09877775162,12.963304223914305,0
47.01732750536321,11.860791599723044,65.62031899538557,852.0276811694987,5.46139567063315,0
78.78036728505691,10.690196336119486,80.55737448774354,302.38009101231154,6.788145605152687,0
76.86911455673601,14.641704101761247,81.46059568321164,26.25265455587848,6.995879190219854,0
30.320346178265986,10.47217926433382,26.631384826147222,41.86899563222199,3.079907816164549,1
41.156833659010445,11.644572737540589,91.4105022779268,3363.4695695083938,7.234780473206478,0
84.94327632363935,1.534502919189216,46.5624338853842,592.2439199867529,5.244176321419398,1
43.28862880090362,1.5618436413137244,39.27673598401008,469.31438559028834,3.300688788482964,1
62.58242963553791,4.432672693042556,98.22742825022472,2.2631368784255383,5.894518870671726,0
87.77264000983189,9.778805659187036,39.9283764791609,2813.0576994577027,7.093166310415658,0
31.898127838525863,8.78683328013079,98.7735685689982,6.094972939995114,5.120862985094057,1
76.94577579097583,14.996174580121057,23.392250292675747,14.35478329961544,5.28639339008122,1
31.18220205972029,5.491593226962231,76.47995310142012,21.021346871872595,4.101356671563575,1
49.11800917755032,1.8920350623868052,86.46978845514067,2.132541029476972,4.749083797509652,1
35.66496298814267,11.816925930228916,24.65072202142184,89.41348348005653,3.3925195149312817,1
76.92690284935999,11.138417357951758,57.08667184746509,1507.52190823865,6.657278959312853,0
50.6481566526129,9.100867697447152,93.83124339860272,216.66093701675257,5.85928080631569,0
50.2824471824578,7.858652646195051,35.90442153761174,3250.738357566038,5.499664976829188,0
62.03533741303056,7.311684378609538,46.86050030135419,1.376551619929013,4.619085219232766,1
55.27569929650669,14.976895551216204,29.487827056838825,60.83551103147207,4.623770094202789,1
63.67554830305885,1.841746814048569,30.380059503353483,9.758446377932176,3.647477621816782,1
87.4282938620415,6.623098883756443,20.18144488240629,1067.2890509414628,5.298529514800225,1
94.18084459426552,8.17278940929293,50.34525772274354,7.100980481686734,6.098420946623063,0
32.04227767762645,10.465208541034505,42.70521817600893,25.109491762209053,3.6219232523698808,1
59.40227604427861,12.099741994551753,32.28870358521284,46.55300823390412,4.578002852899656,1
37.32151343888922,13.47207781398491,60.199385392451234,355.06987921517015,4.823584820335182,1
47.10631518347639,7.081334238517468,83.70888606823775,152.10727551913843,5.179706250997504,1
72.60337192076321,12.68494711264444,38.16745127465457,68.69332981479239,5.351999791242005,1
69.29650413080722,3.2286442251420038,86.01084272807333,315.0225452536501,5.832561142215514,0
75.79605524094995,10.736948229002191,92.35119230655653,41.532256933550215,6.896838930201689,0
92.79654343333496,10.530985734825718,85.26765053668922,6.576773987571911,7.326278213910433,0
35.11099160829966,0.3145465909680306,49.14225479877427,148.7087459238809,2.984516340353958,1
48.02758401911454,13.087063267678449,48.87884564291711,109.39206863342612,4.750871091136652,1
47.01778791597511,9.15580270884024,45.71329625143225,1.5409998333852135,4.168461174982688,1
74.73416207990039,10.229232378537516,49.599890063799066,74.44328905715875,5.537508067492319,0
71.30835018654906,11.564044448505516,20.33780952996188,59.50323781475162,4.648624357118746,1
92.66843898418372,8.080441894187938,45.7860803866981,59.00611841788403,5.917867219596028,0
74.454288431482,7.916324755001456,53.96857408278582,489.1337398541392,5.63342810517007,0
50.80557300390207,7.283711336308437,22.545287036103883,649.2806608651995,3.7615929953026432,1
47.62107168013861,9.137971693118512,46.04051649906612,179.57114295992255,4.289641102969341,1
97.84869118832708,14.205519070578635,64.838111005732,70.6484859703272,7.31496712774807,0
96.50608220204737,1.150695433799317,59.4075107928683,1094.909112218356,6.304992711357054,0
38.00988892212153,14.335026464902478,60.68723085662323,72.10680445868113,4.810568531303146,1
65.5066196622251,5.84261215822048,90.20931853879809,78.04659121713804,5.949828854083563,0
98.20281993574076,8.621720230609085,96.63123220524147,7.912518939075017,7.693178046117321,0
37.52204814245087,3.723575829560452,50.395387989048416,11.160889677143045,3.390681593164104,1
37.20875179448368,2.291854815972767,47.03742663848429,669.4618807011835,3.463389292881744,1
69.15374652096835,2.031893965267913,45.17507209446848,19.283447672969736,4.334233144036065,1
55.72101571732051,7.7670192821151804,85.98871943451337,176.1522891158576,5.673280284497668,0
82.13377701364207,13.502812143258556,55.17018749500132,25.09154595160274,6.30328369269738,0
74.25300788825359,8.46059383393522,77.41912409871344,18.737100914514247,6.1481219723423255,0
64.93809535424475,2.7808020911984115,34.767270736162615,43.13000853085804,3.940187149639939,1
89.91291726068731,3.615574425445355,45.79994177961765,42.41937106257777,5.353282071891847,1
67.35395103685235,0.071532810066624,50.76199492435373,570.8465575499052,4.509594448986321,1
52.662179685611314,2.5692950676112947,78.43270154365499,24.116506284886245,4.728455993637675,1
84.27389603239428,1.7625542575211384,28.93132340106088,20.036120342193584,4.425169029250808,1
59.94313859493636,3.990130482911189,39.97967039069124,10849.48130089496,9.42086935425679,0
91.02335101631134,3.887393325780847,39.35437983375751,2781.1220542164087,6.600865795351468,0
68.41693619702639,10.64005972909296,32.884337079250045,17.595096625827512,4.796011081480766,1
84.43204076641122,5.755002002502183,94.6699928021306,199.174893742408,6.892469061841789,0
56.69313626924748,7.348969866669584,37.484392693789,269.2902419132996,4.261799339207178,1
59.72126542787491,7.681227976591622,26.869793303404716,119.39144843940478,4.022762938096003,1
51.71390133334936,11.119607981759367,50.82769478729751,51.18318666880244,4.7309392884632375,1
52.6386126341322,10.753440145392208,37.82138824321096,18.37724893173771,4.324718791666706,1
72.31802598649242,14.599699528382857,84.5536340205035,406.5734646957079,7.092586745260941,0
57.61492145906624,12.254195303768798,88.66532659482188,17.535382727425283,6.198743877947899,0
55.71874398692157,4.585834715617267,94.09262354077974,22.401097272745204,5.521312485898354,0
96.78524306362615,9.20194992391616,43.045103504128114,174.02308868785468,6.169969364404435,0
92.43959670327882,12.778971847210318,81.77684411946692,76.57400988558337,7.467073381378984,0
87.58413791446682,2.967310000478485,72.34020964708102,305.5837602140239,6.123094686145964,0
38.35909389936425,4.750821929734702,66.46846734432998,131.67977236892236,4.069339855462401,1
51.94389322139922,3.2810276721737406,34.99775308144069,63.75252751428948,3.487667352273708,1
91.14408662131648,14.121565820230124,36.69449071738234,2001.241467803777,7.15937550229903,0
79.7446903223534,9.756822133553088,35.223984030854595,88.2468774694773,5.266312785909822,1
49.53017525866208,7.349764055916624,57.18355589949772,97.83784017513224,4.480609013010643,1
87.0990568100022,11.095752152446655,46.98502032627975,20.393591194252583,6.0132848930302725,0
74.60292020073209,6.016805106948292,63.44634802791676,183.63278997312855,5.58100415454818,0
79.8905936207698,4.425463339714846,21.390433364234624,8759.34668134114,8.659556420399888,0
39.71082535295892,6.345886799834088,91.91800681083484,4563.97779091379,7.262550793883705,0
58.035627291685344,11.279681607141892,27.10650009745871,5.286089405219983,4.265231300007974,1
74.44084450787564,3.0486450347353458,42.38271989513579,38.4592183484972,4.573209489816883,1
86.6132795614992,9.190042462213018,84.85457674700929,14.630106628244553,6.936487784405672,0
93.4822038392696,0.549219980700032,75.3804196593354,203.55793485627933,6.157401708848989,0
51.50881644397128,3.554154572485844,85.21745162431975,1337.0176129852505,5.640800470229653,0
65.39461312087852,11.602723804882311,23.780369951205707,61.41191025761126,4.520173958988349,1
45.68188844742601,13.045459991795296,70.25420284748438,126.32676513117856,5.302611005066691,1
72.61790812583047,13.245497396679497,57.5327222345653,104.34519398730085,6.007420328731778,0
96.57910789887735,10.85195859192972,22.767849532777134,32330.381514856752,21.796586418559755,0
59.10857910555302,3.4458630586691434,63.28672678282644,448.8819570109102,4.831972252079283,1
77.12871352108702,12.05082050937171,32.32091333757683,165.80846273320907,5.342762223274561,1
65.6624881521004,11.297552019402596,68.32687013168346,7.038224907686688,5.809579944428623,0
54.20690435830334,13.85194806816631,61.21948046285525,241.8666166786451,5.510988703373745,0
85.70059683644357,12.360648824894938,45.99228370437754,50173.75592229389,31.13073522822551,0
65.75140362272828,8.657454095134764,98.57357946204162,22.079036797055775,6.464048456682384,0
50.22259855870233,11.141024845408776,99.61929700410558,22.171252710061367,6.1226709633671685,0
81.6446582206089,1.7639904611310375,79.05463758493863,3.971467565723723,5.81581023626848,0
96.15932185624968,10.2899716923198,42.34328419925133,294.95303419016767,6.293145086554592,0
49.903677482025245,12.67866348739606,33.812583032665174,112.26871803321671,4.334525298017179,1
65.77291236368961,3.940191360855328,50.24033027892738,26.900357812724916,4.545595717907301,1
33.40042969897906,4.515666673099869,37.27544662751119,176.8716200040713,2.994283064096521,1
79.69558112226053,13.567989855904356,74.77088208132027,3822.286234508159,8.698891810174544,0
68.04343174025638,0.5542674715715551,68.6671855423819,6.326287716621975,4.840342726897179,1
57.669900751156426,13.719157532512943,24.111880960242623,267.9373215496969,4.536036872879679,1
90.24307369589874,9.326299940962366,65.27937682299566,4.370461922492461,6.502919477583303,0
40.504612629891554,12.291678104160216,49.49687822534518,146.89877479635211,4.407708049770215,1
40.66149321038505,10.713830567854725,98.2602320288047,406.5260984999568,5.848912795314993,0
84.86316046220401,11.094998113463554,71.34786614506258,19.095600572075146,6.654010014472431,0
64.13046876973476,14.89699309293086,91.45396472643176,217.95886787729293,6.907516435814076,0
79.64005147993527,6.811166624744818,97.53499543950856,1351.9421550335685,7.468739662373934,0
41.951608556408026,5.595157342687022,37.69186868232066,41.26535612819179,3.388968815058739,1
73.88904318743795,11.24727336761678,54.93268867742063,817.4659572031522,6.137002703183391,0
47.45409712171704,4.756160212051707,51.44003068847819,22.045950323912795,3.928003801890154,1
74.22254847313854,11.877184421836992,60.331863064904994,3.1653631106146816,5.968158954611698,0
35.30392878847576,1.1192802010741114,71.93168157649826,51.859627136617135,3.7079654325096976,1
43.72515071253973,11.558956145423153,50.93120136774007,492.7470011291772,4.679211184640695,1
58.687727512992254,5.876615435618471,90.64250709163056,1080.5143217543118,6.19470301770761,0
88.37404719674758,1.7346593603633955,23.77988851163352,135.3706866452753,4.489509822577887,1
45.74620008795648,10.25785246637504,65.73017293643842,13.862353426579386,4.834469614962207,1
75.9197646658062,1.5262301619733871,63.30680459432661,528.7141389499292,5.3529748101343495,1
72.73456349026273,10.818221256592452,21.71016594166156,123.71274267930932,4.704366014859256,1
98.06253480118112,13.268735536029435,51.62090771934375,5.425823307822855,6.800715088884412,0
58.88998193623405,10.286587890320405,26.385310069519598,8.656394016804168,4.180145565575392,1
87.26931287449801,4.686704477952174,33.90553795765698,1768.3328350569905,5.860775519033342,0
66.71283574891063,2.74275051313541,94.94813689004954,647.648269917728,6.115056722930316,0
94.97287911132402,5.676666098007724,70.05240466702233,16.14958684739076,6.476228707688098,0
62.29477062474727,0.0430546271218229,84.91332791805476,691.6008908774025,5.389296570682417,1
46.6245099214521,10.1807305115608,90.84243809445888,80.59046410581108,5.648621822900836,0
59.43788368054793,9.897527187969729,67.0532071006059,4.365114531893352,5.381046836303014,1
75.51884970059021,6.820698570583648,63.80240138302714,200.03611803889748,5.716913945592236,0
98.51159277465962,13.118722223188,37.5295191489997,846.2573109755333,6.801350163262942,0
52.03278959140978,1.696410914266283,26.56784820850417,12.764114919687554,3.0543701787979884,1
66.7029201684374,7.804177300386978,82.93226476244806,1376.427133019428,6.62471604615935,0
62.4345344532949,10.627673977834425,83.6824363336088,43.49806353676286,6.092370897691884,0
41.83976146017947,9.86996594535525,67.02536292739202,26.014314957028624,4.684355098242979,1
58.040696588125655,4.05402012523282,52.91860930326992,106.2202868419583,4.367698298567386,1
89.93997513619419,7.411625974554653,62.95884498848477,15.71586042424401,6.235384882769898,0
89.07386495863076,5.704716251051099,68.58661909155848,882.055682615999,6.632052637505094,0
65.49209813129335,3.0171758171859127,49.10037763054898,62.70533378206844,4.425765502777829,1
51.295092699062806,13.007954652733243,73.60902100567773,404.268112977651,5.763003859894994,0
50.06472632862872,7.784476112239347,57.728392882103904,78.83116836851063,4.552304035016457,1
92.67758459343104,1.8358368329825556,84.62461466632043,291.2011795406024,6.575026096795411,0
81.43342201717014,13.845838697545767,78.57631439466155,39.15278828747813,7.018786576424968,0
93.9085412991878,4.34821250542713,51.81819322864711,1.2063264821372437,5.746311862610706,0
51.35945753527872,7.462222413242847,48.121933996001225,149.03685712107298,4.318776991176007,1
93.33909349719872,0.7626168293382779,57.58472083265143,1139.2226875862984,6.1069783915944695,0
85.78107988538171,7.78238479861201,32.29340814231311,2545.3945347586323,6.450981186925179,0
93.9379703413854,7.82067481144886,97.0510315938602,119.14439865254587,7.510689441942381,0
81.1838336028419,13.799194842444717,40.67674263496157,959.0238170655366,6.327087015939764,0
93.24408209172417,2.5381087950384003,91.88696510821978,464.3819829956485,6.972374107917225,0
59.64205139809621,12.63957133014282,76.00558616566337,420.3027911079119,6.139958169461988,0
35.51390247132323,5.588212122102467,43.361408388680935,332.8391430303427,3.4466391342387754,1
34.683258202258834,3.0047148575943967,23.56150612438281,134.69219957527378,2.4619930973689144,1
85.09267861524177,13.325615314494462,98.5461388059164,1.3242085937244743,7.693314944533471,0
34.677381811343544,14.931414037040948,67.63970868477107,1501.7289592710138,5.660292416336475,0
95.4461299474418,2.165419391487906,62.29495955366821,11.349397317719282,5.908910622315368,0
98.97003282290386,9.664208275541142,68.73248029368239,11598.05862632898,12.786225862445232,0
67.62649336331206,6.573351540955454,20.06294631793329,761.1042985944973,4.344835427463276,1
77.91166661878685,2.224714015000836,54.53721675526766,1838.8583780821048,5.894483757950639,0
94.80177950518402,4.727550423782598,35.02339908783152,964.2164574396264,5.797636423940379,0
81.47696756946621,7.684962251959,20.473378398450315,166.88054734512946,4.725216553600623,1
78.01356265465407,5.079943633866616,69.62769933677006,243.45886191276108,5.8390972806323065,0
77.7918452744798,4.850990239208059,21.342281519629797,168.95458473539938,4.321518572856591,1
38.151185155441325,7.362593988207219,22.3657866238964,8.190550915993347,2.9373756792132637,1
40.13355173034062,9.80181384564422,57.53850668666932,26.20183579509927,4.324779572275676,1
72.28252716811556,1.648501543300414,48.23817481122514,1238.6263883660615,5.122609679574449,1
81.74811807216754,11.297814140102776,81.7992632194842,220.69522414869616,6.9640316455558535,0
86.2563647414049,7.632703325789659,23.68364327969835,40.45580624708653,4.944262123749655,1
94.02266313399902,5.908090450303306,29.560526825805784,134.44505079808013,5.305753900563505,1
84.36315468435755,2.812869989593999,91.01084477956688,698.2145997720717,6.735245829606744,0
76.41395899639699,0.0728694172583455,31.76629096114062,1147.9184545521257,4.590793257691995,1
39.32472303501895,9.274501527193133,39.41599524162207,2718.202423640658,5.042020143189062,1
69.4623993555681,6.38241111806,88.95489950132504,436.213387894724,6.303490765015837,0
74.71843375619798,9.66294485237582,46.50116074329878,1719.525068322961,6.209829191945945,0
96.67483573569754,9.31570444432195,61.827976348022986,1.2408053974915445,6.654023566999532,0
42.20311186758352,7.381216634204803,81.87541914212765,9.198328771223933,4.887107876773262,1
88.22928524078185,8.005851770969883,61.76044431798587,76.35378005595872,6.220746806295818,0
86.81531481004419,12.637543391699776,25.408855894307443,75.07138829357244,5.536168302547755,0
48.814472715673446,11.180689247961086,49.76413624068417,1840.8034601616112,5.483973650724377,0
61.49035580347507,11.880479060808415,27.28338311634076,109.30152596440784,4.520814394692271,1
84.77676641109784,8.806431822390527,56.68029506373719,722.7174134228574,6.333481397306511,0
79.82762630627879,9.330462551748628,82.88661955178938,68.96307383362861,6.647231430896511,0
43.0356744254385,8.995612231233432,92.37936108518925,2051.7278614743523,6.418232963433737,0
53.32373191427182,6.303251355786653,89.54245890547438,55.721755389467326,5.477409057008503,0
31.670752107083327,5.519395973276719,28.998474106456253,9.342898756384344,2.693395354182885,1
31.300633897357955,5.941817004844151,70.31568728333215,193.78688986676843,4.052571119812082,1
76.81681083943229,5.351122169694399,63.99523702458395,51.80741208973036,5.553545467329115,0
37.80644159901967,14.001485011148809,26.34247527588525,21.7181460043587,3.7135394963544046,1
33.89333767867461,1.4804544122635628,80.54334507656355,509.04778972577935,4.174603195533137,1
36.27624897643967,4.49549670037941,49.76856512992833,7340.963004962297,7.064138085474527,0
89.48624181498971,14.26412722625476,53.68948951076228,400.4497497370496,6.816771955416456,0
48.31274083552189,4.6928827033610245,52.80499036641511,302.4880360701273,4.137191632784496,1
54.84952443824382,1.835555793510566,82.83677257956,3699.010433735458,6.712144951135339,0
43.02272407684955,5.731020888434677,95.62895044700817,157.75607196441007,5.241757601309899,1
46.23580249391316,8.30924593894354,44.97108218885718,1009.4853858669386,4.534231852250064,1
53.85496010480438,6.232826810332145,85.14321323938626,4.679560904099358,5.334117262859027,1
81.14299155806194,5.78171720954553,43.80220585143961,10.114156985694574,5.143014637313066,1
35.75569668812927,3.012993516723684,64.45319954972787,1014.3276424190058,4.172287026898879,1
40.23128920813756,14.688629740646997,92.89837575705234,7.422124886308858,5.868776877544927,0
53.196416757066174,1.8050044370225704,57.97529290862602,180.928219443856,4.138080010965613,1
89.31442930383636,5.694448569827179,59.87972904025067,13.537032156084,5.945182416421734,0
67.25258748091476,9.035057617086297,57.519422699268105,154.09060158938928,5.396237242717958,1
88.34881032464665,3.088201328738269,44.12684674112886,242.25173402439077,5.287703815105754,1
72.0374568398237,5.979824388741814,77.48767786067894,427.0999239588869,6.017661010266941,0
57.38485070437153,3.09520156265177,45.490499503952165,8.977211115151091,3.9741177751161785,1
89.67297659170808,14.56285593668139,53.01677700875995,492.3245043663971,6.879870219782459,0
61.71146922258005,13.941406993528837,58.07293996146211,122.6796778786706,5.666127506039284,0
67.53030675936412,8.57321822501908,51.167546093782256,20.906830783409408,5.104013891081646,1
30.926038062470884,10.97495316992009,81.4155774275013,46.476611292584,4.800242467962176,1
